{
	"credit": "Made with Blockbench",
	"textures": {
		"1": "block/spruce_door_bottom",
		"2": "block/dispenser_front"
	},
	"elements": [
		{
			"from": [5.84127, 6.47619, 0],
			"to": [8.38095, 7.74603, 13.5873],
			"faces": {
				"north": {"uv": [0, 4, 16, 10], "texture": "#1"},
				"east": {"uv": [0, 4, 16, 10], "texture": "#1"},
				"south": {"uv": [0, 4, 16, 10], "texture": "#1"},
				"west": {"uv": [0, 4, 16, 10], "texture": "#1"},
				"up": {"uv": [0, 4, 16, 10], "texture": "#1"},
				"down": {"uv": [0, 4, 16, 10], "texture": "#1"}
			}
		},
		{
			"from": [6.09523, 6.09524, 0],
			"to": [8.12699, 6.47619, 13.5873],
			"faces": {
				"north": {"uv": [0, 4, 16, 10], "texture": "#1"},
				"east": {"uv": [0, 4, 16, 10], "texture": "#1"},
				"south": {"uv": [0, 4, 16, 10], "texture": "#1"},
				"west": {"uv": [0, 4, 16, 10], "texture": "#1"},
				"up": {"uv": [0, 4, 16, 10], "texture": "#1"},
				"down": {"uv": [1, 0, 9, 16], "texture": "#1"}
			}
		},
		{
			"from": [6.22222, 6.09524, 13.07738],
			"to": [8, 8, 16.38095],
			"faces": {
				"north": {"uv": [0, 3, 11, 10], "texture": "#1"},
				"east": {"uv": [0, 3, 11, 10], "texture": "#1"},
				"south": {"uv": [0, 3, 11, 10], "texture": "#1"},
				"west": {"uv": [0, 3, 11, 10], "texture": "#1"},
				"up": {"uv": [0, 3, 11, 10], "texture": "#1"},
				"down": {"uv": [0, 3, 11, 10], "texture": "#1"}
			}
		},
		{
			"from": [6.3492, 6.81399, 12.95238],
			"to": [7.87302, 7.84375, 14.76861],
			"rotation": {"angle": -22.5, "axis": "x", "origin": [7.11111, 7.04762, 14.4127]},
			"faces": {
				"north": {"uv": [0, 4, 1, 5], "texture": "#1"},
				"east": {"uv": [0, 4, 1, 5], "texture": "#1"},
				"south": {"uv": [0, 4, 1, 5], "texture": "#1"},
				"west": {"uv": [0, 4, 1, 5], "texture": "#1"},
				"up": {"uv": [0, 4, 1, 5], "texture": "#1"},
				"down": {"uv": [0, 4, 1, 5], "texture": "#1"}
			}
		},
		{
			"from": [7.42956, 5.95065, 13.33333],
			"to": [7.87302, 7.74603, 16.25397],
			"rotation": {"angle": -45, "axis": "x", "origin": [6.98413, 7.04762, 14.4127]},
			"faces": {
				"north": {"uv": [3, 1, 4, 2], "texture": "#1"},
				"east": {"uv": [3, 1, 4, 2], "texture": "#1"},
				"south": {"uv": [3, 1, 4, 2], "texture": "#1"},
				"west": {"uv": [3, 1, 4, 2], "texture": "#1"},
				"up": {"uv": [3, 1, 4, 2], "texture": "#1"},
				"down": {"uv": [3, 1, 4, 2], "texture": "#1"}
			}
		},
		{
			"from": [6.3492, 5.95065, 13.33333],
			"to": [6.85714, 7.74603, 16.25397],
			"rotation": {"angle": -45, "axis": "x", "origin": [7.23809, 7.04762, 14.4127]},
			"faces": {
				"north": {"uv": [3, 1, 4, 2], "texture": "#1"},
				"east": {"uv": [3, 1, 4, 2], "texture": "#1"},
				"south": {"uv": [3, 1, 4, 2], "texture": "#1"},
				"west": {"uv": [3, 1, 4, 2], "texture": "#1"},
				"up": {"uv": [3, 1, 4, 2], "texture": "#1"},
				"down": {"uv": [3, 1, 4, 2], "texture": "#1"}
			}
		},
		{
			"from": [7.42956, 5.32961, 15.20883],
			"to": [7.87302, 8.844, 16.48859],
			"rotation": {"angle": 0, "axis": "x", "origin": [6.98413, 7.04762, 14.4127]},
			"faces": {
				"north": {"uv": [3, 1, 4, 2], "texture": "#1"},
				"east": {"uv": [3, 1, 4, 2], "texture": "#1"},
				"south": {"uv": [3, 1, 4, 2], "texture": "#1"},
				"west": {"uv": [3, 1, 4, 2], "texture": "#1"},
				"up": {"uv": [3, 1, 4, 2], "texture": "#1"},
				"down": {"uv": [3, 1, 4, 2], "texture": "#1"}
			}
		},
		{
			"from": [6.3492, 5.32961, 15.20883],
			"to": [6.85714, 8.844, 16.48859],
			"rotation": {"angle": 0, "axis": "x", "origin": [7.23809, 7.04762, 14.4127]},
			"faces": {
				"north": {"uv": [3, 1, 4, 2], "rotation": 90, "texture": "#1"},
				"east": {"uv": [3, 1, 4, 2], "rotation": 90, "texture": "#1"},
				"south": {"uv": [3, 1, 4, 2], "rotation": 90, "texture": "#1"},
				"west": {"uv": [3, 1, 4, 2], "rotation": 90, "texture": "#1"},
				"up": {"uv": [3, 1, 4, 2], "rotation": 90, "texture": "#1"},
				"down": {"uv": [3, 1, 4, 2], "rotation": 90, "texture": "#1"}
			}
		},
		{
			"from": [6.26909, 4.92349, 12.44308],
			"to": [7.95313, 6.82825, 17.67492],
			"rotation": {"angle": 22.5, "axis": "x", "origin": [7.11111, 6.96962, 16.16121]},
			"faces": {
				"north": {"uv": [0, 1, 8, 14], "texture": "#1"},
				"east": {"uv": [0, 1, 8, 14], "texture": "#1"},
				"south": {"uv": [0, 1, 8, 14], "texture": "#1"},
				"west": {"uv": [0, 1, 8, 14], "texture": "#1"},
				"up": {"uv": [0, 1, 8, 14], "texture": "#1"},
				"down": {"uv": [0, 1, 8, 14], "texture": "#1"}
			}
		},
		{
			"from": [7.11111, 4.01039, 13.82631],
			"to": [7.36508, 7.50518, 14.08027],
			"rotation": {"angle": 22.5, "axis": "x", "origin": [7.11111, 6.32922, 15.28662]},
			"faces": {
				"north": {"uv": [0, 4, 1, 5], "rotation": 180, "texture": "#1"},
				"east": {"uv": [0, 4, 1, 5], "rotation": 270, "texture": "#1"},
				"south": {"uv": [0, 4, 1, 5], "texture": "#1"},
				"west": {"uv": [0, 4, 1, 5], "rotation": 90, "texture": "#1"},
				"up": {"uv": [0, 4, 1, 5], "rotation": 180, "texture": "#1"},
				"down": {"uv": [0, 4, 1, 5], "texture": "#1"}
			}
		},
		{
			"from": [7.11111, 4.29652, 14.36712],
			"to": [7.36508, 4.7437, 14.62108],
			"rotation": {"angle": 45, "axis": "x", "origin": [7.23809, 6.31153, 13.83611]},
			"faces": {
				"north": {"uv": [0, 4, 1, 5], "rotation": 180, "texture": "#1"},
				"east": {"uv": [0, 4, 1, 5], "rotation": 270, "texture": "#1"},
				"south": {"uv": [0, 4, 1, 5], "texture": "#1"},
				"west": {"uv": [0, 4, 1, 5], "rotation": 90, "texture": "#1"},
				"up": {"uv": [0, 4, 1, 5], "rotation": 180, "texture": "#1"},
				"down": {"uv": [0, 4, 1, 5], "texture": "#1"}
			}
		},
		{
			"from": [7.11111, 4.37565, 12.44193],
			"to": [7.36508, 4.62961, 12.8891],
			"rotation": {"angle": -22.5, "axis": "x", "origin": [7.23809, 4.57953, 13.03465]},
			"faces": {
				"north": {"uv": [0, 4, 1, 5], "rotation": 180, "texture": "#1"},
				"east": {"uv": [0, 4, 1, 5], "rotation": 180, "texture": "#1"},
				"south": {"uv": [0, 4, 1, 5], "rotation": 180, "texture": "#1"},
				"west": {"uv": [0, 4, 1, 5], "rotation": 180, "texture": "#1"},
				"up": {"uv": [0, 4, 1, 5], "texture": "#1"},
				"down": {"uv": [0, 4, 1, 5], "texture": "#1"}
			}
		},
		{
			"from": [7.42956, 5.41531, 15.88173],
			"to": [7.87302, 8.33197, 17.53649],
			"rotation": {"angle": -22.5, "axis": "x", "origin": [6.98413, 5.96007, 15.74036]},
			"faces": {
				"north": {"uv": [3, 1, 4, 2], "texture": "#1"},
				"east": {"uv": [3, 1, 4, 2], "texture": "#1"},
				"south": {"uv": [3, 1, 4, 2], "texture": "#1"},
				"west": {"uv": [3, 1, 4, 2], "texture": "#1"},
				"up": {"uv": [3, 1, 4, 2], "texture": "#1"},
				"down": {"uv": [3, 1, 4, 2], "texture": "#1"}
			}
		},
		{
			"from": [6.66765, 4.68093, 15.45985],
			"to": [7.61905, 7.5976, 17.11461],
			"rotation": {"angle": -22.5, "axis": "x", "origin": [7.11111, 5.96007, 15.74036]},
			"faces": {
				"north": {"uv": [0, 4, 1, 5], "rotation": 180, "texture": "#1"},
				"east": {"uv": [0, 4, 1, 5], "rotation": 270, "texture": "#1"},
				"south": {"uv": [0, 4, 1, 5], "texture": "#1"},
				"west": {"uv": [0, 4, 1, 5], "rotation": 90, "texture": "#1"},
				"up": {"uv": [0, 4, 1, 5], "rotation": 180, "texture": "#1"},
				"down": {"uv": [0, 4, 1, 5], "texture": "#1"}
			}
		},
		{
			"from": [6.3492, 5.34068, 15.88173],
			"to": [6.85714, 8.33197, 17.53649],
			"rotation": {"angle": -22.5, "axis": "x", "origin": [7.23809, 5.96007, 15.74036]},
			"faces": {
				"north": {"uv": [3, 1, 4, 2], "rotation": 90, "texture": "#1"},
				"east": {"uv": [3, 1, 4, 2], "rotation": 90, "texture": "#1"},
				"south": {"uv": [3, 1, 4, 2], "rotation": 90, "texture": "#1"},
				"west": {"uv": [3, 1, 4, 2], "rotation": 90, "texture": "#1"},
				"up": {"uv": [3, 1, 4, 2], "rotation": 90, "texture": "#1"},
				"down": {"uv": [3, 1, 4, 2], "rotation": 90, "texture": "#1"}
			}
		},
		{
			"from": [6.26909, 4.87028, 17.0332],
			"to": [7.96875, 5.56957, 17.52855],
			"rotation": {"angle": -22.5, "axis": "x", "origin": [7.11111, 5.96007, 15.74036]},
			"faces": {
				"north": {"uv": [0, 1, 4, 6], "texture": "#1"},
				"east": {"uv": [0, 1, 4, 6], "texture": "#1"},
				"south": {"uv": [0, 1, 4, 6], "texture": "#1"},
				"west": {"uv": [0, 1, 4, 6], "texture": "#1"},
				"up": {"uv": [0, 1, 4, 6], "texture": "#1"},
				"down": {"uv": [0, 1, 4, 6], "texture": "#1"}
			}
		},
		{
			"from": [6.25347, 1.79362, 15.13472],
			"to": [7.96875, 5.88439, 17.37395],
			"rotation": {"angle": 0, "axis": "x", "origin": [7.11111, 3.83901, 16.98493]},
			"faces": {
				"north": {"uv": [0, 1, 10, 10], "rotation": 270, "texture": "#1"},
				"east": {"uv": [0, 1, 10, 10], "rotation": 270, "texture": "#1"},
				"south": {"uv": [0, 1, 10, 10], "rotation": 270, "texture": "#1"},
				"west": {"uv": [0, 1, 10, 10], "rotation": 270, "texture": "#1"},
				"up": {"uv": [0, 1, 10, 10], "rotation": 270, "texture": "#1"},
				"down": {"uv": [0, 1, 10, 10], "rotation": 270, "texture": "#1"}
			}
		},
		{
			"from": [6.23784, 4.27848, 14.47609],
			"to": [7.98438, 7.29718, 16.96911],
			"rotation": {"angle": -45, "axis": "x", "origin": [7.11111, 5.96007, 15.74036]},
			"faces": {
				"north": {"uv": [0, 1, 10, 10], "rotation": 270, "texture": "#1"},
				"east": {"uv": [0, 1, 10, 10], "rotation": 270, "texture": "#1"},
				"south": {"uv": [0, 1, 10, 10], "rotation": 270, "texture": "#1"},
				"west": {"uv": [0, 1, 10, 10], "rotation": 270, "texture": "#1"},
				"up": {"uv": [0, 1, 10, 10], "rotation": 270, "texture": "#1"},
				"down": {"uv": [0, 1, 10, 10], "rotation": 270, "texture": "#1"}
			}
		},
		{
			"from": [5.96825, 6.73016, 0],
			"to": [8.25397, 8, 13.07937],
			"faces": {
				"north": {"uv": [3, 0, 7, 16], "texture": "#1"},
				"east": {"uv": [3, 0, 7, 16], "texture": "#1"},
				"south": {"uv": [3, 0, 7, 16], "texture": "#1"},
				"west": {"uv": [3, 0, 7, 16], "texture": "#1"},
				"up": {"uv": [3, 0, 7, 16], "texture": "#1"},
				"down": {"uv": [0, 1, 2, 16], "texture": "#2"}
			}
		},
		{
			"from": [5.96825, 6.73016, 0],
			"to": [8.25397, 8, 13.07937],
			"faces": {
				"north": {"uv": [3, 0, 7, 16], "texture": "#1"},
				"east": {"uv": [3, 0, 7, 16], "texture": "#1"},
				"south": {"uv": [3, 0, 7, 16], "texture": "#1"},
				"west": {"uv": [0, 4, 16, 10], "texture": "#1"},
				"up": {"uv": [3, 0, 7, 16], "texture": "#1"},
				"down": {"uv": [0, 1, 2, 16], "texture": "#2"}
			}
		},
		{
			"from": [4.8254, 6.34921, -1.39683],
			"to": [9.39683, 8, 0],
			"faces": {
				"north": {"uv": [2, 13, 3, 14], "texture": "#2"},
				"east": {"uv": [2, 13, 3, 14], "texture": "#2"},
				"south": {"uv": [2, 13, 3, 14], "texture": "#2"},
				"west": {"uv": [2, 13, 3, 14], "texture": "#2"},
				"up": {"uv": [2, 13, 3, 14], "texture": "#2"},
				"down": {"uv": [2, 13, 3, 14], "texture": "#2"}
			}
		},
		{
			"from": [6.09524, 6.47619, -1.77778],
			"to": [8.12698, 7.74603, 0],
			"faces": {
				"north": {"uv": [10, 0, 14, 4], "texture": "#1"},
				"east": {"uv": [2, 13, 3, 14], "texture": "#2"},
				"south": {"uv": [2, 13, 3, 14], "texture": "#2"},
				"west": {"uv": [2, 13, 3, 14], "texture": "#2"},
				"up": {"uv": [2, 13, 3, 14], "texture": "#2"},
				"down": {"uv": [2, 13, 3, 14], "texture": "#2"}
			}
		},
		{
			"from": [8.25397, 6.34921, -1.39683],
			"to": [9.39683, 8.38095, 0],
			"faces": {
				"north": {"uv": [2, 13, 3, 14], "texture": "#2"},
				"east": {"uv": [2, 13, 3, 14], "texture": "#2"},
				"south": {"uv": [2, 13, 3, 14], "texture": "#2"},
				"west": {"uv": [2, 13, 3, 14], "texture": "#2"},
				"up": {"uv": [2, 13, 3, 14], "texture": "#2"},
				"down": {"uv": [2, 13, 3, 14], "texture": "#2"}
			}
		},
		{
			"from": [4.8254, 6.34921, -1.39683],
			"to": [5.96825, 8.38095, 0],
			"faces": {
				"north": {"uv": [2, 13, 3, 14], "texture": "#2"},
				"east": {"uv": [2, 13, 3, 14], "texture": "#2"},
				"south": {"uv": [2, 13, 3, 14], "texture": "#2"},
				"west": {"uv": [2, 13, 3, 14], "texture": "#2"},
				"up": {"uv": [2, 13, 3, 14], "texture": "#2"},
				"down": {"uv": [2, 13, 3, 14], "texture": "#2"}
			}
		},
		{
			"from": [4.49471, 6.34921, -1.39683],
			"to": [5.63757, 8.38095, -0.59985],
			"rotation": {"angle": 45, "axis": "y", "origin": [5.38276, 7.37571, -0.69496]},
			"faces": {
				"north": {"uv": [2, 13, 3, 14], "texture": "#2"},
				"east": {"uv": [2, 13, 3, 14], "texture": "#2"},
				"south": {"uv": [2, 13, 3, 14], "texture": "#2"},
				"west": {"uv": [2, 13, 3, 14], "texture": "#2"},
				"up": {"uv": [2, 13, 3, 14], "texture": "#2"},
				"down": {"uv": [2, 13, 3, 14], "texture": "#2"}
			}
		},
		{
			"from": [7.73238, 6.34921, 1.83316],
			"to": [8.62127, 8.38095, 2.63013],
			"rotation": {"angle": 45, "axis": "y", "origin": [5.38276, 7.37571, -0.69496]},
			"faces": {
				"north": {"uv": [2, 13, 3, 14], "texture": "#2"},
				"east": {"uv": [2, 13, 3, 14], "texture": "#2"},
				"south": {"uv": [2, 13, 3, 14], "texture": "#2"},
				"west": {"uv": [2, 13, 3, 14], "texture": "#2"},
				"up": {"uv": [2, 13, 3, 14], "texture": "#2"},
				"down": {"uv": [2, 13, 3, 14], "texture": "#2"}
			}
		},
		{
			"from": [6.54067, 6.09524, -1.39683],
			"to": [7.68353, 8.12698, 0],
			"rotation": {"angle": 0, "axis": "y", "origin": [7.9375, 8, 8]},
			"faces": {
				"north": {"uv": [2, 13, 3, 14], "texture": "#2"},
				"east": {"uv": [2, 13, 3, 14], "texture": "#2"},
				"south": {"uv": [2, 13, 3, 14], "texture": "#2"},
				"west": {"uv": [2, 13, 3, 14], "texture": "#2"},
				"up": {"uv": [2, 13, 3, 14], "texture": "#2"},
				"down": {"uv": [2, 13, 3, 14], "texture": "#2"}
			}
		},
		{
			"from": [6.92163, 6.09524, -1.39683],
			"to": [7.30258, 8.38095, 0],
			"rotation": {"angle": 0, "axis": "y", "origin": [7.9375, 8, 8]},
			"faces": {
				"north": {"uv": [2, 13, 3, 14], "texture": "#2"},
				"east": {"uv": [2, 13, 3, 14], "texture": "#2"},
				"south": {"uv": [2, 13, 3, 14], "texture": "#2"},
				"west": {"uv": [2, 13, 3, 14], "texture": "#2"},
				"up": {"uv": [2, 13, 3, 14], "texture": "#2"},
				"down": {"uv": [2, 13, 3, 14], "texture": "#2"}
			}
		},
		{
			"from": [7.04861, 6.32962, -1.39683],
			"to": [7.1756, 8.0625, 12.69841],
			"rotation": {"angle": 0, "axis": "y", "origin": [7.9375, 8, 8]},
			"faces": {
				"north": {"uv": [2, 13, 3, 14], "texture": "#2"},
				"east": {"uv": [2, 13, 3, 14], "texture": "#2"},
				"south": {"uv": [2, 13, 3, 14], "texture": "#2"},
				"west": {"uv": [2, 13, 3, 14], "texture": "#2"},
				"up": {"uv": [2, 13, 3, 14], "texture": "#2"},
				"down": {"uv": [2, 13, 3, 14], "texture": "#2"}
			}
		},
		{
			"from": [7.04861, 8.31647, 3.17459],
			"to": [7.1756, 8.44345, 12.19047],
			"rotation": {"angle": 0, "axis": "y", "origin": [7.9375, 8, 12.44444]},
			"faces": {
				"north": {"uv": [0, 1, 1, 10], "texture": "#1"},
				"east": {"uv": [0, 1, 1, 10], "texture": "#1"},
				"south": {"uv": [0, 1, 1, 10], "texture": "#1"},
				"west": {"uv": [0, 1, 1, 10], "texture": "#1"},
				"up": {"uv": [0, 1, 1, 10], "texture": "#1"},
				"down": {"uv": [0, 1, 1, 10], "texture": "#1"}
			}
		},
		{
			"from": [6.98611, 8.31647, 2.53967],
			"to": [7.2381, 8.44345, 3.42856],
			"rotation": {"angle": 0, "axis": "y", "origin": [7.9375, 8, 12.44444]},
			"faces": {
				"north": {"uv": [0, 10, 1, 11], "texture": "#1"},
				"east": {"uv": [0, 10, 1, 11], "texture": "#1"},
				"south": {"uv": [0, 10, 1, 11], "texture": "#1"},
				"west": {"uv": [0, 10, 1, 11], "texture": "#1"},
				"up": {"uv": [0, 10, 1, 11], "texture": "#1"},
				"down": {"uv": [0, 10, 1, 11], "texture": "#1"}
			}
		},
		{
			"from": [7.0464, 8.25484, 2.53967],
			"to": [7.17338, 8.50683, 3.42856],
			"rotation": {"angle": 0, "axis": "z", "origin": [7.09493, 8.39492, 2.98636]},
			"faces": {
				"north": {"uv": [0, 10, 1, 11], "rotation": 90, "texture": "#1"},
				"east": {"uv": [0, 10, 1, 11], "rotation": 270, "texture": "#1"},
				"south": {"uv": [0, 10, 1, 11], "rotation": 270, "texture": "#1"},
				"west": {"uv": [0, 10, 1, 11], "rotation": 270, "texture": "#1"},
				"up": {"uv": [0, 10, 1, 11], "rotation": 270, "texture": "#1"},
				"down": {"uv": [0, 10, 1, 11], "rotation": 270, "texture": "#1"}
			}
		},
		{
			"from": [6.85913, 8.31647, 2.92063],
			"to": [7.36508, 8.44345, 3.55555],
			"rotation": {"angle": 0, "axis": "y", "origin": [7.9375, 8, 12.44444]},
			"faces": {
				"north": {"uv": [0, 10, 1, 11], "texture": "#1"},
				"east": {"uv": [0, 10, 1, 11], "texture": "#1"},
				"south": {"uv": [0, 10, 1, 11], "texture": "#1"},
				"west": {"uv": [0, 10, 1, 11], "texture": "#1"},
				"up": {"uv": [0, 10, 1, 11], "texture": "#1"},
				"down": {"uv": [0, 10, 1, 11], "texture": "#1"}
			}
		},
		{
			"from": [7.0464, 8.15822, 2.92063],
			"to": [7.17338, 8.66418, 3.55555],
			"rotation": {"angle": 0, "axis": "z", "origin": [7.09538, 8.39447, 3.24033]},
			"faces": {
				"north": {"uv": [0, 10, 1, 11], "rotation": 90, "texture": "#1"},
				"east": {"uv": [0, 10, 1, 11], "rotation": 270, "texture": "#1"},
				"south": {"uv": [0, 10, 1, 11], "rotation": 270, "texture": "#1"},
				"west": {"uv": [0, 10, 1, 11], "rotation": 270, "texture": "#1"},
				"up": {"uv": [0, 10, 1, 11], "rotation": 270, "texture": "#1"},
				"down": {"uv": [0, 10, 1, 11], "rotation": 270, "texture": "#1"}
			}
		},
		{
			"from": [7.1131, 8.0625, 11.17459],
			"to": [7.1131, 8.8244, 12.19047],
			"rotation": {"angle": 0, "axis": "y", "origin": [7.9375, 8, 12.44444]},
			"faces": {
				"north": {"uv": [11, 0, 12, 1], "texture": "#1"},
				"east": {"uv": [11, 0, 12, 1], "texture": "#1"},
				"south": {"uv": [11, 0, 12, 1], "texture": "#1"},
				"west": {"uv": [11, 0, 12, 1], "texture": "#1"},
				"up": {"uv": [11, 0, 12, 1], "texture": "#1"},
				"down": {"uv": [11, 0, 12, 1], "texture": "#1"}
			}
		},
		{
			"from": [6.72982, 8.38416, 11.17459],
			"to": [7.49173, 8.38416, 12.19047],
			"rotation": {"angle": 0, "axis": "z", "origin": [7.11033, 8.4439, 11.3039]},
			"faces": {
				"north": {"uv": [11, 0, 12, 1], "rotation": 270, "texture": "#1"},
				"east": {"uv": [11, 0, 12, 1], "rotation": 270, "texture": "#1"},
				"south": {"uv": [11, 0, 12, 1], "rotation": 270, "texture": "#1"},
				"west": {"uv": [11, 0, 12, 1], "rotation": 270, "texture": "#1"},
				"up": {"uv": [11, 0, 12, 1], "rotation": 270, "texture": "#1"},
				"down": {"uv": [11, 0, 12, 1], "rotation": 270, "texture": "#1"}
			}
		},
		{
			"from": [0.46536, 7.74603, -0.41584],
			"to": [5.16378, 8.38095, 0.19657],
			"rotation": {"angle": 22.5, "axis": "y", "origin": [2.52673, 7.36961, -0.05506]},
			"faces": {
				"north": {"uv": [2, 13, 3, 14], "texture": "#2"},
				"east": {"uv": [2, 13, 3, 14], "texture": "#2"},
				"south": {"uv": [2, 13, 3, 14], "texture": "#2"},
				"west": {"uv": [2, 13, 3, 14], "texture": "#2"},
				"up": {"uv": [2, 13, 3, 14], "texture": "#2"},
				"down": {"uv": [2, 13, 3, 14], "texture": "#2"}
			}
		},
		{
			"from": [9.19816, 7.74603, 0.26092],
			"to": [13.83209, 8.38095, 0.87332],
			"rotation": {"angle": -22.5, "axis": "y", "origin": [13.47327, 7.36961, -0.05506]},
			"faces": {
				"north": {"uv": [3, 13, 2, 14], "texture": "#2"},
				"east": {"uv": [3, 13, 2, 14], "texture": "#2"},
				"south": {"uv": [3, 13, 2, 14], "texture": "#2"},
				"west": {"uv": [3, 13, 2, 14], "texture": "#2"},
				"up": {"uv": [3, 13, 2, 14], "texture": "#2"},
				"down": {"uv": [3, 13, 2, 14], "texture": "#2"}
			}
		},
		{
			"from": [0.46536, 6.34921, -0.41584],
			"to": [5.16378, 6.98413, 0.19657],
			"rotation": {"angle": 22.5, "axis": "y", "origin": [2.52673, 7.36961, -0.05506]},
			"faces": {
				"north": {"uv": [2, 13, 3, 14], "texture": "#2"},
				"east": {"uv": [2, 13, 3, 14], "texture": "#2"},
				"south": {"uv": [2, 13, 3, 14], "texture": "#2"},
				"west": {"uv": [2, 13, 3, 14], "texture": "#2"},
				"up": {"uv": [2, 13, 3, 14], "texture": "#2"},
				"down": {"uv": [2, 13, 3, 14], "texture": "#2"}
			}
		},
		{
			"from": [9.19816, 6.34921, 0.26092],
			"to": [13.83209, 6.98413, 0.87332],
			"rotation": {"angle": -22.5, "axis": "y", "origin": [13.47327, 7.36961, -0.05506]},
			"faces": {
				"north": {"uv": [3, 13, 2, 14], "texture": "#2"},
				"east": {"uv": [3, 13, 2, 14], "texture": "#2"},
				"south": {"uv": [3, 13, 2, 14], "texture": "#2"},
				"west": {"uv": [3, 13, 2, 14], "texture": "#2"},
				"up": {"uv": [3, 13, 2, 14], "texture": "#2"},
				"down": {"uv": [3, 13, 2, 14], "texture": "#2"}
			}
		},
		{
			"from": [4.27489, 6.34921, -0.41584],
			"to": [5.16378, 8, 0.19657],
			"rotation": {"angle": 22.5, "axis": "y", "origin": [2.52673, 7.36961, -0.05506]},
			"faces": {
				"north": {"uv": [2, 13, 3, 14], "texture": "#2"},
				"east": {"uv": [2, 13, 3, 14], "texture": "#2"},
				"south": {"uv": [2, 13, 3, 14], "texture": "#2"},
				"west": {"uv": [2, 13, 3, 14], "texture": "#2"},
				"up": {"uv": [2, 13, 3, 14], "texture": "#2"},
				"down": {"uv": [2, 13, 3, 14], "texture": "#2"}
			}
		},
		{
			"from": [9.19816, 6.34921, 0.26092],
			"to": [10.08705, 8, 0.87332],
			"rotation": {"angle": -22.5, "axis": "y", "origin": [13.47327, 7.36961, -0.05506]},
			"faces": {
				"north": {"uv": [3, 13, 2, 14], "texture": "#2"},
				"east": {"uv": [3, 13, 2, 14], "texture": "#2"},
				"south": {"uv": [3, 13, 2, 14], "texture": "#2"},
				"west": {"uv": [3, 13, 2, 14], "texture": "#2"},
				"up": {"uv": [3, 13, 2, 14], "texture": "#2"},
				"down": {"uv": [3, 13, 2, 14], "texture": "#2"}
			}
		},
		{
			"from": [0.46536, 6.34921, -0.41584],
			"to": [1.48124, 8.38095, 0.19657],
			"rotation": {"angle": 22.5, "axis": "y", "origin": [2.52673, 7.36961, -0.05506]},
			"faces": {
				"north": {"uv": [2, 13, 3, 14], "texture": "#2"},
				"east": {"uv": [2, 13, 3, 14], "texture": "#2"},
				"south": {"uv": [2, 13, 3, 14], "texture": "#2"},
				"west": {"uv": [2, 13, 3, 14], "texture": "#2"},
				"up": {"uv": [2, 13, 3, 14], "texture": "#2"},
				"down": {"uv": [2, 13, 3, 14], "texture": "#2"}
			}
		},
		{
			"from": [-1.56638, 6.34921, -0.79679],
			"to": [1.66205, 8.38095, -0.18439],
			"rotation": {"angle": 45, "axis": "y", "origin": [2.52673, 7.36961, 1.21478]},
			"faces": {
				"north": {"uv": [2, 13, 3, 14], "texture": "#2"},
				"east": {"uv": [2, 13, 3, 14], "texture": "#2"},
				"south": {"uv": [2, 13, 3, 14], "texture": "#2"},
				"west": {"uv": [2, 13, 3, 14], "texture": "#2"},
				"up": {"uv": [2, 13, 3, 14], "texture": "#2"},
				"down": {"uv": [2, 13, 3, 14], "texture": "#2"}
			}
		},
		{
			"from": [-1.78548, 6.35023, 2.69116],
			"to": [-0.96974, 8.37822, 4.21534],
			"rotation": {"angle": 0, "axis": "x", "origin": [-0.44174, 7.36123, 1.77535]},
			"faces": {
				"north": {"uv": [2, 13, 3, 14], "rotation": 180, "texture": "#2"},
				"east": {"uv": [2, 13, 3, 14], "rotation": 270, "texture": "#2"},
				"south": {"uv": [2, 13, 3, 14], "texture": "#2"},
				"west": {"uv": [2, 13, 3, 14], "rotation": 90, "texture": "#2"},
				"up": {"uv": [2, 13, 3, 14], "rotation": 180, "texture": "#2"},
				"down": {"uv": [2, 13, 3, 14], "texture": "#2"}
			}
		},
		{
			"from": [-1.86615, 8.33208, 7.53221],
			"to": [10.62684, 8.37822, 7.55676],
			"rotation": {"angle": -45, "axis": "y", "origin": [2.95326, 8.35515, 5.89171]},
			"faces": {
				"north": {"uv": [2, 13, 3, 14], "rotation": 180, "texture": "#2"},
				"east": {"uv": [2, 13, 3, 14], "rotation": 270, "texture": "#2"},
				"south": {"uv": [2, 13, 3, 14], "texture": "#2"},
				"west": {"uv": [2, 13, 3, 14], "rotation": 90, "texture": "#2"},
				"up": {"uv": [2, 13, 3, 14], "rotation": 180, "texture": "#2"},
				"down": {"uv": [2, 13, 3, 14], "texture": "#2"}
			}
		},
		{
			"from": [3.63058, 8.33208, 7.53489],
			"to": [15.9321, 8.37822, 7.55943],
			"rotation": {"angle": 45, "axis": "y", "origin": [11.36667, 8.36472, 5.88987]},
			"faces": {
				"north": {"uv": [2, 13, 3, 14], "rotation": 180, "texture": "#2"},
				"east": {"uv": [2, 13, 3, 14], "rotation": 270, "texture": "#2"},
				"south": {"uv": [2, 13, 3, 14], "texture": "#2"},
				"west": {"uv": [2, 13, 3, 14], "rotation": 90, "texture": "#2"},
				"up": {"uv": [2, 13, 3, 14], "rotation": 180, "texture": "#2"},
				"down": {"uv": [2, 13, 3, 14], "texture": "#2"}
			}
		},
		{
			"from": [15.18032, 6.35023, 2.69116],
			"to": [15.99605, 8.37822, 4.21534],
			"rotation": {"angle": 0, "axis": "x", "origin": [-0.44174, 7.36123, 1.77535]},
			"faces": {
				"north": {"uv": [2, 13, 3, 14], "rotation": 180, "texture": "#2"},
				"east": {"uv": [2, 13, 3, 14], "rotation": 270, "texture": "#2"},
				"south": {"uv": [2, 13, 3, 14], "texture": "#2"},
				"west": {"uv": [2, 13, 3, 14], "rotation": 90, "texture": "#2"},
				"up": {"uv": [2, 13, 3, 14], "rotation": 180, "texture": "#2"},
				"down": {"uv": [2, 13, 3, 14], "texture": "#2"}
			}
		},
		{
			"from": [12.8807, 6.34921, 0.26092],
			"to": [13.83209, 8.38095, 0.87332],
			"rotation": {"angle": -22.5, "axis": "y", "origin": [13.47327, 7.36961, -0.05506]},
			"faces": {
				"north": {"uv": [3, 13, 2, 14], "texture": "#2"},
				"east": {"uv": [3, 13, 2, 14], "texture": "#2"},
				"south": {"uv": [3, 13, 2, 14], "texture": "#2"},
				"west": {"uv": [3, 13, 2, 14], "texture": "#2"},
				"up": {"uv": [3, 13, 2, 14], "texture": "#2"},
				"down": {"uv": [3, 13, 2, 14], "texture": "#2"}
			}
		},
		{
			"from": [14.47357, 6.34921, 0.56593],
			"to": [15.08597, 8.38095, 3.84051],
			"rotation": {"angle": 45, "axis": "y", "origin": [14.1451, 7.38602, 2.15846]},
			"faces": {
				"north": {"uv": [3, 13, 2, 14], "texture": "#2"},
				"east": {"uv": [3, 13, 2, 14], "texture": "#2"},
				"south": {"uv": [3, 13, 2, 14], "texture": "#2"},
				"west": {"uv": [3, 13, 2, 14], "texture": "#2"},
				"up": {"uv": [3, 13, 2, 14], "rotation": 270, "texture": "#2"},
				"down": {"uv": [3, 13, 2, 14], "rotation": 90, "texture": "#2"}
			}
		},
		{
			"from": [6.34921, 7.36508, 12.57143],
			"to": [7.87302, 8.63492, 13.20635],
			"faces": {
				"north": {"uv": [3, 1, 7, 4], "texture": "#1"},
				"east": {"uv": [3, 1, 7, 4], "texture": "#1"},
				"south": {"uv": [3, 1, 7, 4], "texture": "#1"},
				"west": {"uv": [3, 1, 7, 4], "texture": "#1"},
				"up": {"uv": [3, 1, 7, 4], "texture": "#1"},
				"down": {"uv": [3, 1, 7, 4], "texture": "#1"}
			}
		},
		{
			"from": [8.25397, 7.61905, 0],
			"to": [8.63492, 8.25397, 13.07937],
			"faces": {
				"north": {"uv": [1, 1, 15, 3], "texture": "#2"},
				"east": {"uv": [1, 1, 15, 3], "texture": "#2"},
				"south": {"uv": [1, 1, 3, 3], "texture": "#2"},
				"west": {"uv": [1, 1, 15, 3], "texture": "#2"},
				"up": {"uv": [1, 1, 2, 14], "texture": "#2"},
				"down": {"uv": [1, 1, 15, 3], "texture": "#2"}
			}
		},
		{
			"from": [8.25397, 8.43743, 0],
			"to": [8.63492, 8.50794, 11.68254],
			"faces": {
				"north": {"uv": [0, 0, 16, 1], "texture": "#2"},
				"east": {"uv": [0, 0, 16, 1], "texture": "#2"},
				"south": {"uv": [0, 0, 16, 1], "texture": "#2"},
				"west": {"uv": [0, 0, 16, 1], "texture": "#2"},
				"up": {"uv": [0, 0, 16, 1], "texture": "#2"},
				"down": {"uv": [0, 0, 16, 1], "texture": "#2"}
			}
		},
		{
			"from": [5.5873, 7.61905, 0],
			"to": [5.96825, 8.25397, 13.07937],
			"faces": {
				"north": {"uv": [1, 1, 15, 3], "texture": "#2"},
				"east": {"uv": [1, 1, 15, 3], "texture": "#2"},
				"south": {"uv": [1, 1, 3, 3], "texture": "#2"},
				"west": {"uv": [1, 1, 15, 3], "texture": "#2"},
				"up": {"uv": [1, 1, 2, 15], "texture": "#2"},
				"down": {"uv": [1, 1, 15, 3], "texture": "#2"}
			}
		},
		{
			"from": [5.5873, 8.43743, 0],
			"to": [5.96825, 8.50794, 11.68254],
			"faces": {
				"north": {"uv": [0, 0, 16, 1], "texture": "#2"},
				"east": {"uv": [0, 0, 16, 1], "texture": "#2"},
				"south": {"uv": [0, 0, 16, 1], "texture": "#2"},
				"west": {"uv": [0, 0, 16, 1], "texture": "#2"},
				"up": {"uv": [0, 0, 16, 1], "texture": "#2"},
				"down": {"uv": [0, 0, 16, 1], "texture": "#2"}
			}
		}
	],
	"gui_light": "front",
	"display": {
		"thirdperson_righthand": {
			"translation": [-0.75, 1.25, -4.75]
		},
		"thirdperson_lefthand": {
			"translation": [-2.25, 1.25, -4.75]
		},
		"firstperson_righthand": {
			"rotation": [0, -10, 0],
			"translation": [2, 4, 0.25]
		},
		"firstperson_lefthand": {
			"rotation": [0, -10, 0],
			"translation": [2, 4, 0.25]
		},
		"gui": {
			"rotation": [90, 45, 0],
			"translation": [2, -1, 0],
			"scale": [0.89, 0.89, 0.89]
		}
	}
}