{
	"credit": "Made with Blockbench",
	"textures": {
		"1": "block/prismarine_bricks",
		"2": "block/blast_furnace_front",
		"particle": "block/bedrock"
	},
	"elements": [
		{
			"from": [0.471, 3.91625, 13.88475],
			"to": [0.95305, 5.3341, 15.58671],
			"rotation": {"angle": 22.5, "axis": "x", "origin": [2.83209, 5.65153, 14.98168]},
			"faces": {
				"north": {"uv": [2.5, 9.75, 2.5, 9.75], "rotation": 90, "texture": "#1"},
				"east": {"uv": [2.5, 9.75, 2.5, 9.75], "rotation": 90, "texture": "#1"},
				"south": {"uv": [2.5, 9.75, 2.5, 9.75], "rotation": 90, "texture": "#1"},
				"west": {"uv": [2.5, 9.75, 2.5, 9.75], "rotation": 90, "texture": "#1"},
				"up": {"uv": [2.5, 9.75, 2.5, 9.75], "rotation": 90, "texture": "#1"},
				"down": {"uv": [2.5, 9.75, 2.5, 9.75], "rotation": 90, "texture": "#1"}
			}
		},
		{
			"from": [1.61302, 3.81994, 17.60611],
			"to": [4.02137, 4.81274, 20.30972],
			"rotation": {"angle": -22.5, "axis": "x", "origin": [2.83209, 2.01469, 17.09314]},
			"faces": {
				"north": {"uv": [0.375, 9.5, 0.375, 9.5], "rotation": 180, "texture": "#1"},
				"east": {"uv": [0.375, 9.5, 0.375, 9.5], "rotation": 180, "texture": "#1"},
				"south": {"uv": [0.375, 9.5, 0.375, 9.5], "rotation": 180, "texture": "#1"},
				"west": {"uv": [0.375, 9.5, 0.375, 9.5], "rotation": 180, "texture": "#1"},
				"up": {"uv": [0.375, 9.5, 0.375, 9.5], "rotation": 180, "texture": "#1"},
				"down": {"uv": [0.375, 9.5, 0.375, 9.5], "rotation": 180, "texture": "#1"}
			}
		},
		{
			"from": [1.08205, 1.53921, 15.18512],
			"to": [4.66478, 5.33865, 17.77044],
			"rotation": {"angle": -22.5, "axis": "x", "origin": [2.83209, 2.01469, 17.09314]},
			"faces": {
				"north": {"uv": [0.375, 9.5, 0.375, 9.5], "rotation": 180, "texture": "#1"},
				"east": {"uv": [0.375, 9.5, 0.375, 9.5], "rotation": 180, "texture": "#1"},
				"south": {"uv": [0.375, 9.5, 0.375, 9.5], "rotation": 180, "texture": "#1"},
				"west": {"uv": [0.375, 9.5, 0.375, 9.5], "rotation": 180, "texture": "#1"},
				"up": {"uv": [0.375, 9.5, 0.375, 9.5], "rotation": 180, "texture": "#1"},
				"down": {"uv": [0.375, 9.5, 0.375, 9.5], "rotation": 180, "texture": "#1"}
			}
		},
		{
			"from": [2.01554, 1.17414, 23.55398],
			"to": [3.64863, 4.12551, 25.12804],
			"rotation": {"angle": -22.5, "axis": "x", "origin": [2.83209, 1.02657, 23.48019]},
			"faces": {
				"north": {"uv": [2.5, 9.5, 2.5, 9.5], "rotation": 270, "texture": "#1"},
				"east": {"uv": [2.5, 9.5, 2.5, 9.5], "rotation": 270, "texture": "#1"},
				"south": {"uv": [2.5, 9.5, 2.5, 9.5], "rotation": 270, "texture": "#1"},
				"west": {"uv": [2.5, 9.5, 2.5, 9.5], "rotation": 270, "texture": "#1"},
				"up": {"uv": [2.5, 9.5, 2.5, 9.5], "rotation": 270, "texture": "#1"},
				"down": {"uv": [2.5, 9.5, 2.5, 9.5], "rotation": 270, "texture": "#1"}
			}
		},
		{
			"from": [2.97966, -3.21133, 16.39056],
			"to": [3.62896, -2.22754, 17.35468],
			"rotation": {"angle": 45, "axis": "x", "origin": [2.56647, -4.56404, 16.87262]},
			"faces": {
				"north": {"uv": [0.5, 0.75, 0.5, 0.75], "rotation": 180, "texture": "#2"},
				"east": {"uv": [0.5, 0.75, 0.5, 0.75], "rotation": 180, "texture": "#2"},
				"south": {"uv": [0.5, 0.75, 0.5, 0.75], "rotation": 180, "texture": "#2"},
				"west": {"uv": [0.5, 0.75, 0.5, 0.75], "rotation": 180, "texture": "#2"},
				"up": {"uv": [0.5, 0.75, 0.5, 0.75], "rotation": 180, "texture": "#2"},
				"down": {"uv": [0.5, 0.75, 0.5, 0.75], "rotation": 180, "texture": "#2"}
			}
		},
		{
			"from": [2.97966, -3.53513, 18.18391],
			"to": [3.62896, -2.57102, 22.85691],
			"rotation": {"angle": 0, "axis": "y", "origin": [13.03398, 6.14835, 31.43554]},
			"faces": {
				"north": {"uv": [0.5, 0.75, 0.5, 0.75], "texture": "#2"},
				"east": {"uv": [0.5, 0.75, 0.5, 0.75], "texture": "#2"},
				"south": {"uv": [0.5, 0.75, 0.5, 0.75], "texture": "#2"},
				"west": {"uv": [0.5, 0.75, 0.5, 0.75], "texture": "#2"},
				"up": {"uv": [0.5, 0.75, 0.5, 0.75], "texture": "#2"},
				"down": {"uv": [0.5, 0.75, 0.5, 0.75], "texture": "#2"}
			}
		},
		{
			"from": [2.24182, -3.21133, 16.39056],
			"to": [2.89112, -2.22754, 17.35468],
			"rotation": {"angle": 45, "axis": "x", "origin": [2.56647, -4.56404, 16.87262]},
			"faces": {
				"north": {"uv": [0.5, 0.75, 0.5, 0.75], "rotation": 180, "texture": "#2"},
				"east": {"uv": [0.5, 0.75, 0.5, 0.75], "rotation": 180, "texture": "#2"},
				"south": {"uv": [0.5, 0.75, 0.5, 0.75], "rotation": 180, "texture": "#2"},
				"west": {"uv": [0.5, 0.75, 0.5, 0.75], "rotation": 180, "texture": "#2"},
				"up": {"uv": [0.5, 0.75, 0.5, 0.75], "rotation": 180, "texture": "#2"},
				"down": {"uv": [0.5, 0.75, 0.5, 0.75], "rotation": 180, "texture": "#2"}
			}
		},
		{
			"from": [1.50397, -3.21133, 16.39056],
			"to": [2.15327, -2.22754, 17.35468],
			"rotation": {"angle": 45, "axis": "x", "origin": [2.56647, -4.56404, 16.87262]},
			"faces": {
				"north": {"uv": [0.5, 0.75, 0.5, 0.75], "rotation": 180, "texture": "#2"},
				"east": {"uv": [0.5, 0.75, 0.5, 0.75], "rotation": 180, "texture": "#2"},
				"south": {"uv": [0.5, 0.75, 0.5, 0.75], "rotation": 180, "texture": "#2"},
				"west": {"uv": [0.5, 0.75, 0.5, 0.75], "rotation": 180, "texture": "#2"},
				"up": {"uv": [0.5, 0.75, 0.5, 0.75], "rotation": 180, "texture": "#2"},
				"down": {"uv": [0.5, 0.75, 0.5, 0.75], "rotation": 180, "texture": "#2"}
			}
		},
		{
			"from": [1.50397, -3.53513, 18.18391],
			"to": [2.15327, -2.57102, 22.85691],
			"rotation": {"angle": 0, "axis": "y", "origin": [13.03398, 6.14835, 31.43554]},
			"faces": {
				"north": {"uv": [0.5, 0.75, 0.5, 0.75], "texture": "#2"},
				"east": {"uv": [0.5, 0.75, 0.5, 0.75], "texture": "#2"},
				"south": {"uv": [0.5, 0.75, 0.5, 0.75], "texture": "#2"},
				"west": {"uv": [0.5, 0.75, 0.5, 0.75], "texture": "#2"},
				"up": {"uv": [0.5, 0.75, 0.5, 0.75], "texture": "#2"},
				"down": {"uv": [0.5, 0.75, 0.5, 0.75], "texture": "#2"}
			}
		},
		{
			"from": [2.24182, -3.53513, 18.18391],
			"to": [2.89112, -2.57102, 22.85691],
			"rotation": {"angle": 0, "axis": "y", "origin": [13.03398, 6.14835, 31.43554]},
			"faces": {
				"north": {"uv": [0.5, 0.75, 0.5, 0.75], "texture": "#2"},
				"east": {"uv": [0.5, 0.75, 0.5, 0.75], "texture": "#2"},
				"south": {"uv": [0.5, 0.75, 0.5, 0.75], "texture": "#2"},
				"west": {"uv": [0.5, 0.75, 0.5, 0.75], "texture": "#2"},
				"up": {"uv": [0.5, 0.75, 0.5, 0.75], "texture": "#2"},
				"down": {"uv": [0.5, 0.75, 0.5, 0.75], "texture": "#2"}
			}
		},
		{
			"from": [1.25803, -3.90597, 19.65959],
			"to": [3.8749, -2.44997, 25.07043],
			"rotation": {"angle": 0, "axis": "y", "origin": [13.03398, 6.14835, 31.43554]},
			"faces": {
				"north": {"uv": [1.5, 8.5, 1.5, 8.5], "texture": "#1"},
				"east": {"uv": [1.5, 8.5, 1.5, 8.5], "texture": "#1"},
				"south": {"uv": [1.5, 8.5, 1.5, 8.5], "texture": "#1"},
				"west": {"uv": [1.5, 8.5, 1.5, 8.5], "texture": "#1"},
				"up": {"uv": [1.5, 8.5, 1.5, 8.5], "texture": "#1"},
				"down": {"uv": [1.5, 8.5, 1.5, 8.5], "texture": "#1"}
			}
		},
		{
			"from": [1.99587, 1.78386, 20.04226],
			"to": [3.38301, 3.28289, 23.2199],
			"rotation": {"angle": -45, "axis": "x", "origin": [2.56647, 2.01505, 27.91749]},
			"faces": {
				"north": {"uv": [2.25, 9.25, 2.527, 9.25], "texture": "#1"},
				"east": {"uv": [2.25, 9.25, 2.527, 9.25], "texture": "#1"},
				"south": {"uv": [2.25, 9.25, 2.527, 9.25], "texture": "#1"},
				"west": {"uv": [2.25, 9.25, 2.527, 9.25], "texture": "#1"},
				"up": {"uv": [2.25, 9.25, 2.527, 9.25], "texture": "#1"},
				"down": {"uv": [2.25, 9.25, 2.527, 9.25], "texture": "#1"}
			}
		},
		{
			"from": [2.24182, -3.78108, 21.2649],
			"to": [2.89112, -2.81696, 25.93789],
			"rotation": {"angle": 0, "axis": "y", "origin": [13.03398, 5.9024, 12.68626]},
			"faces": {
				"north": {"uv": [0.5, 0.75, 0.5, 0.75], "texture": "#2"},
				"east": {"uv": [0.5, 0.75, 0.5, 0.75], "texture": "#2"},
				"south": {"uv": [0.5, 0.75, 0.5, 0.75], "texture": "#2"},
				"west": {"uv": [0.5, 0.75, 0.5, 0.75], "texture": "#2"},
				"up": {"uv": [0.5, 0.75, 0.5, 0.75], "texture": "#2"},
				"down": {"uv": [0.5, 0.75, 0.5, 0.75], "texture": "#2"}
			}
		},
		{
			"from": [2.24182, -3.45727, 26.76712],
			"to": [2.89112, -2.47349, 27.73124],
			"rotation": {"angle": -45, "axis": "x", "origin": [2.56647, -4.80998, 27.24918]},
			"faces": {
				"north": {"uv": [0.5, 0.75, 0.5, 0.75], "rotation": 180, "texture": "#2"},
				"east": {"uv": [0.5, 0.75, 0.5, 0.75], "rotation": 180, "texture": "#2"},
				"south": {"uv": [0.5, 0.75, 0.5, 0.75], "rotation": 180, "texture": "#2"},
				"west": {"uv": [0.5, 0.75, 0.5, 0.75], "rotation": 180, "texture": "#2"},
				"up": {"uv": [0.5, 0.75, 0.5, 0.75], "rotation": 180, "texture": "#2"},
				"down": {"uv": [0.5, 0.75, 0.5, 0.75], "rotation": 180, "texture": "#2"}
			}
		},
		{
			"from": [1.99587, -3.65242, 23.58603],
			"to": [3.38301, -0.47478, 25.08507],
			"rotation": {"angle": 0, "axis": "x", "origin": [2.68944, -2.0636, 23.10581]},
			"faces": {
				"north": {"uv": [2.25, 9.25, 2.527, 9.25], "rotation": 180, "texture": "#1"},
				"east": {"uv": [2.25, 9.25, 2.527, 9.25], "rotation": 90, "texture": "#1"},
				"south": {"uv": [2.25, 9.25, 2.527, 9.25], "texture": "#1"},
				"west": {"uv": [2.25, 9.25, 2.527, 9.25], "rotation": 270, "texture": "#1"},
				"up": {"uv": [2.25, 9.25, 2.527, 9.25], "texture": "#1"},
				"down": {"uv": [2.25, 9.25, 2.527, 9.25], "rotation": 180, "texture": "#1"}
			}
		},
		{
			"from": [1.52365, 1.17414, 22.81614],
			"to": [4.14053, 2.00511, 24.3902],
			"rotation": {"angle": -22.5, "axis": "x", "origin": [2.83209, 1.02657, 23.48019]},
			"faces": {
				"north": {"uv": [2.5, 9.5, 2.5, 9.5], "rotation": 270, "texture": "#1"},
				"east": {"uv": [2.5, 9.5, 2.5, 9.5], "rotation": 270, "texture": "#1"},
				"south": {"uv": [2.5, 9.5, 2.5, 9.5], "rotation": 270, "texture": "#1"},
				"west": {"uv": [2.5, 9.5, 2.5, 9.5], "rotation": 270, "texture": "#1"},
				"up": {"uv": [2.5, 9.5, 2.5, 9.5], "rotation": 270, "texture": "#1"},
				"down": {"uv": [2.5, 9.5, 2.5, 9.5], "rotation": 270, "texture": "#1"}
			}
		},
		{
			"from": [2.01554, -1.03938, 22.0783],
			"to": [3.64863, -0.1459, 24.88209],
			"rotation": {"angle": -22.5, "axis": "x", "origin": [2.83209, 1.02657, 23.48019]},
			"faces": {
				"north": {"uv": [2.5, 9.5, 2.5, 9.5], "rotation": 270, "texture": "#1"},
				"east": {"uv": [2.5, 9.5, 2.5, 9.5], "rotation": 270, "texture": "#1"},
				"south": {"uv": [2.5, 9.5, 2.5, 9.5], "rotation": 270, "texture": "#1"},
				"west": {"uv": [2.5, 9.5, 2.5, 9.5], "rotation": 270, "texture": "#1"},
				"up": {"uv": [2.5, 9.5, 2.5, 9.5], "rotation": 270, "texture": "#1"},
				"down": {"uv": [2.5, 9.5, 2.5, 9.5], "rotation": 270, "texture": "#1"}
			}
		},
		{
			"from": [1.56833, 2.20988, 22.22725],
			"to": [4.09584, 3.4205, 24.76293],
			"rotation": {"angle": -22.5, "axis": "x", "origin": [2.83209, 1.02657, 23.48019]},
			"faces": {
				"north": {"uv": [0.375, 9.5, 0.375, 9.5], "rotation": 270, "texture": "#1"},
				"east": {"uv": [0.375, 9.5, 0.375, 9.5], "rotation": 270, "texture": "#1"},
				"south": {"uv": [0.375, 9.5, 0.375, 9.5], "rotation": 270, "texture": "#1"},
				"west": {"uv": [0.375, 9.5, 0.375, 9.5], "rotation": 270, "texture": "#1"},
				"up": {"uv": [0.375, 9.5, 0.375, 9.5], "rotation": 270, "texture": "#1"},
				"down": {"uv": [0.375, 9.5, 0.375, 9.5], "rotation": 270, "texture": "#1"}
			}
		},
		{
			"from": [2.26149, 1.11452, 14.55989],
			"to": [3.40269, 4.16427, 20.8463],
			"rotation": {"angle": -22.5, "axis": "x", "origin": [2.83209, 2.01469, 17.09314]},
			"faces": {
				"north": {"uv": [2.5, 9.75, 2.5, 9.75], "rotation": 180, "texture": "#1"},
				"east": {"uv": [2.5, 9.75, 2.5, 9.75], "rotation": 180, "texture": "#1"},
				"south": {"uv": [2.5, 9.75, 2.5, 9.75], "rotation": 180, "texture": "#1"},
				"west": {"uv": [2.5, 9.75, 2.5, 9.75], "rotation": 180, "texture": "#1"},
				"up": {"uv": [2.5, 9.75, 2.5, 9.75], "rotation": 180, "texture": "#1"},
				"down": {"uv": [2.5, 9.75, 2.5, 9.75], "rotation": 180, "texture": "#1"}
			}
		},
		{
			"from": [1.2777, 2.5902, 19.81058],
			"to": [4.38647, 4.16427, 20.47321],
			"rotation": {"angle": -22.5, "axis": "x", "origin": [2.83209, 2.01469, 17.09314]},
			"faces": {
				"north": {"uv": [2.5, 9.75, 2.5, 9.75], "rotation": 180, "texture": "#1"},
				"east": {"uv": [2.5, 9.75, 2.5, 9.75], "rotation": 180, "texture": "#1"},
				"south": {"uv": [2.5, 9.75, 2.5, 9.75], "rotation": 180, "texture": "#1"},
				"west": {"uv": [2.5, 9.75, 2.5, 9.75], "rotation": 180, "texture": "#1"},
				"up": {"uv": [2.5, 9.75, 2.5, 9.75], "rotation": 180, "texture": "#1"},
				"down": {"uv": [2.5, 9.75, 2.5, 9.75], "rotation": 180, "texture": "#1"}
			}
		},
		{
			"from": [1.35218, 1.91194, 14.80583],
			"to": [4.312, 4.1116, 19.90862],
			"rotation": {"angle": -22.5, "axis": "x", "origin": [2.83209, 2.01469, 17.09314]},
			"faces": {
				"north": {"uv": [0.375, 9.5, 0.375, 9.5], "rotation": 180, "texture": "#1"},
				"east": {"uv": [0.375, 9.5, 0.375, 9.5], "rotation": 180, "texture": "#1"},
				"south": {"uv": [0.375, 9.5, 0.375, 9.5], "rotation": 180, "texture": "#1"},
				"west": {"uv": [0.375, 9.5, 0.375, 9.5], "rotation": 180, "texture": "#1"},
				"up": {"uv": [0.375, 9.5, 0.375, 9.5], "rotation": 180, "texture": "#1"},
				"down": {"uv": [0.375, 9.5, 0.375, 9.5], "rotation": 180, "texture": "#1"}
			}
		},
		{
			"from": [1.52365, 1.36047, 17.98894],
			"to": [4.14053, 4.16427, 19.6125],
			"rotation": {"angle": -22.5, "axis": "x", "origin": [2.83209, 2.01469, 17.09314]},
			"faces": {
				"north": {"uv": [2.5, 9.75, 2.5, 9.75], "rotation": 180, "texture": "#1"},
				"east": {"uv": [2.5, 9.75, 2.5, 9.75], "rotation": 180, "texture": "#1"},
				"south": {"uv": [2.5, 9.75, 2.5, 9.75], "rotation": 180, "texture": "#1"},
				"west": {"uv": [2.5, 9.75, 2.5, 9.75], "rotation": 180, "texture": "#1"},
				"up": {"uv": [2.5, 9.75, 2.5, 9.75], "rotation": 180, "texture": "#1"},
				"down": {"uv": [2.5, 9.75, 2.5, 9.75], "rotation": 180, "texture": "#1"}
			}
		},
		{
			"from": [2.01554, 1.11452, 15.05178],
			"to": [3.64863, 4.16427, 17.89493],
			"rotation": {"angle": -22.5, "axis": "x", "origin": [2.83209, 2.01469, 17.09314]},
			"faces": {
				"north": {"uv": [2.5, 9.75, 2.5, 9.75], "rotation": 180, "texture": "#1"},
				"east": {"uv": [2.5, 9.75, 2.5, 9.75], "rotation": 180, "texture": "#1"},
				"south": {"uv": [2.5, 9.75, 2.5, 9.75], "rotation": 180, "texture": "#1"},
				"west": {"uv": [2.5, 9.75, 2.5, 9.75], "rotation": 180, "texture": "#1"},
				"up": {"uv": [2.5, 9.75, 2.5, 9.75], "rotation": 180, "texture": "#1"},
				"down": {"uv": [2.5, 9.75, 2.5, 9.75], "rotation": 180, "texture": "#1"}
			}
		},
		{
			"from": [0.82121, 2.79078, 13.42265],
			"to": [4.85115, 5.74389, 16.49602],
			"rotation": {"angle": 22.5, "axis": "x", "origin": [2.83209, 5.65153, 14.98168]},
			"faces": {
				"north": {"uv": [0.375, 9.5, 0.375, 9.5], "rotation": 90, "texture": "#1"},
				"east": {"uv": [0.375, 9.5, 0.375, 9.5], "rotation": 90, "texture": "#1"},
				"south": {"uv": [0.375, 9.5, 0.375, 9.5], "rotation": 90, "texture": "#1"},
				"west": {"uv": [0.375, 9.5, 0.375, 9.5], "rotation": 90, "texture": "#1"},
				"up": {"uv": [0.375, 9.5, 0.375, 9.5], "rotation": 90, "texture": "#1"},
				"down": {"uv": [0.375, 9.5, 0.375, 9.5], "rotation": 90, "texture": "#1"}
			}
		},
		{
			"from": [2.65914, -8.40399, -13.74251],
			"to": [3.45758, -7.13085, -10.52428],
			"rotation": {"angle": -22.5, "axis": "x", "origin": [-0.7489, 65.06435, -23.38058]},
			"faces": {
				"north": {"uv": [5.5, 9.5, 5.5, 9.5], "rotation": 180, "texture": "#1"},
				"east": {"uv": [5.5, 9.5, 5.5, 9.5], "rotation": 180, "texture": "#1"},
				"south": {"uv": [5.5, 9.5, 5.5, 9.5], "rotation": 180, "texture": "#1"},
				"west": {"uv": [5.5, 9.5, 5.5, 9.5], "rotation": 180, "texture": "#1"},
				"up": {"uv": [5.5, 9.5, 5.5, 9.5], "texture": "#1"},
				"down": {"uv": [5.5, 9.5, 5.5, 9.5], "texture": "#1"}
			}
		},
		{
			"from": [2.40672, -8.1591, -13.74251],
			"to": [3.71, -7.3682, -10.52428],
			"rotation": {"angle": -22.5, "axis": "x", "origin": [-0.7489, 65.06435, -23.38058]},
			"faces": {
				"north": {"uv": [5.5, 9.5, 5.5, 9.5], "rotation": 180, "texture": "#1"},
				"east": {"uv": [5.5, 9.5, 5.5, 9.5], "rotation": 180, "texture": "#1"},
				"south": {"uv": [5.5, 9.5, 5.5, 9.5], "rotation": 180, "texture": "#1"},
				"west": {"uv": [5.5, 9.5, 5.5, 9.5], "rotation": 180, "texture": "#1"},
				"up": {"uv": [5.5, 9.5, 5.5, 9.5], "texture": "#1"},
				"down": {"uv": [5.5, 9.5, 5.5, 9.5], "texture": "#1"}
			}
		},
		{
			"from": [2.70817, -8.32559, -14.10095],
			"to": [3.40855, -7.20879, -10.88258],
			"rotation": {"angle": -22.5, "axis": "x", "origin": [-0.7489, 65.06435, -23.38058]},
			"faces": {
				"north": {"uv": [4.5, 10.75, 4.5, 10.75], "rotation": 180, "texture": "#1"},
				"east": {"uv": [4.5, 10.75, 4.5, 10.75], "rotation": 180, "texture": "#1"},
				"south": {"uv": [4.5, 10.75, 4.5, 10.75], "rotation": 180, "texture": "#1"},
				"west": {"uv": [4.5, 10.75, 4.5, 10.75], "rotation": 180, "texture": "#1"},
				"up": {"uv": [4.5, 10.75, 4.5, 10.75], "texture": "#1"},
				"down": {"uv": [4.5, 10.75, 4.5, 10.75], "texture": "#1"}
			}
		},
		{
			"from": [2.48674, -8.11077, -14.10095],
			"to": [3.62998, -7.417, -10.88258],
			"rotation": {"angle": -22.5, "axis": "x", "origin": [-0.7489, 65.06435, -23.38058]},
			"faces": {
				"north": {"uv": [4.5, 10.75, 4.5, 10.75], "rotation": 180, "texture": "#1"},
				"east": {"uv": [4.5, 10.75, 4.5, 10.75], "rotation": 180, "texture": "#1"},
				"south": {"uv": [4.5, 10.75, 4.5, 10.75], "rotation": 180, "texture": "#1"},
				"west": {"uv": [4.5, 10.75, 4.5, 10.75], "rotation": 180, "texture": "#1"},
				"up": {"uv": [4.5, 10.75, 4.5, 10.75], "texture": "#1"},
				"down": {"uv": [4.5, 10.75, 4.5, 10.75], "texture": "#1"}
			}
		},
		{
			"from": [2.75019, -8.25838, -14.64979],
			"to": [3.36653, -7.2756, -13.18948],
			"rotation": {"angle": -22.5, "axis": "x", "origin": [-0.7489, 65.06435, -23.38058]},
			"faces": {
				"north": {"uv": [4.5, 10.75, 4.5, 10.75], "rotation": 180, "texture": "#1"},
				"east": {"uv": [4.5, 10.75, 4.5, 10.75], "rotation": 180, "texture": "#1"},
				"south": {"uv": [4.5, 10.75, 4.5, 10.75], "rotation": 180, "texture": "#1"},
				"west": {"uv": [4.5, 10.75, 4.5, 10.75], "rotation": 180, "texture": "#1"},
				"up": {"uv": [4.5, 10.75, 4.5, 10.75], "texture": "#1"},
				"down": {"uv": [4.5, 10.75, 4.5, 10.75], "texture": "#1"}
			}
		},
		{
			"from": [2.55534, -8.06934, -14.64979],
			"to": [3.56138, -7.45882, -13.18948],
			"rotation": {"angle": -22.5, "axis": "x", "origin": [-0.7489, 65.06435, -23.38058]},
			"faces": {
				"north": {"uv": [4.5, 10.75, 4.5, 10.75], "rotation": 180, "texture": "#1"},
				"east": {"uv": [4.5, 10.75, 4.5, 10.75], "rotation": 180, "texture": "#1"},
				"south": {"uv": [4.5, 10.75, 4.5, 10.75], "rotation": 180, "texture": "#1"},
				"west": {"uv": [4.5, 10.75, 4.5, 10.75], "rotation": 180, "texture": "#1"},
				"up": {"uv": [4.5, 10.75, 4.5, 10.75], "texture": "#1"},
				"down": {"uv": [4.5, 10.75, 4.5, 10.75], "texture": "#1"}
			}
		},
		{
			"from": [2.82415, -8.1401, -15.12898],
			"to": [3.29257, -7.39318, -13.66867],
			"rotation": {"angle": -22.5, "axis": "x", "origin": [-0.7489, 65.06435, -23.38058]},
			"faces": {
				"north": {"uv": [4.5, 10.75, 4.5, 10.75], "rotation": 180, "texture": "#1"},
				"east": {"uv": [4.5, 10.75, 4.5, 10.75], "rotation": 180, "texture": "#1"},
				"south": {"uv": [4.5, 10.75, 4.5, 10.75], "rotation": 180, "texture": "#1"},
				"west": {"uv": [4.5, 10.75, 4.5, 10.75], "rotation": 180, "texture": "#1"},
				"up": {"uv": [4.5, 10.75, 4.5, 10.75], "texture": "#1"},
				"down": {"uv": [4.5, 10.75, 4.5, 10.75], "texture": "#1"}
			}
		},
		{
			"from": [2.67606, -7.99643, -15.12898],
			"to": [3.44066, -7.53243, -13.66867],
			"rotation": {"angle": -22.5, "axis": "x", "origin": [-0.7489, 65.06435, -23.38058]},
			"faces": {
				"north": {"uv": [4.5, 10.75, 4.5, 10.75], "rotation": 180, "texture": "#1"},
				"east": {"uv": [4.5, 10.75, 4.5, 10.75], "rotation": 180, "texture": "#1"},
				"south": {"uv": [4.5, 10.75, 4.5, 10.75], "rotation": 180, "texture": "#1"},
				"west": {"uv": [4.5, 10.75, 4.5, 10.75], "rotation": 180, "texture": "#1"},
				"up": {"uv": [4.5, 10.75, 4.5, 10.75], "texture": "#1"},
				"down": {"uv": [4.5, 10.75, 4.5, 10.75], "texture": "#1"}
			}
		},
		{
			"from": [2.87099, -8.06519, -15.53153],
			"to": [3.24572, -7.46765, -14.07121],
			"rotation": {"angle": -22.5, "axis": "x", "origin": [-0.7489, 65.06435, -23.38058]},
			"faces": {
				"north": {"uv": [4.5, 10.75, 4.5, 10.75], "rotation": 180, "texture": "#1"},
				"east": {"uv": [4.5, 10.75, 4.5, 10.75], "rotation": 180, "texture": "#1"},
				"south": {"uv": [4.5, 10.75, 4.5, 10.75], "rotation": 180, "texture": "#1"},
				"west": {"uv": [4.5, 10.75, 4.5, 10.75], "rotation": 180, "texture": "#1"},
				"up": {"uv": [4.5, 10.75, 4.5, 10.75], "texture": "#1"},
				"down": {"uv": [4.5, 10.75, 4.5, 10.75], "texture": "#1"}
			}
		},
		{
			"from": [2.75252, -7.95025, -15.53153],
			"to": [3.3642, -7.57905, -14.07121],
			"rotation": {"angle": -22.5, "axis": "x", "origin": [-0.7489, 65.06435, -23.38058]},
			"faces": {
				"north": {"uv": [4.5, 10.75, 4.5, 10.75], "rotation": 180, "texture": "#1"},
				"east": {"uv": [4.5, 10.75, 4.5, 10.75], "rotation": 180, "texture": "#1"},
				"south": {"uv": [4.5, 10.75, 4.5, 10.75], "rotation": 180, "texture": "#1"},
				"west": {"uv": [4.5, 10.75, 4.5, 10.75], "rotation": 180, "texture": "#1"},
				"up": {"uv": [4.5, 10.75, 4.5, 10.75], "texture": "#1"},
				"down": {"uv": [4.5, 10.75, 4.5, 10.75], "texture": "#1"}
			}
		},
		{
			"from": [2.9272, -7.97529, -15.9531],
			"to": [3.18952, -7.55702, -14.49278],
			"rotation": {"angle": -22.5, "axis": "x", "origin": [-0.7489, 65.06435, -23.38058]},
			"faces": {
				"north": {"uv": [4.5, 10.75, 4.5, 10.75], "rotation": 180, "texture": "#1"},
				"east": {"uv": [4.5, 10.75, 4.5, 10.75], "rotation": 180, "texture": "#1"},
				"south": {"uv": [4.5, 10.75, 4.5, 10.75], "rotation": 180, "texture": "#1"},
				"west": {"uv": [4.5, 10.75, 4.5, 10.75], "rotation": 180, "texture": "#1"},
				"up": {"uv": [4.5, 10.75, 4.5, 10.75], "texture": "#1"},
				"down": {"uv": [4.5, 10.75, 4.5, 10.75], "texture": "#1"}
			}
		},
		{
			"from": [2.84427, -7.89483, -15.9531],
			"to": [3.27245, -7.635, -14.49278],
			"rotation": {"angle": -22.5, "axis": "x", "origin": [-0.7489, 65.06435, -23.38058]},
			"faces": {
				"north": {"uv": [4.5, 10.75, 4.5, 10.75], "rotation": 180, "texture": "#1"},
				"east": {"uv": [4.5, 10.75, 4.5, 10.75], "rotation": 180, "texture": "#1"},
				"south": {"uv": [4.5, 10.75, 4.5, 10.75], "rotation": 180, "texture": "#1"},
				"west": {"uv": [4.5, 10.75, 4.5, 10.75], "rotation": 180, "texture": "#1"},
				"up": {"uv": [4.5, 10.75, 4.5, 10.75], "texture": "#1"},
				"down": {"uv": [4.5, 10.75, 4.5, 10.75], "texture": "#1"}
			}
		},
		{
			"from": [2.01554, -0.0556, 22.0783],
			"to": [3.64863, 0.92819, 24.88209],
			"rotation": {"angle": -22.5, "axis": "x", "origin": [2.83209, 1.02657, 23.48019]},
			"faces": {
				"north": {"uv": [2.5, 9.5, 2.5, 9.5], "rotation": 270, "texture": "#1"},
				"east": {"uv": [2.5, 9.5, 2.5, 9.5], "rotation": 270, "texture": "#1"},
				"south": {"uv": [2.5, 9.5, 2.5, 9.5], "rotation": 270, "texture": "#1"},
				"west": {"uv": [2.5, 9.5, 2.5, 9.5], "rotation": 270, "texture": "#1"},
				"up": {"uv": [2.5, 9.5, 2.5, 9.5], "rotation": 270, "texture": "#1"},
				"down": {"uv": [2.5, 9.5, 2.5, 9.5], "rotation": 270, "texture": "#1"}
			}
		},
		{
			"from": [2.1366, -0.79728, 22.19935],
			"to": [3.52758, 4.33302, 24.76104],
			"rotation": {"angle": -22.5, "axis": "x", "origin": [2.83209, 1.02657, 23.48019]},
			"faces": {
				"north": {"uv": [0.375, 9.5, 0.375, 9.5], "rotation": 270, "texture": "#1"},
				"east": {"uv": [0.375, 9.5, 0.375, 9.5], "rotation": 270, "texture": "#1"},
				"south": {"uv": [0.375, 9.5, 0.375, 9.5], "rotation": 270, "texture": "#1"},
				"west": {"uv": [0.375, 9.5, 0.375, 9.5], "rotation": 270, "texture": "#1"},
				"up": {"uv": [0.375, 9.5, 0.375, 9.5], "rotation": 270, "texture": "#1"},
				"down": {"uv": [0.375, 9.5, 0.375, 9.5], "rotation": 270, "texture": "#1"}
			}
		},
		{
			"from": [2.01554, 1.03387, 22.0783],
			"to": [3.64863, 2.01766, 24.88209],
			"rotation": {"angle": -22.5, "axis": "x", "origin": [2.83209, 1.02657, 23.48019]},
			"faces": {
				"north": {"uv": [2.5, 9.5, 2.5, 9.5], "rotation": 270, "texture": "#1"},
				"east": {"uv": [2.5, 9.5, 2.5, 9.5], "rotation": 270, "texture": "#1"},
				"south": {"uv": [2.5, 9.5, 2.5, 9.5], "rotation": 270, "texture": "#1"},
				"west": {"uv": [2.5, 9.5, 2.5, 9.5], "rotation": 270, "texture": "#1"},
				"up": {"uv": [2.5, 9.5, 2.5, 9.5], "rotation": 270, "texture": "#1"},
				"down": {"uv": [2.5, 9.5, 2.5, 9.5], "rotation": 270, "texture": "#1"}
			}
		},
		{
			"from": [1.53854, 1.26351, 22.99488],
			"to": [4.09584, 2.79455, 24.27104],
			"rotation": {"angle": -22.5, "axis": "x", "origin": [2.83209, 1.02657, 23.48019]},
			"faces": {
				"north": {"uv": [0.375, 9.5, 0.375, 9.5], "rotation": 270, "texture": "#1"},
				"east": {"uv": [0.375, 9.5, 0.375, 9.5], "rotation": 270, "texture": "#1"},
				"south": {"uv": [0.375, 9.5, 0.375, 9.5], "rotation": 270, "texture": "#1"},
				"west": {"uv": [0.375, 9.5, 0.375, 9.5], "rotation": 270, "texture": "#1"},
				"up": {"uv": [0.375, 9.5, 0.375, 9.5], "rotation": 270, "texture": "#1"},
				"down": {"uv": [0.375, 9.5, 0.375, 9.5], "rotation": 270, "texture": "#1"}
			}
		},
		{
			"from": [1.52365, 3.17806, 22.0783],
			"to": [4.14053, 4.19504, 24.88209],
			"rotation": {"angle": -22.5, "axis": "x", "origin": [2.83209, 1.02657, 23.48019]},
			"faces": {
				"north": {"uv": [2.5, 9.5, 2.5, 9.5], "rotation": 270, "texture": "#1"},
				"east": {"uv": [2.5, 9.5, 2.5, 9.5], "rotation": 270, "texture": "#1"},
				"south": {"uv": [2.5, 9.5, 2.5, 9.5], "rotation": 270, "texture": "#1"},
				"west": {"uv": [2.5, 9.5, 2.5, 9.5], "rotation": 270, "texture": "#1"},
				"up": {"uv": [2.5, 9.5, 2.5, 9.5], "rotation": 270, "texture": "#1"},
				"down": {"uv": [2.5, 9.5, 2.5, 9.5], "rotation": 270, "texture": "#1"}
			}
		},
		{
			"from": [1.52365, 2.07583, 22.0783],
			"to": [4.14053, 3.06301, 24.88209],
			"rotation": {"angle": -22.5, "axis": "x", "origin": [2.83209, 1.02657, 23.48019]},
			"faces": {
				"north": {"uv": [2.5, 9.5, 2.5, 9.5], "rotation": 270, "texture": "#1"},
				"east": {"uv": [2.5, 9.5, 2.5, 9.5], "rotation": 270, "texture": "#1"},
				"south": {"uv": [2.5, 9.5, 2.5, 9.5], "rotation": 270, "texture": "#1"},
				"west": {"uv": [2.5, 9.5, 2.5, 9.5], "rotation": 270, "texture": "#1"},
				"up": {"uv": [2.5, 9.5, 2.5, 9.5], "rotation": 270, "texture": "#1"},
				"down": {"uv": [2.5, 9.5, 2.5, 9.5], "rotation": 270, "texture": "#1"}
			}
		},
		{
			"from": [1.52365, 1.36047, 22.67614],
			"to": [4.14053, 4.19406, 24.28956],
			"rotation": {"angle": -22.5, "axis": "x", "origin": [2.83209, 2.01469, 17.09314]},
			"faces": {
				"north": {"uv": [2.5, 9.75, 2.5, 9.75], "rotation": 180, "texture": "#1"},
				"east": {"uv": [2.5, 9.75, 2.5, 9.75], "rotation": 180, "texture": "#1"},
				"south": {"uv": [2.5, 9.75, 2.5, 9.75], "rotation": 180, "texture": "#1"},
				"west": {"uv": [2.5, 9.75, 2.5, 9.75], "rotation": 180, "texture": "#1"},
				"up": {"uv": [2.5, 9.75, 2.5, 9.75], "rotation": 180, "texture": "#1"},
				"down": {"uv": [2.5, 9.75, 2.5, 9.75], "rotation": 180, "texture": "#1"}
			}
		},
		{
			"from": [1.64281, 1.5541, 18.40125],
			"to": [4.06605, 4.06, 24.20019],
			"rotation": {"angle": -22.5, "axis": "x", "origin": [2.83209, 2.01469, 17.09314]},
			"faces": {
				"north": {"uv": [0.375, 9.5, 0.375, 9.5], "rotation": 180, "texture": "#1"},
				"east": {"uv": [0.375, 9.5, 0.375, 9.5], "rotation": 180, "texture": "#1"},
				"south": {"uv": [0.375, 9.5, 0.375, 9.5], "rotation": 180, "texture": "#1"},
				"west": {"uv": [0.375, 9.5, 0.375, 9.5], "rotation": 180, "texture": "#1"},
				"up": {"uv": [0.375, 9.5, 0.375, 9.5], "rotation": 180, "texture": "#1"},
				"down": {"uv": [0.375, 9.5, 0.375, 9.5], "rotation": 180, "texture": "#1"}
			}
		},
		{
			"from": [1.2777, 1.85236, 21.1896],
			"to": [4.38647, 3.42642, 21.83009],
			"rotation": {"angle": -22.5, "axis": "x", "origin": [2.83209, 2.01469, 17.09314]},
			"faces": {
				"north": {"uv": [2.5, 9.75, 2.5, 9.75], "rotation": 180, "texture": "#1"},
				"east": {"uv": [2.5, 9.75, 2.5, 9.75], "rotation": 180, "texture": "#1"},
				"south": {"uv": [2.5, 9.75, 2.5, 9.75], "rotation": 180, "texture": "#1"},
				"west": {"uv": [2.5, 9.75, 2.5, 9.75], "rotation": 180, "texture": "#1"},
				"up": {"uv": [2.5, 9.75, 2.5, 9.75], "rotation": 180, "texture": "#1"},
				"down": {"uv": [2.5, 9.75, 2.5, 9.75], "rotation": 180, "texture": "#1"}
			}
		},
		{
			"from": [1.52365, 1.36047, 21.14669],
			"to": [4.14053, 4.16427, 22.50215],
			"rotation": {"angle": -22.5, "axis": "x", "origin": [2.83209, 2.01469, 17.09314]},
			"faces": {
				"north": {"uv": [2.5, 9.75, 2.5, 9.75], "rotation": 180, "texture": "#1"},
				"east": {"uv": [2.5, 9.75, 2.5, 9.75], "rotation": 180, "texture": "#1"},
				"south": {"uv": [2.5, 9.75, 2.5, 9.75], "rotation": 180, "texture": "#1"},
				"west": {"uv": [2.5, 9.75, 2.5, 9.75], "rotation": 180, "texture": "#1"},
				"up": {"uv": [2.5, 9.75, 2.5, 9.75], "rotation": 180, "texture": "#1"},
				"down": {"uv": [2.5, 9.75, 2.5, 9.75], "rotation": 180, "texture": "#1"}
			}
		},
		{
			"from": [1.38197, 1.91194, 20.19163],
			"to": [4.25242, 3.33705, 21.56197],
			"rotation": {"angle": -22.5, "axis": "x", "origin": [2.83209, 2.01469, 17.09314]},
			"faces": {
				"north": {"uv": [0.375, 9.5, 0.375, 9.5], "rotation": 180, "texture": "#1"},
				"east": {"uv": [0.375, 9.5, 0.375, 9.5], "rotation": 180, "texture": "#1"},
				"south": {"uv": [0.375, 9.5, 0.375, 9.5], "rotation": 180, "texture": "#1"},
				"west": {"uv": [0.375, 9.5, 0.375, 9.5], "rotation": 180, "texture": "#1"},
				"up": {"uv": [0.375, 9.5, 0.375, 9.5], "rotation": 180, "texture": "#1"},
				"down": {"uv": [0.375, 9.5, 0.375, 9.5], "rotation": 180, "texture": "#1"}
			}
		},
		{
			"from": [1.2777, 1.85236, 19.74477],
			"to": [4.38647, 3.42642, 21.02575],
			"rotation": {"angle": -22.5, "axis": "x", "origin": [2.83209, 2.01469, 17.09314]},
			"faces": {
				"north": {"uv": [2.5, 9.75, 2.5, 9.75], "rotation": 180, "texture": "#1"},
				"east": {"uv": [2.5, 9.75, 2.5, 9.75], "rotation": 180, "texture": "#1"},
				"south": {"uv": [2.5, 9.75, 2.5, 9.75], "rotation": 180, "texture": "#1"},
				"west": {"uv": [2.5, 9.75, 2.5, 9.75], "rotation": 180, "texture": "#1"},
				"up": {"uv": [2.5, 9.75, 2.5, 9.75], "rotation": 180, "texture": "#1"},
				"down": {"uv": [2.5, 9.75, 2.5, 9.75], "rotation": 180, "texture": "#1"}
			}
		},
		{
			"from": [1.52365, 1.36047, 19.73166],
			"to": [4.14053, 4.16427, 21.01264],
			"rotation": {"angle": -22.5, "axis": "x", "origin": [2.83209, 2.01469, 17.09314]},
			"faces": {
				"north": {"uv": [2.5, 9.75, 2.5, 9.75], "rotation": 180, "texture": "#1"},
				"east": {"uv": [2.5, 9.75, 2.5, 9.75], "rotation": 180, "texture": "#1"},
				"south": {"uv": [2.5, 9.75, 2.5, 9.75], "rotation": 180, "texture": "#1"},
				"west": {"uv": [2.5, 9.75, 2.5, 9.75], "rotation": 180, "texture": "#1"},
				"up": {"uv": [2.5, 9.75, 2.5, 9.75], "rotation": 180, "texture": "#1"},
				"down": {"uv": [2.5, 9.75, 2.5, 9.75], "rotation": 180, "texture": "#1"}
			}
		},
		{
			"from": [1.52365, 3.81994, 17.98608],
			"to": [4.14053, 4.90211, 19.60965],
			"rotation": {"angle": -22.5, "axis": "x", "origin": [2.83209, 2.01469, 17.09314]},
			"faces": {
				"north": {"uv": [2.5, 9.75, 2.5, 9.75], "rotation": 180, "texture": "#1"},
				"east": {"uv": [2.5, 9.75, 2.5, 9.75], "rotation": 180, "texture": "#1"},
				"south": {"uv": [2.5, 9.75, 2.5, 9.75], "rotation": 180, "texture": "#1"},
				"west": {"uv": [2.5, 9.75, 2.5, 9.75], "rotation": 180, "texture": "#1"},
				"up": {"uv": [2.5, 9.75, 2.5, 9.75], "rotation": 180, "texture": "#1"},
				"down": {"uv": [2.5, 9.75, 2.5, 9.75], "rotation": 180, "texture": "#1"}
			}
		},
		{
			"from": [1.52365, 3.81994, 19.751],
			"to": [4.14053, 4.90211, 20.3544],
			"rotation": {"angle": -22.5, "axis": "x", "origin": [2.83209, 2.01469, 17.09314]},
			"faces": {
				"north": {"uv": [2.5, 9.75, 2.5, 9.75], "rotation": 180, "texture": "#1"},
				"east": {"uv": [2.5, 9.75, 2.5, 9.75], "rotation": 180, "texture": "#1"},
				"south": {"uv": [2.5, 9.75, 2.5, 9.75], "rotation": 180, "texture": "#1"},
				"west": {"uv": [2.5, 9.75, 2.5, 9.75], "rotation": 180, "texture": "#1"},
				"up": {"uv": [2.5, 9.75, 2.5, 9.75], "rotation": 180, "texture": "#1"},
				"down": {"uv": [2.5, 9.75, 2.5, 9.75], "rotation": 180, "texture": "#1"}
			}
		},
		{
			"from": [1.2777, 2.5902, 17.98573],
			"to": [4.38647, 4.16427, 19.60929],
			"rotation": {"angle": -22.5, "axis": "x", "origin": [2.83209, 2.01469, 17.09314]},
			"faces": {
				"north": {"uv": [2.5, 9.75, 2.5, 9.75], "rotation": 180, "texture": "#1"},
				"east": {"uv": [2.5, 9.75, 2.5, 9.75], "rotation": 180, "texture": "#1"},
				"south": {"uv": [2.5, 9.75, 2.5, 9.75], "rotation": 180, "texture": "#1"},
				"west": {"uv": [2.5, 9.75, 2.5, 9.75], "rotation": 180, "texture": "#1"},
				"up": {"uv": [2.5, 9.75, 2.5, 9.75], "rotation": 180, "texture": "#1"},
				"down": {"uv": [2.5, 9.75, 2.5, 9.75], "rotation": 180, "texture": "#1"}
			}
		},
		{
			"from": [1.2777, 1.85236, 18.00205],
			"to": [4.38647, 3.42642, 19.62561],
			"rotation": {"angle": -22.5, "axis": "x", "origin": [2.83209, 2.01469, 17.09314]},
			"faces": {
				"north": {"uv": [2.5, 9.75, 2.5, 9.75], "rotation": 180, "texture": "#1"},
				"east": {"uv": [2.5, 9.75, 2.5, 9.75], "rotation": 180, "texture": "#1"},
				"south": {"uv": [2.5, 9.75, 2.5, 9.75], "rotation": 180, "texture": "#1"},
				"west": {"uv": [2.5, 9.75, 2.5, 9.75], "rotation": 180, "texture": "#1"},
				"up": {"uv": [2.5, 9.75, 2.5, 9.75], "rotation": 180, "texture": "#1"},
				"down": {"uv": [2.5, 9.75, 2.5, 9.75], "rotation": 180, "texture": "#1"}
			}
		},
		{
			"from": [0.96289, 1.36047, 14.06799],
			"to": [4.88821, 5.4727, 15.9667],
			"rotation": {"angle": -22.5, "axis": "x", "origin": [2.83209, 2.01469, 17.09314]},
			"faces": {
				"north": {"uv": [2.5, 9.75, 2.5, 9.75], "rotation": 180, "texture": "#1"},
				"east": {"uv": [2.5, 9.75, 2.5, 9.75], "rotation": 180, "texture": "#1"},
				"south": {"uv": [2.5, 9.75, 2.5, 9.75], "rotation": 180, "texture": "#1"},
				"west": {"uv": [2.5, 9.75, 2.5, 9.75], "rotation": 180, "texture": "#1"},
				"up": {"uv": [2.5, 9.75, 2.5, 9.75], "rotation": 180, "texture": "#1"},
				"down": {"uv": [2.5, 9.75, 2.5, 9.75], "rotation": 180, "texture": "#1"}
			}
		},
		{
			"from": [0.96289, 1.36047, 16.12351],
			"to": [4.88821, 5.4727, 17.83002],
			"rotation": {"angle": -22.5, "axis": "x", "origin": [2.83209, 2.01469, 17.09314]},
			"faces": {
				"north": {"uv": [2.5, 9.75, 2.5, 9.75], "rotation": 180, "texture": "#1"},
				"east": {"uv": [2.5, 9.75, 2.5, 9.75], "rotation": 180, "texture": "#1"},
				"south": {"uv": [2.5, 9.75, 2.5, 9.75], "rotation": 180, "texture": "#1"},
				"west": {"uv": [2.5, 9.75, 2.5, 9.75], "rotation": 180, "texture": "#1"},
				"up": {"uv": [2.5, 9.75, 2.5, 9.75], "rotation": 180, "texture": "#1"},
				"down": {"uv": [2.5, 9.75, 2.5, 9.75], "rotation": 180, "texture": "#1"}
			}
		},
		{
			"from": [0.71694, 3.93771, 13.39286],
			"to": [5.13415, 5.34172, 16.5705],
			"rotation": {"angle": 22.5, "axis": "x", "origin": [2.83209, 5.65153, 14.98168]},
			"faces": {
				"north": {"uv": [2.5, 9.75, 2.5, 9.75], "rotation": 90, "texture": "#1"},
				"east": {"uv": [2.5, 9.75, 2.5, 9.75], "rotation": 90, "texture": "#1"},
				"south": {"uv": [2.5, 9.75, 2.5, 9.75], "rotation": 90, "texture": "#1"},
				"west": {"uv": [2.5, 9.75, 2.5, 9.75], "rotation": 90, "texture": "#1"},
				"up": {"uv": [2.5, 9.75, 2.5, 9.75], "rotation": 90, "texture": "#1"},
				"down": {"uv": [2.5, 9.75, 2.5, 9.75], "rotation": 90, "texture": "#1"}
			}
		},
		{
			"from": [0.71694, 2.56736, 13.39286],
			"to": [5.13415, 3.80753, 16.5705],
			"rotation": {"angle": 22.5, "axis": "x", "origin": [2.83209, 5.65153, 14.98168]},
			"faces": {
				"north": {"uv": [2.5, 9.75, 2.5, 9.75], "rotation": 90, "texture": "#1"},
				"east": {"uv": [2.5, 9.75, 2.5, 9.75], "rotation": 90, "texture": "#1"},
				"south": {"uv": [2.5, 9.75, 2.5, 9.75], "rotation": 90, "texture": "#1"},
				"west": {"uv": [2.5, 9.75, 2.5, 9.75], "rotation": 90, "texture": "#1"},
				"up": {"uv": [2.5, 9.75, 2.5, 9.75], "rotation": 90, "texture": "#1"},
				"down": {"uv": [2.5, 9.75, 2.5, 9.75], "rotation": 90, "texture": "#1"}
			}
		},
		{
			"from": [0.471, 5.51872, 13.39286],
			"to": [5.13415, 6.81192, 16.5705],
			"rotation": {"angle": 22.5, "axis": "x", "origin": [2.83209, 5.65153, 14.98168]},
			"faces": {
				"north": {"uv": [2.5, 9.75, 2.5, 9.75], "rotation": 90, "texture": "#1"},
				"east": {"uv": [2.5, 9.75, 2.5, 9.75], "rotation": 90, "texture": "#1"},
				"south": {"uv": [2.5, 9.75, 2.5, 9.75], "rotation": 90, "texture": "#1"},
				"west": {"uv": [2.5, 9.75, 2.5, 9.75], "rotation": 90, "texture": "#1"},
				"up": {"uv": [2.5, 9.75, 2.5, 9.75], "rotation": 90, "texture": "#1"},
				"down": {"uv": [2.5, 9.75, 2.5, 9.75], "rotation": 90, "texture": "#1"}
			}
		},
		{
			"from": [0.471, 7.06781, 13.39286],
			"to": [5.13415, 8.24185, 16.5705],
			"rotation": {"angle": 22.5, "axis": "x", "origin": [2.83209, 5.65153, 14.98168]},
			"faces": {
				"north": {"uv": [2.5, 9.75, 2.5, 9.75], "rotation": 90, "texture": "#1"},
				"east": {"uv": [2.5, 9.75, 2.5, 9.75], "rotation": 90, "texture": "#1"},
				"south": {"uv": [2.5, 9.75, 2.5, 9.75], "rotation": 90, "texture": "#1"},
				"west": {"uv": [2.5, 9.75, 2.5, 9.75], "rotation": 90, "texture": "#1"},
				"up": {"uv": [2.5, 9.75, 2.5, 9.75], "rotation": 90, "texture": "#1"},
				"down": {"uv": [2.5, 9.75, 2.5, 9.75], "rotation": 90, "texture": "#1"}
			}
		},
		{
			"from": [0.471, 7.06781, 14.59936],
			"to": [5.13415, 8.73338, 16.5705],
			"rotation": {"angle": 22.5, "axis": "x", "origin": [2.83209, 5.65153, 14.98168]},
			"faces": {
				"north": {"uv": [2.5, 9.75, 2.5, 9.75], "rotation": 90, "texture": "#1"},
				"east": {"uv": [2.5, 9.75, 2.5, 9.75], "rotation": 90, "texture": "#1"},
				"south": {"uv": [2.5, 9.75, 2.5, 9.75], "rotation": 90, "texture": "#1"},
				"west": {"uv": [2.5, 9.75, 2.5, 9.75], "rotation": 90, "texture": "#1"},
				"up": {"uv": [2.5, 9.75, 2.5, 9.75], "rotation": 90, "texture": "#1"},
				"down": {"uv": [2.5, 9.75, 2.5, 9.75], "rotation": 90, "texture": "#1"}
			}
		},
		{
			"from": [0.57526, 5.63788, 13.51202],
			"to": [4.9852, 9.18024, 16.34707],
			"rotation": {"angle": 22.5, "axis": "x", "origin": [2.83209, 5.65153, 14.98168]},
			"faces": {
				"north": {"uv": [0.375, 9.5, 0.375, 9.5], "rotation": 90, "texture": "#1"},
				"east": {"uv": [0.375, 9.5, 0.375, 9.5], "rotation": 90, "texture": "#1"},
				"south": {"uv": [0.375, 9.5, 0.375, 9.5], "rotation": 90, "texture": "#1"},
				"west": {"uv": [0.375, 9.5, 0.375, 9.5], "rotation": 90, "texture": "#1"},
				"up": {"uv": [0.375, 9.5, 0.375, 9.5], "rotation": 90, "texture": "#1"},
				"down": {"uv": [0.375, 9.5, 0.375, 9.5], "rotation": 90, "texture": "#1"}
			}
		},
		{
			"from": [13.71982, 3.91625, 13.88475],
			"to": [14.20188, 5.3341, 15.58671],
			"rotation": {"angle": 22.5, "axis": "x", "origin": [11.84078, 5.65153, 14.98168]},
			"faces": {
				"north": {"uv": [2.5, 9.75, 2.5, 9.75], "rotation": 90, "texture": "#1"},
				"east": {"uv": [2.5, 9.75, 2.5, 9.75], "rotation": 90, "texture": "#1"},
				"south": {"uv": [2.5, 9.75, 2.5, 9.75], "rotation": 90, "texture": "#1"},
				"west": {"uv": [2.5, 9.75, 2.5, 9.75], "rotation": 90, "texture": "#1"},
				"up": {"uv": [2.5, 9.75, 2.5, 9.75], "rotation": 90, "texture": "#1"},
				"down": {"uv": [2.5, 9.75, 2.5, 9.75], "rotation": 90, "texture": "#1"}
			}
		},
		{
			"from": [10.6515, 3.81994, 17.60611],
			"to": [13.05985, 4.81274, 20.30972],
			"rotation": {"angle": -22.5, "axis": "x", "origin": [11.84078, 2.01469, 17.09314]},
			"faces": {
				"north": {"uv": [0.375, 9.5, 0.375, 9.5], "rotation": 180, "texture": "#1"},
				"east": {"uv": [0.375, 9.5, 0.375, 9.5], "rotation": 180, "texture": "#1"},
				"south": {"uv": [0.375, 9.5, 0.375, 9.5], "rotation": 180, "texture": "#1"},
				"west": {"uv": [0.375, 9.5, 0.375, 9.5], "rotation": 180, "texture": "#1"},
				"up": {"uv": [0.375, 9.5, 0.375, 9.5], "rotation": 180, "texture": "#1"},
				"down": {"uv": [0.375, 9.5, 0.375, 9.5], "rotation": 180, "texture": "#1"}
			}
		},
		{
			"from": [10.00809, 1.53921, 15.18512],
			"to": [13.59082, 5.33865, 17.77044],
			"rotation": {"angle": -22.5, "axis": "x", "origin": [11.84078, 2.01469, 17.09314]},
			"faces": {
				"north": {"uv": [0.375, 9.5, 0.375, 9.5], "rotation": 180, "texture": "#1"},
				"east": {"uv": [0.375, 9.5, 0.375, 9.5], "rotation": 180, "texture": "#1"},
				"south": {"uv": [0.375, 9.5, 0.375, 9.5], "rotation": 180, "texture": "#1"},
				"west": {"uv": [0.375, 9.5, 0.375, 9.5], "rotation": 180, "texture": "#1"},
				"up": {"uv": [0.375, 9.5, 0.375, 9.5], "rotation": 180, "texture": "#1"},
				"down": {"uv": [0.375, 9.5, 0.375, 9.5], "rotation": 180, "texture": "#1"}
			}
		},
		{
			"from": [11.02424, 1.17414, 23.55398],
			"to": [12.65733, 4.12551, 25.12804],
			"rotation": {"angle": -22.5, "axis": "x", "origin": [11.84078, 1.02657, 23.48019]},
			"faces": {
				"north": {"uv": [2.5, 9.5, 2.5, 9.5], "rotation": 270, "texture": "#1"},
				"east": {"uv": [2.5, 9.5, 2.5, 9.5], "rotation": 270, "texture": "#1"},
				"south": {"uv": [2.5, 9.5, 2.5, 9.5], "rotation": 270, "texture": "#1"},
				"west": {"uv": [2.5, 9.5, 2.5, 9.5], "rotation": 270, "texture": "#1"},
				"up": {"uv": [2.5, 9.5, 2.5, 9.5], "rotation": 270, "texture": "#1"},
				"down": {"uv": [2.5, 9.5, 2.5, 9.5], "rotation": 270, "texture": "#1"}
			}
		},
		{
			"from": [11.04391, -3.21133, 16.39056],
			"to": [11.69321, -2.22754, 17.35468],
			"rotation": {"angle": 45, "axis": "x", "origin": [12.10641, -4.56404, 16.87262]},
			"faces": {
				"north": {"uv": [0.5, 0.75, 0.5, 0.75], "rotation": 180, "texture": "#2"},
				"east": {"uv": [0.5, 0.75, 0.5, 0.75], "rotation": 180, "texture": "#2"},
				"south": {"uv": [0.5, 0.75, 0.5, 0.75], "rotation": 180, "texture": "#2"},
				"west": {"uv": [0.5, 0.75, 0.5, 0.75], "rotation": 180, "texture": "#2"},
				"up": {"uv": [0.5, 0.75, 0.5, 0.75], "rotation": 180, "texture": "#2"},
				"down": {"uv": [0.5, 0.75, 0.5, 0.75], "rotation": 180, "texture": "#2"}
			}
		},
		{
			"from": [11.04391, -3.53513, 18.18391],
			"to": [11.69321, -2.57102, 22.85691],
			"rotation": {"angle": 0, "axis": "y", "origin": [1.63889, 6.14835, 31.43554]},
			"faces": {
				"north": {"uv": [0.5, 0.75, 0.5, 0.75], "texture": "#2"},
				"east": {"uv": [0.5, 0.75, 0.5, 0.75], "texture": "#2"},
				"south": {"uv": [0.5, 0.75, 0.5, 0.75], "texture": "#2"},
				"west": {"uv": [0.5, 0.75, 0.5, 0.75], "texture": "#2"},
				"up": {"uv": [0.5, 0.75, 0.5, 0.75], "texture": "#2"},
				"down": {"uv": [0.5, 0.75, 0.5, 0.75], "texture": "#2"}
			}
		},
		{
			"from": [11.78176, -3.21133, 16.39056],
			"to": [12.43106, -2.22754, 17.35468],
			"rotation": {"angle": 45, "axis": "x", "origin": [12.10641, -4.56404, 16.87262]},
			"faces": {
				"north": {"uv": [0.5, 0.75, 0.5, 0.75], "rotation": 180, "texture": "#2"},
				"east": {"uv": [0.5, 0.75, 0.5, 0.75], "rotation": 180, "texture": "#2"},
				"south": {"uv": [0.5, 0.75, 0.5, 0.75], "rotation": 180, "texture": "#2"},
				"west": {"uv": [0.5, 0.75, 0.5, 0.75], "rotation": 180, "texture": "#2"},
				"up": {"uv": [0.5, 0.75, 0.5, 0.75], "rotation": 180, "texture": "#2"},
				"down": {"uv": [0.5, 0.75, 0.5, 0.75], "rotation": 180, "texture": "#2"}
			}
		},
		{
			"from": [12.5196, -3.21133, 16.39056],
			"to": [13.1689, -2.22754, 17.35468],
			"rotation": {"angle": 45, "axis": "x", "origin": [12.10641, -4.56404, 16.87262]},
			"faces": {
				"north": {"uv": [0.5, 0.75, 0.5, 0.75], "rotation": 180, "texture": "#2"},
				"east": {"uv": [0.5, 0.75, 0.5, 0.75], "rotation": 180, "texture": "#2"},
				"south": {"uv": [0.5, 0.75, 0.5, 0.75], "rotation": 180, "texture": "#2"},
				"west": {"uv": [0.5, 0.75, 0.5, 0.75], "rotation": 180, "texture": "#2"},
				"up": {"uv": [0.5, 0.75, 0.5, 0.75], "rotation": 180, "texture": "#2"},
				"down": {"uv": [0.5, 0.75, 0.5, 0.75], "rotation": 180, "texture": "#2"}
			}
		},
		{
			"from": [12.5196, -3.53513, 18.18391],
			"to": [13.1689, -2.57102, 22.85691],
			"rotation": {"angle": 0, "axis": "y", "origin": [1.63889, 6.14835, 31.43554]},
			"faces": {
				"north": {"uv": [0.5, 0.75, 0.5, 0.75], "texture": "#2"},
				"east": {"uv": [0.5, 0.75, 0.5, 0.75], "texture": "#2"},
				"south": {"uv": [0.5, 0.75, 0.5, 0.75], "texture": "#2"},
				"west": {"uv": [0.5, 0.75, 0.5, 0.75], "texture": "#2"},
				"up": {"uv": [0.5, 0.75, 0.5, 0.75], "texture": "#2"},
				"down": {"uv": [0.5, 0.75, 0.5, 0.75], "texture": "#2"}
			}
		},
		{
			"from": [11.78176, -3.53513, 18.18391],
			"to": [12.43106, -2.57102, 22.85691],
			"rotation": {"angle": 0, "axis": "y", "origin": [1.63889, 6.14835, 31.43554]},
			"faces": {
				"north": {"uv": [0.5, 0.75, 0.5, 0.75], "texture": "#2"},
				"east": {"uv": [0.5, 0.75, 0.5, 0.75], "texture": "#2"},
				"south": {"uv": [0.5, 0.75, 0.5, 0.75], "texture": "#2"},
				"west": {"uv": [0.5, 0.75, 0.5, 0.75], "texture": "#2"},
				"up": {"uv": [0.5, 0.75, 0.5, 0.75], "texture": "#2"},
				"down": {"uv": [0.5, 0.75, 0.5, 0.75], "texture": "#2"}
			}
		},
		{
			"from": [10.79797, -3.90597, 19.65959],
			"to": [13.41484, -2.44997, 25.07043],
			"rotation": {"angle": 0, "axis": "y", "origin": [1.63889, 6.14835, 31.43554]},
			"faces": {
				"north": {"uv": [1.5, 8.5, 1.5, 8.5], "texture": "#1"},
				"east": {"uv": [1.5, 8.5, 1.5, 8.5], "texture": "#1"},
				"south": {"uv": [1.5, 8.5, 1.5, 8.5], "texture": "#1"},
				"west": {"uv": [1.5, 8.5, 1.5, 8.5], "texture": "#1"},
				"up": {"uv": [1.5, 8.5, 1.5, 8.5], "texture": "#1"},
				"down": {"uv": [1.5, 8.5, 1.5, 8.5], "texture": "#1"}
			}
		},
		{
			"from": [11.28986, 1.78386, 20.04226],
			"to": [12.677, 3.28289, 23.2199],
			"rotation": {"angle": -45, "axis": "x", "origin": [12.10641, 2.01505, 27.91749]},
			"faces": {
				"north": {"uv": [2.527, 9.25, 2.25, 9.25], "texture": "#1"},
				"east": {"uv": [2.527, 9.25, 2.25, 9.25], "texture": "#1"},
				"south": {"uv": [2.527, 9.25, 2.25, 9.25], "texture": "#1"},
				"west": {"uv": [2.527, 9.25, 2.25, 9.25], "texture": "#1"},
				"up": {"uv": [2.527, 9.25, 2.25, 9.25], "texture": "#1"},
				"down": {"uv": [2.527, 9.25, 2.25, 9.25], "texture": "#1"}
			}
		},
		{
			"from": [11.78176, -3.78108, 21.2649],
			"to": [12.43106, -2.81696, 25.93789],
			"rotation": {"angle": 0, "axis": "y", "origin": [1.63889, 5.9024, 12.68626]},
			"faces": {
				"north": {"uv": [0.5, 0.75, 0.5, 0.75], "texture": "#2"},
				"east": {"uv": [0.5, 0.75, 0.5, 0.75], "texture": "#2"},
				"south": {"uv": [0.5, 0.75, 0.5, 0.75], "texture": "#2"},
				"west": {"uv": [0.5, 0.75, 0.5, 0.75], "texture": "#2"},
				"up": {"uv": [0.5, 0.75, 0.5, 0.75], "texture": "#2"},
				"down": {"uv": [0.5, 0.75, 0.5, 0.75], "texture": "#2"}
			}
		},
		{
			"from": [11.78176, -3.45727, 26.76712],
			"to": [12.43106, -2.47349, 27.73124],
			"rotation": {"angle": -45, "axis": "x", "origin": [12.10641, -4.80998, 27.24918]},
			"faces": {
				"north": {"uv": [0.5, 0.75, 0.5, 0.75], "rotation": 180, "texture": "#2"},
				"east": {"uv": [0.5, 0.75, 0.5, 0.75], "rotation": 180, "texture": "#2"},
				"south": {"uv": [0.5, 0.75, 0.5, 0.75], "rotation": 180, "texture": "#2"},
				"west": {"uv": [0.5, 0.75, 0.5, 0.75], "rotation": 180, "texture": "#2"},
				"up": {"uv": [0.5, 0.75, 0.5, 0.75], "rotation": 180, "texture": "#2"},
				"down": {"uv": [0.5, 0.75, 0.5, 0.75], "rotation": 180, "texture": "#2"}
			}
		},
		{
			"from": [11.28986, -3.65242, 23.58603],
			"to": [12.677, -0.47478, 25.08507],
			"rotation": {"angle": 0, "axis": "x", "origin": [11.98343, -2.0636, 23.10581]},
			"faces": {
				"north": {"uv": [2.527, 9.25, 2.25, 9.25], "rotation": 180, "texture": "#1"},
				"east": {"uv": [2.25, 9.25, 2.527, 9.25], "rotation": 270, "texture": "#1"},
				"south": {"uv": [2.527, 9.25, 2.25, 9.25], "texture": "#1"},
				"west": {"uv": [2.25, 9.25, 2.527, 9.25], "rotation": 90, "texture": "#1"},
				"up": {"uv": [2.527, 9.25, 2.25, 9.25], "texture": "#1"},
				"down": {"uv": [2.527, 9.25, 2.25, 9.25], "rotation": 180, "texture": "#1"}
			}
		},
		{
			"from": [10.53234, 1.17414, 22.81614],
			"to": [13.14922, 2.00511, 24.3902],
			"rotation": {"angle": -22.5, "axis": "x", "origin": [11.84078, 1.02657, 23.48019]},
			"faces": {
				"north": {"uv": [2.5, 9.5, 2.5, 9.5], "rotation": 270, "texture": "#1"},
				"east": {"uv": [2.5, 9.5, 2.5, 9.5], "rotation": 270, "texture": "#1"},
				"south": {"uv": [2.5, 9.5, 2.5, 9.5], "rotation": 270, "texture": "#1"},
				"west": {"uv": [2.5, 9.5, 2.5, 9.5], "rotation": 270, "texture": "#1"},
				"up": {"uv": [2.5, 9.5, 2.5, 9.5], "rotation": 270, "texture": "#1"},
				"down": {"uv": [2.5, 9.5, 2.5, 9.5], "rotation": 270, "texture": "#1"}
			}
		},
		{
			"from": [11.02424, -1.03938, 22.0783],
			"to": [12.65733, -0.1459, 24.88209],
			"rotation": {"angle": -22.5, "axis": "x", "origin": [11.84078, 1.02657, 23.48019]},
			"faces": {
				"north": {"uv": [2.5, 9.5, 2.5, 9.5], "rotation": 270, "texture": "#1"},
				"east": {"uv": [2.5, 9.5, 2.5, 9.5], "rotation": 270, "texture": "#1"},
				"south": {"uv": [2.5, 9.5, 2.5, 9.5], "rotation": 270, "texture": "#1"},
				"west": {"uv": [2.5, 9.5, 2.5, 9.5], "rotation": 270, "texture": "#1"},
				"up": {"uv": [2.5, 9.5, 2.5, 9.5], "rotation": 270, "texture": "#1"},
				"down": {"uv": [2.5, 9.5, 2.5, 9.5], "rotation": 270, "texture": "#1"}
			}
		},
		{
			"from": [10.57703, 2.20988, 22.22725],
			"to": [13.10454, 3.4205, 24.76293],
			"rotation": {"angle": -22.5, "axis": "x", "origin": [11.84078, 1.02657, 23.48019]},
			"faces": {
				"north": {"uv": [0.375, 9.5, 0.375, 9.5], "rotation": 270, "texture": "#1"},
				"east": {"uv": [0.375, 9.5, 0.375, 9.5], "rotation": 270, "texture": "#1"},
				"south": {"uv": [0.375, 9.5, 0.375, 9.5], "rotation": 270, "texture": "#1"},
				"west": {"uv": [0.375, 9.5, 0.375, 9.5], "rotation": 270, "texture": "#1"},
				"up": {"uv": [0.375, 9.5, 0.375, 9.5], "rotation": 270, "texture": "#1"},
				"down": {"uv": [0.375, 9.5, 0.375, 9.5], "rotation": 270, "texture": "#1"}
			}
		},
		{
			"from": [11.27018, 1.11452, 14.55989],
			"to": [12.41138, 4.16427, 20.8463],
			"rotation": {"angle": -22.5, "axis": "x", "origin": [11.84078, 2.01469, 17.09314]},
			"faces": {
				"north": {"uv": [2.5, 9.75, 2.5, 9.75], "rotation": 180, "texture": "#1"},
				"east": {"uv": [2.5, 9.75, 2.5, 9.75], "rotation": 180, "texture": "#1"},
				"south": {"uv": [2.5, 9.75, 2.5, 9.75], "rotation": 180, "texture": "#1"},
				"west": {"uv": [2.5, 9.75, 2.5, 9.75], "rotation": 180, "texture": "#1"},
				"up": {"uv": [2.5, 9.75, 2.5, 9.75], "rotation": 180, "texture": "#1"},
				"down": {"uv": [2.5, 9.75, 2.5, 9.75], "rotation": 180, "texture": "#1"}
			}
		},
		{
			"from": [10.2864, 2.5902, 19.81058],
			"to": [13.39517, 4.16427, 20.47321],
			"rotation": {"angle": -22.5, "axis": "x", "origin": [11.84078, 2.01469, 17.09314]},
			"faces": {
				"north": {"uv": [2.5, 9.75, 2.5, 9.75], "rotation": 180, "texture": "#1"},
				"east": {"uv": [2.5, 9.75, 2.5, 9.75], "rotation": 180, "texture": "#1"},
				"south": {"uv": [2.5, 9.75, 2.5, 9.75], "rotation": 180, "texture": "#1"},
				"west": {"uv": [2.5, 9.75, 2.5, 9.75], "rotation": 180, "texture": "#1"},
				"up": {"uv": [2.5, 9.75, 2.5, 9.75], "rotation": 180, "texture": "#1"},
				"down": {"uv": [2.5, 9.75, 2.5, 9.75], "rotation": 180, "texture": "#1"}
			}
		},
		{
			"from": [10.36087, 1.91194, 14.80583],
			"to": [13.32069, 4.1116, 19.90862],
			"rotation": {"angle": -22.5, "axis": "x", "origin": [11.84078, 2.01469, 17.09314]},
			"faces": {
				"north": {"uv": [0.375, 9.5, 0.375, 9.5], "rotation": 180, "texture": "#1"},
				"east": {"uv": [0.375, 9.5, 0.375, 9.5], "rotation": 180, "texture": "#1"},
				"south": {"uv": [0.375, 9.5, 0.375, 9.5], "rotation": 180, "texture": "#1"},
				"west": {"uv": [0.375, 9.5, 0.375, 9.5], "rotation": 180, "texture": "#1"},
				"up": {"uv": [0.375, 9.5, 0.375, 9.5], "rotation": 180, "texture": "#1"},
				"down": {"uv": [0.375, 9.5, 0.375, 9.5], "rotation": 180, "texture": "#1"}
			}
		},
		{
			"from": [10.53234, 1.36047, 17.98894],
			"to": [13.14922, 4.16427, 19.6125],
			"rotation": {"angle": -22.5, "axis": "x", "origin": [11.84078, 2.01469, 17.09314]},
			"faces": {
				"north": {"uv": [2.5, 9.75, 2.5, 9.75], "rotation": 180, "texture": "#1"},
				"east": {"uv": [2.5, 9.75, 2.5, 9.75], "rotation": 180, "texture": "#1"},
				"south": {"uv": [2.5, 9.75, 2.5, 9.75], "rotation": 180, "texture": "#1"},
				"west": {"uv": [2.5, 9.75, 2.5, 9.75], "rotation": 180, "texture": "#1"},
				"up": {"uv": [2.5, 9.75, 2.5, 9.75], "rotation": 180, "texture": "#1"},
				"down": {"uv": [2.5, 9.75, 2.5, 9.75], "rotation": 180, "texture": "#1"}
			}
		},
		{
			"from": [11.02424, 1.11452, 15.05178],
			"to": [12.65733, 4.16427, 17.89493],
			"rotation": {"angle": -22.5, "axis": "x", "origin": [11.84078, 2.01469, 17.09314]},
			"faces": {
				"north": {"uv": [2.5, 9.75, 2.5, 9.75], "rotation": 180, "texture": "#1"},
				"east": {"uv": [2.5, 9.75, 2.5, 9.75], "rotation": 180, "texture": "#1"},
				"south": {"uv": [2.5, 9.75, 2.5, 9.75], "rotation": 180, "texture": "#1"},
				"west": {"uv": [2.5, 9.75, 2.5, 9.75], "rotation": 180, "texture": "#1"},
				"up": {"uv": [2.5, 9.75, 2.5, 9.75], "rotation": 180, "texture": "#1"},
				"down": {"uv": [2.5, 9.75, 2.5, 9.75], "rotation": 180, "texture": "#1"}
			}
		},
		{
			"from": [9.82172, 2.79078, 13.42265],
			"to": [13.85166, 5.74389, 16.49602],
			"rotation": {"angle": 22.5, "axis": "x", "origin": [11.84078, 5.65153, 14.98168]},
			"faces": {
				"north": {"uv": [0.375, 9.5, 0.375, 9.5], "rotation": 90, "texture": "#1"},
				"east": {"uv": [0.375, 9.5, 0.375, 9.5], "rotation": 90, "texture": "#1"},
				"south": {"uv": [0.375, 9.5, 0.375, 9.5], "rotation": 90, "texture": "#1"},
				"west": {"uv": [0.375, 9.5, 0.375, 9.5], "rotation": 90, "texture": "#1"},
				"up": {"uv": [0.375, 9.5, 0.375, 9.5], "rotation": 90, "texture": "#1"},
				"down": {"uv": [0.375, 9.5, 0.375, 9.5], "rotation": 90, "texture": "#1"}
			}
		},
		{
			"from": [11.2153, -8.40399, -13.74251],
			"to": [12.01373, -7.13085, -10.52428],
			"rotation": {"angle": -22.5, "axis": "x", "origin": [15.42177, 65.06435, -23.38058]},
			"faces": {
				"north": {"uv": [5.5, 9.5, 5.5, 9.5], "rotation": 180, "texture": "#1"},
				"east": {"uv": [5.5, 9.5, 5.5, 9.5], "rotation": 180, "texture": "#1"},
				"south": {"uv": [5.5, 9.5, 5.5, 9.5], "rotation": 180, "texture": "#1"},
				"west": {"uv": [5.5, 9.5, 5.5, 9.5], "rotation": 180, "texture": "#1"},
				"up": {"uv": [5.5, 9.5, 5.5, 9.5], "texture": "#1"},
				"down": {"uv": [5.5, 9.5, 5.5, 9.5], "texture": "#1"}
			}
		},
		{
			"from": [10.96287, -8.1591, -13.74251],
			"to": [12.26616, -7.3682, -10.52428],
			"rotation": {"angle": -22.5, "axis": "x", "origin": [15.42177, 65.06435, -23.38058]},
			"faces": {
				"north": {"uv": [5.5, 9.5, 5.5, 9.5], "rotation": 180, "texture": "#1"},
				"east": {"uv": [5.5, 9.5, 5.5, 9.5], "rotation": 180, "texture": "#1"},
				"south": {"uv": [5.5, 9.5, 5.5, 9.5], "rotation": 180, "texture": "#1"},
				"west": {"uv": [5.5, 9.5, 5.5, 9.5], "rotation": 180, "texture": "#1"},
				"up": {"uv": [5.5, 9.5, 5.5, 9.5], "texture": "#1"},
				"down": {"uv": [5.5, 9.5, 5.5, 9.5], "texture": "#1"}
			}
		},
		{
			"from": [11.26432, -8.32559, -14.10095],
			"to": [11.9647, -7.20879, -10.88258],
			"rotation": {"angle": -22.5, "axis": "x", "origin": [15.42177, 65.06435, -23.38058]},
			"faces": {
				"north": {"uv": [4.5, 10.75, 4.5, 10.75], "rotation": 180, "texture": "#1"},
				"east": {"uv": [4.5, 10.75, 4.5, 10.75], "rotation": 180, "texture": "#1"},
				"south": {"uv": [4.5, 10.75, 4.5, 10.75], "rotation": 180, "texture": "#1"},
				"west": {"uv": [4.5, 10.75, 4.5, 10.75], "rotation": 180, "texture": "#1"},
				"up": {"uv": [4.5, 10.75, 4.5, 10.75], "texture": "#1"},
				"down": {"uv": [4.5, 10.75, 4.5, 10.75], "texture": "#1"}
			}
		},
		{
			"from": [11.04289, -8.11077, -14.10095],
			"to": [12.18613, -7.417, -10.88258],
			"rotation": {"angle": -22.5, "axis": "x", "origin": [15.42177, 65.06435, -23.38058]},
			"faces": {
				"north": {"uv": [4.5, 10.75, 4.5, 10.75], "rotation": 180, "texture": "#1"},
				"east": {"uv": [4.5, 10.75, 4.5, 10.75], "rotation": 180, "texture": "#1"},
				"south": {"uv": [4.5, 10.75, 4.5, 10.75], "rotation": 180, "texture": "#1"},
				"west": {"uv": [4.5, 10.75, 4.5, 10.75], "rotation": 180, "texture": "#1"},
				"up": {"uv": [4.5, 10.75, 4.5, 10.75], "texture": "#1"},
				"down": {"uv": [4.5, 10.75, 4.5, 10.75], "texture": "#1"}
			}
		},
		{
			"from": [11.30634, -8.25838, -14.64979],
			"to": [11.92268, -7.2756, -13.18948],
			"rotation": {"angle": -22.5, "axis": "x", "origin": [15.42177, 65.06435, -23.38058]},
			"faces": {
				"north": {"uv": [4.5, 10.75, 4.5, 10.75], "rotation": 180, "texture": "#1"},
				"east": {"uv": [4.5, 10.75, 4.5, 10.75], "rotation": 180, "texture": "#1"},
				"south": {"uv": [4.5, 10.75, 4.5, 10.75], "rotation": 180, "texture": "#1"},
				"west": {"uv": [4.5, 10.75, 4.5, 10.75], "rotation": 180, "texture": "#1"},
				"up": {"uv": [4.5, 10.75, 4.5, 10.75], "texture": "#1"},
				"down": {"uv": [4.5, 10.75, 4.5, 10.75], "texture": "#1"}
			}
		},
		{
			"from": [11.11149, -8.06934, -14.64979],
			"to": [12.11754, -7.45882, -13.18948],
			"rotation": {"angle": -22.5, "axis": "x", "origin": [15.42177, 65.06435, -23.38058]},
			"faces": {
				"north": {"uv": [4.5, 10.75, 4.5, 10.75], "rotation": 180, "texture": "#1"},
				"east": {"uv": [4.5, 10.75, 4.5, 10.75], "rotation": 180, "texture": "#1"},
				"south": {"uv": [4.5, 10.75, 4.5, 10.75], "rotation": 180, "texture": "#1"},
				"west": {"uv": [4.5, 10.75, 4.5, 10.75], "rotation": 180, "texture": "#1"},
				"up": {"uv": [4.5, 10.75, 4.5, 10.75], "texture": "#1"},
				"down": {"uv": [4.5, 10.75, 4.5, 10.75], "texture": "#1"}
			}
		},
		{
			"from": [11.3803, -8.1401, -15.12898],
			"to": [11.84872, -7.39318, -13.66867],
			"rotation": {"angle": -22.5, "axis": "x", "origin": [15.42177, 65.06435, -23.38058]},
			"faces": {
				"north": {"uv": [4.5, 10.75, 4.5, 10.75], "rotation": 180, "texture": "#1"},
				"east": {"uv": [4.5, 10.75, 4.5, 10.75], "rotation": 180, "texture": "#1"},
				"south": {"uv": [4.5, 10.75, 4.5, 10.75], "rotation": 180, "texture": "#1"},
				"west": {"uv": [4.5, 10.75, 4.5, 10.75], "rotation": 180, "texture": "#1"},
				"up": {"uv": [4.5, 10.75, 4.5, 10.75], "texture": "#1"},
				"down": {"uv": [4.5, 10.75, 4.5, 10.75], "texture": "#1"}
			}
		},
		{
			"from": [11.23221, -7.99643, -15.12898],
			"to": [11.99681, -7.53243, -13.66867],
			"rotation": {"angle": -22.5, "axis": "x", "origin": [15.42177, 65.06435, -23.38058]},
			"faces": {
				"north": {"uv": [4.5, 10.75, 4.5, 10.75], "rotation": 180, "texture": "#1"},
				"east": {"uv": [4.5, 10.75, 4.5, 10.75], "rotation": 180, "texture": "#1"},
				"south": {"uv": [4.5, 10.75, 4.5, 10.75], "rotation": 180, "texture": "#1"},
				"west": {"uv": [4.5, 10.75, 4.5, 10.75], "rotation": 180, "texture": "#1"},
				"up": {"uv": [4.5, 10.75, 4.5, 10.75], "texture": "#1"},
				"down": {"uv": [4.5, 10.75, 4.5, 10.75], "texture": "#1"}
			}
		},
		{
			"from": [11.42715, -8.06519, -15.53153],
			"to": [11.80188, -7.46765, -14.07121],
			"rotation": {"angle": -22.5, "axis": "x", "origin": [15.42177, 65.06435, -23.38058]},
			"faces": {
				"north": {"uv": [4.5, 10.75, 4.5, 10.75], "rotation": 180, "texture": "#1"},
				"east": {"uv": [4.5, 10.75, 4.5, 10.75], "rotation": 180, "texture": "#1"},
				"south": {"uv": [4.5, 10.75, 4.5, 10.75], "rotation": 180, "texture": "#1"},
				"west": {"uv": [4.5, 10.75, 4.5, 10.75], "rotation": 180, "texture": "#1"},
				"up": {"uv": [4.5, 10.75, 4.5, 10.75], "texture": "#1"},
				"down": {"uv": [4.5, 10.75, 4.5, 10.75], "texture": "#1"}
			}
		},
		{
			"from": [11.30867, -7.95025, -15.53153],
			"to": [11.92035, -7.57905, -14.07121],
			"rotation": {"angle": -22.5, "axis": "x", "origin": [15.42177, 65.06435, -23.38058]},
			"faces": {
				"north": {"uv": [4.5, 10.75, 4.5, 10.75], "rotation": 180, "texture": "#1"},
				"east": {"uv": [4.5, 10.75, 4.5, 10.75], "rotation": 180, "texture": "#1"},
				"south": {"uv": [4.5, 10.75, 4.5, 10.75], "rotation": 180, "texture": "#1"},
				"west": {"uv": [4.5, 10.75, 4.5, 10.75], "rotation": 180, "texture": "#1"},
				"up": {"uv": [4.5, 10.75, 4.5, 10.75], "texture": "#1"},
				"down": {"uv": [4.5, 10.75, 4.5, 10.75], "texture": "#1"}
			}
		},
		{
			"from": [11.48336, -7.97529, -15.9531],
			"to": [11.74567, -7.55702, -14.49278],
			"rotation": {"angle": -22.5, "axis": "x", "origin": [15.42177, 65.06435, -23.38058]},
			"faces": {
				"north": {"uv": [4.5, 10.75, 4.5, 10.75], "rotation": 180, "texture": "#1"},
				"east": {"uv": [4.5, 10.75, 4.5, 10.75], "rotation": 180, "texture": "#1"},
				"south": {"uv": [4.5, 10.75, 4.5, 10.75], "rotation": 180, "texture": "#1"},
				"west": {"uv": [4.5, 10.75, 4.5, 10.75], "rotation": 180, "texture": "#1"},
				"up": {"uv": [4.5, 10.75, 4.5, 10.75], "texture": "#1"},
				"down": {"uv": [4.5, 10.75, 4.5, 10.75], "texture": "#1"}
			}
		},
		{
			"from": [11.40042, -7.89483, -15.9531],
			"to": [11.8286, -7.635, -14.49278],
			"rotation": {"angle": -22.5, "axis": "x", "origin": [15.42177, 65.06435, -23.38058]},
			"faces": {
				"north": {"uv": [4.5, 10.75, 4.5, 10.75], "rotation": 180, "texture": "#1"},
				"east": {"uv": [4.5, 10.75, 4.5, 10.75], "rotation": 180, "texture": "#1"},
				"south": {"uv": [4.5, 10.75, 4.5, 10.75], "rotation": 180, "texture": "#1"},
				"west": {"uv": [4.5, 10.75, 4.5, 10.75], "rotation": 180, "texture": "#1"},
				"up": {"uv": [4.5, 10.75, 4.5, 10.75], "texture": "#1"},
				"down": {"uv": [4.5, 10.75, 4.5, 10.75], "texture": "#1"}
			}
		},
		{
			"from": [11.02424, -0.0556, 22.0783],
			"to": [12.65733, 0.92819, 24.88209],
			"rotation": {"angle": -22.5, "axis": "x", "origin": [11.84078, 1.02657, 23.48019]},
			"faces": {
				"north": {"uv": [2.5, 9.5, 2.5, 9.5], "rotation": 270, "texture": "#1"},
				"east": {"uv": [2.5, 9.5, 2.5, 9.5], "rotation": 270, "texture": "#1"},
				"south": {"uv": [2.5, 9.5, 2.5, 9.5], "rotation": 270, "texture": "#1"},
				"west": {"uv": [2.5, 9.5, 2.5, 9.5], "rotation": 270, "texture": "#1"},
				"up": {"uv": [2.5, 9.5, 2.5, 9.5], "rotation": 270, "texture": "#1"},
				"down": {"uv": [2.5, 9.5, 2.5, 9.5], "rotation": 270, "texture": "#1"}
			}
		},
		{
			"from": [11.14529, -0.79728, 22.19935],
			"to": [12.53627, 4.33302, 24.76104],
			"rotation": {"angle": -22.5, "axis": "x", "origin": [11.84078, 1.02657, 23.48019]},
			"faces": {
				"north": {"uv": [0.375, 9.5, 0.375, 9.5], "rotation": 270, "texture": "#1"},
				"east": {"uv": [0.375, 9.5, 0.375, 9.5], "rotation": 270, "texture": "#1"},
				"south": {"uv": [0.375, 9.5, 0.375, 9.5], "rotation": 270, "texture": "#1"},
				"west": {"uv": [0.375, 9.5, 0.375, 9.5], "rotation": 270, "texture": "#1"},
				"up": {"uv": [0.375, 9.5, 0.375, 9.5], "rotation": 270, "texture": "#1"},
				"down": {"uv": [0.375, 9.5, 0.375, 9.5], "rotation": 270, "texture": "#1"}
			}
		},
		{
			"from": [11.02424, 1.03387, 22.0783],
			"to": [12.65733, 2.01766, 24.88209],
			"rotation": {"angle": -22.5, "axis": "x", "origin": [11.84078, 1.02657, 23.48019]},
			"faces": {
				"north": {"uv": [2.5, 9.5, 2.5, 9.5], "rotation": 270, "texture": "#1"},
				"east": {"uv": [2.5, 9.5, 2.5, 9.5], "rotation": 270, "texture": "#1"},
				"south": {"uv": [2.5, 9.5, 2.5, 9.5], "rotation": 270, "texture": "#1"},
				"west": {"uv": [2.5, 9.5, 2.5, 9.5], "rotation": 270, "texture": "#1"},
				"up": {"uv": [2.5, 9.5, 2.5, 9.5], "rotation": 270, "texture": "#1"},
				"down": {"uv": [2.5, 9.5, 2.5, 9.5], "rotation": 270, "texture": "#1"}
			}
		},
		{
			"from": [10.57703, 1.26351, 22.99488],
			"to": [13.13433, 2.79455, 24.27104],
			"rotation": {"angle": -22.5, "axis": "x", "origin": [11.84078, 1.02657, 23.48019]},
			"faces": {
				"north": {"uv": [0.375, 9.5, 0.375, 9.5], "rotation": 270, "texture": "#1"},
				"east": {"uv": [0.375, 9.5, 0.375, 9.5], "rotation": 270, "texture": "#1"},
				"south": {"uv": [0.375, 9.5, 0.375, 9.5], "rotation": 270, "texture": "#1"},
				"west": {"uv": [0.375, 9.5, 0.375, 9.5], "rotation": 270, "texture": "#1"},
				"up": {"uv": [0.375, 9.5, 0.375, 9.5], "rotation": 270, "texture": "#1"},
				"down": {"uv": [0.375, 9.5, 0.375, 9.5], "rotation": 270, "texture": "#1"}
			}
		},
		{
			"from": [10.53234, 3.17806, 22.0783],
			"to": [13.14922, 4.19504, 24.88209],
			"rotation": {"angle": -22.5, "axis": "x", "origin": [11.84078, 1.02657, 23.48019]},
			"faces": {
				"north": {"uv": [2.5, 9.5, 2.5, 9.5], "rotation": 270, "texture": "#1"},
				"east": {"uv": [2.5, 9.5, 2.5, 9.5], "rotation": 270, "texture": "#1"},
				"south": {"uv": [2.5, 9.5, 2.5, 9.5], "rotation": 270, "texture": "#1"},
				"west": {"uv": [2.5, 9.5, 2.5, 9.5], "rotation": 270, "texture": "#1"},
				"up": {"uv": [2.5, 9.5, 2.5, 9.5], "rotation": 270, "texture": "#1"},
				"down": {"uv": [2.5, 9.5, 2.5, 9.5], "rotation": 270, "texture": "#1"}
			}
		},
		{
			"from": [10.53234, 2.07583, 22.0783],
			"to": [13.14922, 3.06301, 24.88209],
			"rotation": {"angle": -22.5, "axis": "x", "origin": [11.84078, 1.02657, 23.48019]},
			"faces": {
				"north": {"uv": [2.5, 9.5, 2.5, 9.5], "rotation": 270, "texture": "#1"},
				"east": {"uv": [2.5, 9.5, 2.5, 9.5], "rotation": 270, "texture": "#1"},
				"south": {"uv": [2.5, 9.5, 2.5, 9.5], "rotation": 270, "texture": "#1"},
				"west": {"uv": [2.5, 9.5, 2.5, 9.5], "rotation": 270, "texture": "#1"},
				"up": {"uv": [2.5, 9.5, 2.5, 9.5], "rotation": 270, "texture": "#1"},
				"down": {"uv": [2.5, 9.5, 2.5, 9.5], "rotation": 270, "texture": "#1"}
			}
		},
		{
			"from": [10.53234, 1.36047, 22.67614],
			"to": [13.14922, 4.19406, 24.28956],
			"rotation": {"angle": -22.5, "axis": "x", "origin": [11.84078, 2.01469, 17.09314]},
			"faces": {
				"north": {"uv": [2.5, 9.75, 2.5, 9.75], "rotation": 180, "texture": "#1"},
				"east": {"uv": [2.5, 9.75, 2.5, 9.75], "rotation": 180, "texture": "#1"},
				"south": {"uv": [2.5, 9.75, 2.5, 9.75], "rotation": 180, "texture": "#1"},
				"west": {"uv": [2.5, 9.75, 2.5, 9.75], "rotation": 180, "texture": "#1"},
				"up": {"uv": [2.5, 9.75, 2.5, 9.75], "rotation": 180, "texture": "#1"},
				"down": {"uv": [2.5, 9.75, 2.5, 9.75], "rotation": 180, "texture": "#1"}
			}
		},
		{
			"from": [10.60682, 1.5541, 18.40125],
			"to": [13.03006, 4.06, 24.20019],
			"rotation": {"angle": -22.5, "axis": "x", "origin": [11.84078, 2.01469, 17.09314]},
			"faces": {
				"north": {"uv": [0.375, 9.5, 0.375, 9.5], "rotation": 180, "texture": "#1"},
				"east": {"uv": [0.375, 9.5, 0.375, 9.5], "rotation": 180, "texture": "#1"},
				"south": {"uv": [0.375, 9.5, 0.375, 9.5], "rotation": 180, "texture": "#1"},
				"west": {"uv": [0.375, 9.5, 0.375, 9.5], "rotation": 180, "texture": "#1"},
				"up": {"uv": [0.375, 9.5, 0.375, 9.5], "rotation": 180, "texture": "#1"},
				"down": {"uv": [0.375, 9.5, 0.375, 9.5], "rotation": 180, "texture": "#1"}
			}
		},
		{
			"from": [10.2864, 1.85236, 21.1896],
			"to": [13.39517, 3.42642, 21.83009],
			"rotation": {"angle": -22.5, "axis": "x", "origin": [11.84078, 2.01469, 17.09314]},
			"faces": {
				"north": {"uv": [2.5, 9.75, 2.5, 9.75], "rotation": 180, "texture": "#1"},
				"east": {"uv": [2.5, 9.75, 2.5, 9.75], "rotation": 180, "texture": "#1"},
				"south": {"uv": [2.5, 9.75, 2.5, 9.75], "rotation": 180, "texture": "#1"},
				"west": {"uv": [2.5, 9.75, 2.5, 9.75], "rotation": 180, "texture": "#1"},
				"up": {"uv": [2.5, 9.75, 2.5, 9.75], "rotation": 180, "texture": "#1"},
				"down": {"uv": [2.5, 9.75, 2.5, 9.75], "rotation": 180, "texture": "#1"}
			}
		},
		{
			"from": [10.53234, 1.36047, 21.14669],
			"to": [13.14922, 4.16427, 22.50215],
			"rotation": {"angle": -22.5, "axis": "x", "origin": [11.84078, 2.01469, 17.09314]},
			"faces": {
				"north": {"uv": [2.5, 9.75, 2.5, 9.75], "rotation": 180, "texture": "#1"},
				"east": {"uv": [2.5, 9.75, 2.5, 9.75], "rotation": 180, "texture": "#1"},
				"south": {"uv": [2.5, 9.75, 2.5, 9.75], "rotation": 180, "texture": "#1"},
				"west": {"uv": [2.5, 9.75, 2.5, 9.75], "rotation": 180, "texture": "#1"},
				"up": {"uv": [2.5, 9.75, 2.5, 9.75], "rotation": 180, "texture": "#1"},
				"down": {"uv": [2.5, 9.75, 2.5, 9.75], "rotation": 180, "texture": "#1"}
			}
		},
		{
			"from": [10.42045, 1.91194, 20.19163],
			"to": [13.2909, 3.33705, 21.56197],
			"rotation": {"angle": -22.5, "axis": "x", "origin": [11.84078, 2.01469, 17.09314]},
			"faces": {
				"north": {"uv": [0.375, 9.5, 0.375, 9.5], "rotation": 180, "texture": "#1"},
				"east": {"uv": [0.375, 9.5, 0.375, 9.5], "rotation": 180, "texture": "#1"},
				"south": {"uv": [0.375, 9.5, 0.375, 9.5], "rotation": 180, "texture": "#1"},
				"west": {"uv": [0.375, 9.5, 0.375, 9.5], "rotation": 180, "texture": "#1"},
				"up": {"uv": [0.375, 9.5, 0.375, 9.5], "rotation": 180, "texture": "#1"},
				"down": {"uv": [0.375, 9.5, 0.375, 9.5], "rotation": 180, "texture": "#1"}
			}
		},
		{
			"from": [10.2864, 1.85236, 19.74477],
			"to": [13.39517, 3.42642, 21.02575],
			"rotation": {"angle": -22.5, "axis": "x", "origin": [11.84078, 2.01469, 17.09314]},
			"faces": {
				"north": {"uv": [2.5, 9.75, 2.5, 9.75], "rotation": 180, "texture": "#1"},
				"east": {"uv": [2.5, 9.75, 2.5, 9.75], "rotation": 180, "texture": "#1"},
				"south": {"uv": [2.5, 9.75, 2.5, 9.75], "rotation": 180, "texture": "#1"},
				"west": {"uv": [2.5, 9.75, 2.5, 9.75], "rotation": 180, "texture": "#1"},
				"up": {"uv": [2.5, 9.75, 2.5, 9.75], "rotation": 180, "texture": "#1"},
				"down": {"uv": [2.5, 9.75, 2.5, 9.75], "rotation": 180, "texture": "#1"}
			}
		},
		{
			"from": [10.53234, 1.36047, 19.73166],
			"to": [13.14922, 4.16427, 21.01264],
			"rotation": {"angle": -22.5, "axis": "x", "origin": [11.84078, 2.01469, 17.09314]},
			"faces": {
				"north": {"uv": [2.5, 9.75, 2.5, 9.75], "rotation": 180, "texture": "#1"},
				"east": {"uv": [2.5, 9.75, 2.5, 9.75], "rotation": 180, "texture": "#1"},
				"south": {"uv": [2.5, 9.75, 2.5, 9.75], "rotation": 180, "texture": "#1"},
				"west": {"uv": [2.5, 9.75, 2.5, 9.75], "rotation": 180, "texture": "#1"},
				"up": {"uv": [2.5, 9.75, 2.5, 9.75], "rotation": 180, "texture": "#1"},
				"down": {"uv": [2.5, 9.75, 2.5, 9.75], "rotation": 180, "texture": "#1"}
			}
		},
		{
			"from": [10.53234, 3.81994, 17.98608],
			"to": [13.14922, 4.90211, 19.60965],
			"rotation": {"angle": -22.5, "axis": "x", "origin": [11.84078, 2.01469, 17.09314]},
			"faces": {
				"north": {"uv": [2.5, 9.75, 2.5, 9.75], "rotation": 180, "texture": "#1"},
				"east": {"uv": [2.5, 9.75, 2.5, 9.75], "rotation": 180, "texture": "#1"},
				"south": {"uv": [2.5, 9.75, 2.5, 9.75], "rotation": 180, "texture": "#1"},
				"west": {"uv": [2.5, 9.75, 2.5, 9.75], "rotation": 180, "texture": "#1"},
				"up": {"uv": [2.5, 9.75, 2.5, 9.75], "rotation": 180, "texture": "#1"},
				"down": {"uv": [2.5, 9.75, 2.5, 9.75], "rotation": 180, "texture": "#1"}
			}
		},
		{
			"from": [10.53234, 3.81994, 19.751],
			"to": [13.14922, 4.90211, 20.3544],
			"rotation": {"angle": -22.5, "axis": "x", "origin": [11.84078, 2.01469, 17.09314]},
			"faces": {
				"north": {"uv": [2.5, 9.75, 2.5, 9.75], "rotation": 180, "texture": "#1"},
				"east": {"uv": [2.5, 9.75, 2.5, 9.75], "rotation": 180, "texture": "#1"},
				"south": {"uv": [2.5, 9.75, 2.5, 9.75], "rotation": 180, "texture": "#1"},
				"west": {"uv": [2.5, 9.75, 2.5, 9.75], "rotation": 180, "texture": "#1"},
				"up": {"uv": [2.5, 9.75, 2.5, 9.75], "rotation": 180, "texture": "#1"},
				"down": {"uv": [2.5, 9.75, 2.5, 9.75], "rotation": 180, "texture": "#1"}
			}
		},
		{
			"from": [10.2864, 2.5902, 17.98573],
			"to": [13.39517, 4.16427, 19.60929],
			"rotation": {"angle": -22.5, "axis": "x", "origin": [11.84078, 2.01469, 17.09314]},
			"faces": {
				"north": {"uv": [2.5, 9.75, 2.5, 9.75], "rotation": 180, "texture": "#1"},
				"east": {"uv": [2.5, 9.75, 2.5, 9.75], "rotation": 180, "texture": "#1"},
				"south": {"uv": [2.5, 9.75, 2.5, 9.75], "rotation": 180, "texture": "#1"},
				"west": {"uv": [2.5, 9.75, 2.5, 9.75], "rotation": 180, "texture": "#1"},
				"up": {"uv": [2.5, 9.75, 2.5, 9.75], "rotation": 180, "texture": "#1"},
				"down": {"uv": [2.5, 9.75, 2.5, 9.75], "rotation": 180, "texture": "#1"}
			}
		},
		{
			"from": [10.2864, 1.85236, 18.00205],
			"to": [13.39517, 3.42642, 19.62561],
			"rotation": {"angle": -22.5, "axis": "x", "origin": [11.84078, 2.01469, 17.09314]},
			"faces": {
				"north": {"uv": [2.5, 9.75, 2.5, 9.75], "rotation": 180, "texture": "#1"},
				"east": {"uv": [2.5, 9.75, 2.5, 9.75], "rotation": 180, "texture": "#1"},
				"south": {"uv": [2.5, 9.75, 2.5, 9.75], "rotation": 180, "texture": "#1"},
				"west": {"uv": [2.5, 9.75, 2.5, 9.75], "rotation": 180, "texture": "#1"},
				"up": {"uv": [2.5, 9.75, 2.5, 9.75], "rotation": 180, "texture": "#1"},
				"down": {"uv": [2.5, 9.75, 2.5, 9.75], "rotation": 180, "texture": "#1"}
			}
		},
		{
			"from": [9.78466, 1.36047, 14.06799],
			"to": [13.70998, 5.4727, 15.9667],
			"rotation": {"angle": -22.5, "axis": "x", "origin": [11.84078, 2.01469, 17.09314]},
			"faces": {
				"north": {"uv": [2.5, 9.75, 2.5, 9.75], "rotation": 180, "texture": "#1"},
				"east": {"uv": [2.5, 9.75, 2.5, 9.75], "rotation": 180, "texture": "#1"},
				"south": {"uv": [2.5, 9.75, 2.5, 9.75], "rotation": 180, "texture": "#1"},
				"west": {"uv": [2.5, 9.75, 2.5, 9.75], "rotation": 180, "texture": "#1"},
				"up": {"uv": [2.5, 9.75, 2.5, 9.75], "rotation": 180, "texture": "#1"},
				"down": {"uv": [2.5, 9.75, 2.5, 9.75], "rotation": 180, "texture": "#1"}
			}
		},
		{
			"from": [9.78466, 1.36047, 16.12351],
			"to": [13.70998, 5.4727, 17.83002],
			"rotation": {"angle": -22.5, "axis": "x", "origin": [11.84078, 2.01469, 17.09314]},
			"faces": {
				"north": {"uv": [2.5, 9.75, 2.5, 9.75], "rotation": 180, "texture": "#1"},
				"east": {"uv": [2.5, 9.75, 2.5, 9.75], "rotation": 180, "texture": "#1"},
				"south": {"uv": [2.5, 9.75, 2.5, 9.75], "rotation": 180, "texture": "#1"},
				"west": {"uv": [2.5, 9.75, 2.5, 9.75], "rotation": 180, "texture": "#1"},
				"up": {"uv": [2.5, 9.75, 2.5, 9.75], "rotation": 180, "texture": "#1"},
				"down": {"uv": [2.5, 9.75, 2.5, 9.75], "rotation": 180, "texture": "#1"}
			}
		},
		{
			"from": [9.53872, 3.93771, 13.39286],
			"to": [13.95593, 5.34172, 16.5705],
			"rotation": {"angle": 22.5, "axis": "x", "origin": [11.84078, 5.65153, 14.98168]},
			"faces": {
				"north": {"uv": [2.5, 9.75, 2.5, 9.75], "rotation": 90, "texture": "#1"},
				"east": {"uv": [2.5, 9.75, 2.5, 9.75], "rotation": 90, "texture": "#1"},
				"south": {"uv": [2.5, 9.75, 2.5, 9.75], "rotation": 90, "texture": "#1"},
				"west": {"uv": [2.5, 9.75, 2.5, 9.75], "rotation": 90, "texture": "#1"},
				"up": {"uv": [2.5, 9.75, 2.5, 9.75], "rotation": 90, "texture": "#1"},
				"down": {"uv": [2.5, 9.75, 2.5, 9.75], "rotation": 90, "texture": "#1"}
			}
		},
		{
			"from": [9.53872, 2.56736, 13.39286],
			"to": [13.95593, 3.80753, 16.5705],
			"rotation": {"angle": 22.5, "axis": "x", "origin": [11.84078, 5.65153, 14.98168]},
			"faces": {
				"north": {"uv": [2.5, 9.75, 2.5, 9.75], "rotation": 90, "texture": "#1"},
				"east": {"uv": [2.5, 9.75, 2.5, 9.75], "rotation": 90, "texture": "#1"},
				"south": {"uv": [2.5, 9.75, 2.5, 9.75], "rotation": 90, "texture": "#1"},
				"west": {"uv": [2.5, 9.75, 2.5, 9.75], "rotation": 90, "texture": "#1"},
				"up": {"uv": [2.5, 9.75, 2.5, 9.75], "rotation": 90, "texture": "#1"},
				"down": {"uv": [2.5, 9.75, 2.5, 9.75], "rotation": 90, "texture": "#1"}
			}
		},
		{
			"from": [9.53872, 5.51872, 13.39286],
			"to": [14.20188, 6.81192, 16.5705],
			"rotation": {"angle": 22.5, "axis": "x", "origin": [11.84078, 5.65153, 14.98168]},
			"faces": {
				"north": {"uv": [2.5, 9.75, 2.5, 9.75], "rotation": 90, "texture": "#1"},
				"east": {"uv": [2.5, 9.75, 2.5, 9.75], "rotation": 90, "texture": "#1"},
				"south": {"uv": [2.5, 9.75, 2.5, 9.75], "rotation": 90, "texture": "#1"},
				"west": {"uv": [2.5, 9.75, 2.5, 9.75], "rotation": 90, "texture": "#1"},
				"up": {"uv": [2.5, 9.75, 2.5, 9.75], "rotation": 90, "texture": "#1"},
				"down": {"uv": [2.5, 9.75, 2.5, 9.75], "rotation": 90, "texture": "#1"}
			}
		},
		{
			"from": [9.53872, 7.06781, 13.39286],
			"to": [14.20188, 9.18024, 16.5705],
			"rotation": {"angle": 22.5, "axis": "x", "origin": [11.84078, 5.65153, 14.98168]},
			"faces": {
				"north": {"uv": [2.5, 9.75, 2.5, 9.75], "rotation": 90, "texture": "#1"},
				"east": {"uv": [2.5, 9.75, 2.5, 9.75], "rotation": 90, "texture": "#1"},
				"south": {"uv": [2.5, 9.75, 2.5, 9.75], "rotation": 90, "texture": "#1"},
				"west": {"uv": [2.5, 9.75, 2.5, 9.75], "rotation": 90, "texture": "#1"},
				"up": {"uv": [2.5, 9.75, 2.5, 9.75], "rotation": 90, "texture": "#1"},
				"down": {"uv": [2.5, 9.75, 2.5, 9.75], "rotation": 90, "texture": "#1"}
			}
		},
		{
			"from": [9.68767, 5.63788, 13.51202],
			"to": [14.09761, 9.18024, 16.34707],
			"rotation": {"angle": 22.5, "axis": "x", "origin": [11.84078, 5.65153, 14.98168]},
			"faces": {
				"north": {"uv": [0.375, 9.5, 0.375, 9.5], "rotation": 90, "texture": "#1"},
				"east": {"uv": [0.375, 9.5, 0.375, 9.5], "rotation": 90, "texture": "#1"},
				"south": {"uv": [0.375, 9.5, 0.375, 9.5], "rotation": 90, "texture": "#1"},
				"west": {"uv": [0.375, 9.5, 0.375, 9.5], "rotation": 90, "texture": "#1"},
				"up": {"uv": [0.375, 9.5, 0.375, 9.5], "rotation": 90, "texture": "#1"},
				"down": {"uv": [0.375, 9.5, 0.375, 9.5], "rotation": 90, "texture": "#1"}
			}
		}
	],
	"display": {
		"head": {
			"translation": [1, 0.25, -12.5],
			"scale": [4, 4, 4]
		}
	},
	"groups": [
		{
			"name": "group",
			"origin": [8.59247, 11.7664, 0.84019],
			"children": []
		},
		{
			"name": "group",
			"origin": [8.59247, 11.7664, 0.84019],
			"children": []
		},
		{
			"name": "group",
			"origin": [3.96009, 5.92767, 5.42432],
			"children": [0, 1, 2, 3, 4, 5, 6, 7, 8, 9, 10, 11, 12, 13, 14, 15, 16, 17, 18, 19, 20, 21, 22, 23, 24, 25, 26, 27, 28, 29, 30, 31, 32, 33, 34, 35, 36, 37, 38, 39, 40, 41, 42, 43, 44, 45, 46, 47, 48, 49, 50, 51, 52, 53, 54, 55, 56, 57, 58, 59, 60]
		},
		{
			"name": "group",
			"origin": [3.96009, 5.92767, 5.42432],
			"children": [61, 62, 63, 64, 65, 66, 67, 68, 69, 70, 71, 72, 73, 74, 75, 76, 77, 78, 79, 80, 81, 82, 83, 84, 85, 86, 87, 88, 89, 90, 91, 92, 93, 94, 95, 96, 97, 98, 99, 100, 101, 102, 103, 104, 105, 106, 107, 108, 109, 110, 111, 112, 113, 114, 115, 116, 117, 118, 119, 120]
		}
	]
}