{
	"credit": "Made with Blockbench",
	"textures": {
		"1": "block/prismarine_bricks",
		"particle": "block/bedrock"
	},
	"elements": [
		{
			"from": [-7.10937, 13.63296, -3.73346],
			"to": [-1.19796, 14.83738, -2.20152],
			"rotation": {"angle": 22.5, "axis": "z", "origin": [-4.04134, 14.4872, 4.82145]},
			"faces": {
				"north": {"uv": [2.667, 9.5, 2.667, 9.5], "rotation": 270, "texture": "#1"},
				"east": {"uv": [2.667, 9.5, 2.667, 9.5], "rotation": 90, "texture": "#1"},
				"south": {"uv": [2.667, 9.5, 2.667, 9.5], "rotation": 90, "texture": "#1"},
				"west": {"uv": [2.667, 9.5, 2.667, 9.5], "rotation": 90, "texture": "#1"},
				"up": {"uv": [2.667, 9.5, 2.667, 9.5], "rotation": 90, "texture": "#1"},
				"down": {"uv": [2.667, 9.5, 2.667, 9.5], "rotation": 90, "texture": "#1"}
			}
		},
		{
			"from": [-11.57228, 13.63296, -2.80569],
			"to": [-6.06077, 14.83738, -1.68965],
			"rotation": {"angle": 22.5, "axis": "z", "origin": [-4.04134, 14.4872, 4.82145]},
			"faces": {
				"north": {"uv": [2.667, 9.5, 2.667, 9.5], "rotation": 270, "texture": "#1"},
				"east": {"uv": [2.667, 9.5, 2.667, 9.5], "rotation": 90, "texture": "#1"},
				"south": {"uv": [2.667, 9.5, 2.667, 9.5], "rotation": 90, "texture": "#1"},
				"west": {"uv": [2.667, 9.5, 2.667, 9.5], "rotation": 90, "texture": "#1"},
				"up": {"uv": [2.667, 9.5, 2.667, 9.5], "rotation": 90, "texture": "#1"},
				"down": {"uv": [2.667, 9.5, 2.667, 9.5], "rotation": 90, "texture": "#1"}
			}
		},
		{
			"from": [-4.46242, 13.70165, -3.63816],
			"to": [-1.25517, 14.73802, 19.01627],
			"rotation": {"angle": 22.5, "axis": "z", "origin": [-4.04134, 14.4872, 4.82145]},
			"faces": {
				"north": {"uv": [3.667, 9.5, 3.667, 9.5], "rotation": 270, "texture": "#1"},
				"east": {"uv": [3.667, 9.5, 3.667, 9.5], "rotation": 90, "texture": "#1"},
				"south": {"uv": [3.667, 9.5, 3.667, 9.5], "rotation": 90, "texture": "#1"},
				"west": {"uv": [3.667, 9.5, 3.667, 9.5], "rotation": 90, "texture": "#1"},
				"up": {"uv": [3.667, 9.5, 3.667, 9.5], "rotation": 90, "texture": "#1"},
				"down": {"uv": [3.667, 9.5, 3.667, 9.5], "rotation": 90, "texture": "#1"}
			}
		},
		{
			"from": [-4.46242, 14.03234, -3.63816],
			"to": [-1.25517, 14.46885, 22.11518],
			"rotation": {"angle": 22.5, "axis": "z", "origin": [-4.04134, 14.4872, 4.82145]},
			"faces": {
				"north": {"uv": [4.5, 10.5, 4.5, 10.5], "rotation": 90, "texture": "#1"},
				"east": {"uv": [4.5, 10.5, 4.5, 10.5], "rotation": 90, "texture": "#1"},
				"south": {"uv": [4.5, 10.5, 4.5, 10.5], "rotation": 90, "texture": "#1"},
				"west": {"uv": [4.5, 10.5, 4.5, 10.5], "rotation": 90, "texture": "#1"},
				"up": {"uv": [4.5, 10.5, 4.5, 10.5], "rotation": 90, "texture": "#1"},
				"down": {"uv": [4.5, 10.5, 4.5, 10.5], "rotation": 90, "texture": "#1"}
			}
		},
		{
			"from": [-10.60416, 13.70165, -2.13453],
			"to": [-1.25517, 14.73802, 8.00461],
			"rotation": {"angle": 22.5, "axis": "z", "origin": [-4.04134, 14.4872, 4.82145]},
			"faces": {
				"north": {"uv": [3.667, 9.5, 3.667, 9.5], "rotation": 270, "texture": "#1"},
				"east": {"uv": [3.667, 9.5, 3.667, 9.5], "rotation": 90, "texture": "#1"},
				"south": {"uv": [3.667, 9.5, 3.667, 9.5], "rotation": 90, "texture": "#1"},
				"west": {"uv": [3.667, 9.5, 3.667, 9.5], "rotation": 90, "texture": "#1"},
				"up": {"uv": [3.667, 9.5, 3.667, 9.5], "rotation": 90, "texture": "#1"},
				"down": {"uv": [3.667, 9.5, 3.667, 9.5], "rotation": 90, "texture": "#1"}
			}
		},
		{
			"from": [-11.06559, 14.03234, -2.13453],
			"to": [-1.25517, 14.46885, 9.96534],
			"rotation": {"angle": 22.5, "axis": "z", "origin": [-4.04134, 14.4872, 4.82145]},
			"faces": {
				"north": {"uv": [4.5, 10.5, 4.5, 10.5], "rotation": 90, "texture": "#1"},
				"east": {"uv": [4.5, 10.5, 4.5, 10.5], "rotation": 90, "texture": "#1"},
				"south": {"uv": [4.5, 10.5, 4.5, 10.5], "rotation": 90, "texture": "#1"},
				"west": {"uv": [4.5, 10.5, 4.5, 10.5], "rotation": 90, "texture": "#1"},
				"up": {"uv": [4.5, 10.5, 4.5, 10.5], "rotation": 90, "texture": "#1"},
				"down": {"uv": [4.5, 10.5, 4.5, 10.5], "rotation": 90, "texture": "#1"}
			}
		},
		{
			"from": [-8.27343, 13.70165, -2.55043],
			"to": [-1.25517, 14.73802, 12.31232],
			"rotation": {"angle": 22.5, "axis": "z", "origin": [-4.04134, 14.4872, 4.82145]},
			"faces": {
				"north": {"uv": [3.667, 9.5, 3.667, 9.5], "rotation": 270, "texture": "#1"},
				"east": {"uv": [3.667, 9.5, 3.667, 9.5], "rotation": 90, "texture": "#1"},
				"south": {"uv": [3.667, 9.5, 3.667, 9.5], "rotation": 90, "texture": "#1"},
				"west": {"uv": [3.667, 9.5, 3.667, 9.5], "rotation": 90, "texture": "#1"},
				"up": {"uv": [3.667, 9.5, 3.667, 9.5], "rotation": 90, "texture": "#1"},
				"down": {"uv": [3.667, 9.5, 3.667, 9.5], "rotation": 90, "texture": "#1"}
			}
		},
		{
			"from": [-9.48083, 14.03234, -2.55043],
			"to": [-1.25517, 14.46885, 13.13487],
			"rotation": {"angle": 22.5, "axis": "z", "origin": [-4.04134, 14.4872, 4.82145]},
			"faces": {
				"north": {"uv": [4.5, 10.5, 4.5, 10.5], "rotation": 90, "texture": "#1"},
				"east": {"uv": [4.5, 10.5, 4.5, 10.5], "rotation": 90, "texture": "#1"},
				"south": {"uv": [4.5, 10.5, 4.5, 10.5], "rotation": 90, "texture": "#1"},
				"west": {"uv": [4.5, 10.5, 4.5, 10.5], "rotation": 90, "texture": "#1"},
				"up": {"uv": [4.5, 10.5, 4.5, 10.5], "rotation": 90, "texture": "#1"},
				"down": {"uv": [4.5, 10.5, 4.5, 10.5], "rotation": 90, "texture": "#1"}
			}
		},
		{
			"from": [-5.61414, 13.70165, -3.63816],
			"to": [-1.25517, 14.73802, 15.41635],
			"rotation": {"angle": 22.5, "axis": "z", "origin": [-4.04134, 14.4872, 4.82145]},
			"faces": {
				"north": {"uv": [3.667, 9.5, 3.667, 9.5], "rotation": 270, "texture": "#1"},
				"east": {"uv": [3.667, 9.5, 3.667, 9.5], "rotation": 90, "texture": "#1"},
				"south": {"uv": [3.667, 9.5, 3.667, 9.5], "rotation": 90, "texture": "#1"},
				"west": {"uv": [3.667, 9.5, 3.667, 9.5], "rotation": 90, "texture": "#1"},
				"up": {"uv": [3.667, 9.5, 3.667, 9.5], "rotation": 90, "texture": "#1"},
				"down": {"uv": [3.667, 9.5, 3.667, 9.5], "rotation": 90, "texture": "#1"}
			}
		},
		{
			"from": [-6.57544, 14.03234, -3.63816],
			"to": [-1.25517, 14.46885, 19.73804],
			"rotation": {"angle": 22.5, "axis": "z", "origin": [-4.04134, 14.4872, 4.82145]},
			"faces": {
				"north": {"uv": [4.5, 10.5, 4.5, 10.5], "rotation": 90, "texture": "#1"},
				"east": {"uv": [4.5, 10.5, 4.5, 10.5], "rotation": 90, "texture": "#1"},
				"south": {"uv": [4.5, 10.5, 4.5, 10.5], "rotation": 90, "texture": "#1"},
				"west": {"uv": [4.5, 10.5, 4.5, 10.5], "rotation": 90, "texture": "#1"},
				"up": {"uv": [4.5, 10.5, 4.5, 10.5], "rotation": 90, "texture": "#1"},
				"down": {"uv": [4.5, 10.5, 4.5, 10.5], "rotation": 90, "texture": "#1"}
			}
		},
		{
			"from": [10.48265, 12.01031, -3.73346],
			"to": [16.08233, 13.014, -2.20152],
			"rotation": {"angle": -22.5, "axis": "z", "origin": [4.94146, 12.51216, 6.80521]},
			"faces": {
				"north": {"uv": [2.667, 9.5, 2.667, 9.5], "texture": "#1"},
				"east": {"uv": [2.667, 9.5, 2.667, 9.5], "texture": "#1"},
				"south": {"uv": [2.667, 9.5, 2.667, 9.5], "texture": "#1"},
				"west": {"uv": [2.667, 9.5, 2.667, 9.5], "texture": "#1"},
				"up": {"uv": [2.667, 9.5, 2.667, 9.5], "texture": "#1"},
				"down": {"uv": [2.667, 9.5, 2.667, 9.5], "texture": "#1"}
			}
		},
		{
			"from": [-2.29823, 12.01031, -3.73346],
			"to": [3.41343, 13.014, -2.20152],
			"rotation": {"angle": -22.5, "axis": "z", "origin": [4.94146, 12.51216, 6.80521]},
			"faces": {
				"north": {"uv": [2.667, 9.5, 2.667, 9.5], "texture": "#1"},
				"east": {"uv": [2.667, 9.5, 2.667, 9.5], "texture": "#1"},
				"south": {"uv": [2.667, 9.5, 2.667, 9.5], "texture": "#1"},
				"west": {"uv": [2.667, 9.5, 2.667, 9.5], "texture": "#1"},
				"up": {"uv": [2.667, 9.5, 2.667, 9.5], "texture": "#1"},
				"down": {"uv": [2.667, 9.5, 2.667, 9.5], "texture": "#1"}
			}
		},
		{
			"from": [2.5006, 12.01031, -4.64524],
			"to": [11.45946, 13.014, -3.41723],
			"rotation": {"angle": -22.5, "axis": "z", "origin": [4.94146, 12.51216, 6.80521]},
			"faces": {
				"north": {"uv": [2.667, 9.5, 2.667, 9.5], "texture": "#1"},
				"east": {"uv": [2.667, 9.5, 2.667, 9.5], "texture": "#1"},
				"south": {"uv": [2.667, 9.5, 2.667, 9.5], "texture": "#1"},
				"west": {"uv": [2.667, 9.5, 2.667, 9.5], "texture": "#1"},
				"up": {"uv": [2.667, 9.5, 2.667, 9.5], "texture": "#1"},
				"down": {"uv": [2.667, 9.5, 2.667, 9.5], "texture": "#1"}
			}
		},
		{
			"from": [8.7713, 12.01031, -3.6371],
			"to": [9.47916, 13.014, 3.8734],
			"rotation": {"angle": -22.5, "axis": "z", "origin": [4.94146, 12.51216, 6.80521]},
			"faces": {
				"north": {"uv": [2.667, 9.5, 2.667, 9.5], "texture": "#1"},
				"east": {"uv": [2.667, 9.5, 2.667, 9.5], "texture": "#1"},
				"south": {"uv": [2.667, 9.5, 2.667, 9.5], "texture": "#1"},
				"west": {"uv": [2.667, 9.5, 2.667, 9.5], "texture": "#1"},
				"up": {"uv": [2.667, 9.5, 2.667, 9.5], "texture": "#1"},
				"down": {"uv": [2.667, 9.5, 2.667, 9.5], "texture": "#1"}
			}
		},
		{
			"from": [-2.20164, 14.12952, -3.20521],
			"to": [-1.19796, 14.83738, 3.8734],
			"rotation": {"angle": 22.5, "axis": "z", "origin": [-4.04134, 14.4872, 4.82145]},
			"faces": {
				"north": {"uv": [2.667, 9.5, 2.667, 9.5], "rotation": 270, "texture": "#1"},
				"east": {"uv": [2.667, 9.5, 2.667, 9.5], "rotation": 90, "texture": "#1"},
				"south": {"uv": [2.667, 9.5, 2.667, 9.5], "rotation": 90, "texture": "#1"},
				"west": {"uv": [2.667, 9.5, 2.667, 9.5], "rotation": 90, "texture": "#1"},
				"up": {"uv": [2.667, 9.5, 2.667, 9.5], "rotation": 90, "texture": "#1"},
				"down": {"uv": [2.667, 9.5, 2.667, 9.5], "rotation": 90, "texture": "#1"}
			}
		},
		{
			"from": [8.24304, 12.01031, 1.81321],
			"to": [8.9509, 13.014, 8.89181],
			"rotation": {"angle": -22.5, "axis": "z", "origin": [4.94146, 12.51216, 6.80521]},
			"faces": {
				"north": {"uv": [2.667, 9.5, 2.667, 9.5], "texture": "#1"},
				"east": {"uv": [2.667, 9.5, 2.667, 9.5], "texture": "#1"},
				"south": {"uv": [2.667, 9.5, 2.667, 9.5], "texture": "#1"},
				"west": {"uv": [2.667, 9.5, 2.667, 9.5], "texture": "#1"},
				"up": {"uv": [2.667, 9.5, 2.667, 9.5], "texture": "#1"},
				"down": {"uv": [2.667, 9.5, 2.667, 9.5], "texture": "#1"}
			}
		},
		{
			"from": [-2.20164, 14.65778, 1.81321],
			"to": [-1.19796, 15.36564, 8.89181],
			"rotation": {"angle": 22.5, "axis": "z", "origin": [-4.04134, 14.4872, 4.82145]},
			"faces": {
				"north": {"uv": [2.667, 9.5, 2.667, 9.5], "rotation": 270, "texture": "#1"},
				"east": {"uv": [2.667, 9.5, 2.667, 9.5], "rotation": 90, "texture": "#1"},
				"south": {"uv": [2.667, 9.5, 2.667, 9.5], "rotation": 90, "texture": "#1"},
				"west": {"uv": [2.667, 9.5, 2.667, 9.5], "rotation": 90, "texture": "#1"},
				"up": {"uv": [2.667, 9.5, 2.667, 9.5], "rotation": 90, "texture": "#1"},
				"down": {"uv": [2.667, 9.5, 2.667, 9.5], "rotation": 90, "texture": "#1"}
			}
		},
		{
			"from": [6.31796, 12.29486, 22.05953],
			"to": [6.73716, 12.82174, 23.52142],
			"rotation": {"angle": -22.5, "axis": "z", "origin": [4.94146, 12.51216, 6.80521]},
			"faces": {
				"north": {"uv": [2.333, 8.5, 2.333, 8.5], "texture": "#1"},
				"east": {"uv": [2.333, 8.5, 2.333, 8.5], "texture": "#1"},
				"south": {"uv": [2.333, 8.5, 2.333, 8.5], "texture": "#1"},
				"west": {"uv": [2.333, 8.5, 2.333, 8.5], "texture": "#1"},
				"up": {"uv": [2.333, 8.5, 2.333, 8.5], "texture": "#1"},
				"down": {"uv": [2.333, 8.5, 2.333, 8.5], "texture": "#1"}
			}
		},
		{
			"from": [5.34897, 12.29486, 19.1389],
			"to": [5.5943, 12.82174, 22.35248],
			"rotation": {"angle": -22.5, "axis": "z", "origin": [4.94146, 12.51216, 6.80521]},
			"faces": {
				"north": {"uv": [2.333, 8.5, 2.333, 8.5], "texture": "#1"},
				"east": {"uv": [2.333, 8.5, 2.333, 8.5], "texture": "#1"},
				"south": {"uv": [2.333, 8.5, 2.333, 8.5], "texture": "#1"},
				"west": {"uv": [2.333, 8.5, 2.333, 8.5], "texture": "#1"},
				"up": {"uv": [2.333, 8.5, 2.333, 8.5], "texture": "#1"},
				"down": {"uv": [2.333, 8.5, 2.333, 8.5], "texture": "#1"}
			}
		},
		{
			"from": [10.42834, 12.29486, 19.1389],
			"to": [10.67367, 12.82174, 22.35248],
			"rotation": {"angle": -22.5, "axis": "z", "origin": [4.94146, 12.51216, 6.80521]},
			"faces": {
				"north": {"uv": [2.333, 8.5, 2.333, 8.5], "texture": "#1"},
				"east": {"uv": [2.333, 8.5, 2.333, 8.5], "texture": "#1"},
				"south": {"uv": [2.333, 8.5, 2.333, 8.5], "texture": "#1"},
				"west": {"uv": [2.333, 8.5, 2.333, 8.5], "texture": "#1"},
				"up": {"uv": [2.333, 8.5, 2.333, 8.5], "texture": "#1"},
				"down": {"uv": [2.333, 8.5, 2.333, 8.5], "texture": "#1"}
			}
		},
		{
			"from": [15.65573, 12.29486, -2.64728],
			"to": [15.89712, 12.82174, 10.45023],
			"rotation": {"angle": -22.5, "axis": "z", "origin": [4.94146, 12.51216, 6.80521]},
			"faces": {
				"north": {"uv": [2.333, 8.5, 2.333, 8.5], "texture": "#1"},
				"east": {"uv": [2.333, 8.5, 2.333, 8.5], "texture": "#1"},
				"south": {"uv": [2.333, 8.5, 2.333, 8.5], "texture": "#1"},
				"west": {"uv": [2.333, 8.5, 2.333, 8.5], "texture": "#1"},
				"up": {"uv": [2.333, 8.5, 2.333, 8.5], "texture": "#1"},
				"down": {"uv": [2.333, 8.5, 2.333, 8.5], "texture": "#1"}
			}
		},
		{
			"from": [13.67929, 12.01031, 10.12652],
			"to": [15.89712, 13.014, 10.45023],
			"rotation": {"angle": -22.5, "axis": "z", "origin": [4.94146, 12.51216, 6.80521]},
			"faces": {
				"north": {"uv": [2.667, 9.5, 2.667, 9.5], "texture": "#1"},
				"east": {"uv": [2.667, 9.5, 2.667, 9.5], "texture": "#1"},
				"south": {"uv": [2.667, 9.5, 2.667, 9.5], "texture": "#1"},
				"west": {"uv": [2.667, 9.5, 2.667, 9.5], "texture": "#1"},
				"up": {"uv": [2.667, 9.5, 2.667, 9.5], "texture": "#1"},
				"down": {"uv": [2.667, 9.5, 2.667, 9.5], "texture": "#1"}
			}
		},
		{
			"from": [13.67929, 12.29486, 10.12652],
			"to": [13.99759, 12.82174, 15.24136],
			"rotation": {"angle": -22.5, "axis": "z", "origin": [4.94146, 12.51216, 6.80521]},
			"faces": {
				"north": {"uv": [2.333, 8.5, 2.333, 8.5], "texture": "#1"},
				"east": {"uv": [2.333, 8.5, 2.333, 8.5], "texture": "#1"},
				"south": {"uv": [2.333, 8.5, 2.333, 8.5], "texture": "#1"},
				"west": {"uv": [2.333, 8.5, 2.333, 8.5], "texture": "#1"},
				"up": {"uv": [2.333, 8.5, 2.333, 8.5], "texture": "#1"},
				"down": {"uv": [2.333, 8.5, 2.333, 8.5], "texture": "#1"}
			}
		},
		{
			"from": [12.75644, 12.01031, 14.94842],
			"to": [13.99759, 13.014, 15.24136],
			"rotation": {"angle": -22.5, "axis": "z", "origin": [4.94146, 12.51216, 6.80521]},
			"faces": {
				"north": {"uv": [2.667, 9.5, 2.667, 9.5], "texture": "#1"},
				"east": {"uv": [2.667, 9.5, 2.667, 9.5], "texture": "#1"},
				"south": {"uv": [2.667, 9.5, 2.667, 9.5], "texture": "#1"},
				"west": {"uv": [2.667, 9.5, 2.667, 9.5], "texture": "#1"},
				"up": {"uv": [2.667, 9.5, 2.667, 9.5], "texture": "#1"},
				"down": {"uv": [2.667, 9.5, 2.667, 9.5], "texture": "#1"}
			}
		},
		{
			"from": [12.75644, 12.29486, 14.94842],
			"to": [12.95938, 12.82174, 19.43184],
			"rotation": {"angle": -22.5, "axis": "z", "origin": [4.94146, 12.51216, 6.80521]},
			"faces": {
				"north": {"uv": [2.333, 8.5, 2.333, 8.5], "texture": "#1"},
				"east": {"uv": [2.333, 8.5, 2.333, 8.5], "texture": "#1"},
				"south": {"uv": [2.333, 8.5, 2.333, 8.5], "texture": "#1"},
				"west": {"uv": [2.333, 8.5, 2.333, 8.5], "texture": "#1"},
				"up": {"uv": [2.333, 8.5, 2.333, 8.5], "texture": "#1"},
				"down": {"uv": [2.333, 8.5, 2.333, 8.5], "texture": "#1"}
			}
		},
		{
			"from": [10.42834, 12.29486, 19.1389],
			"to": [12.95938, 12.82174, 19.43184],
			"rotation": {"angle": -22.5, "axis": "z", "origin": [4.94146, 12.51216, 6.80521]},
			"faces": {
				"north": {"uv": [2.333, 8.5, 2.333, 8.5], "texture": "#1"},
				"east": {"uv": [2.333, 8.5, 2.333, 8.5], "texture": "#1"},
				"south": {"uv": [2.333, 8.5, 2.333, 8.5], "texture": "#1"},
				"west": {"uv": [2.333, 8.5, 2.333, 8.5], "texture": "#1"},
				"up": {"uv": [2.333, 8.5, 2.333, 8.5], "texture": "#1"},
				"down": {"uv": [2.333, 8.5, 2.333, 8.5], "texture": "#1"}
			}
		},
		{
			"from": [1.59438, 12.29486, 9.97191],
			"to": [3.37946, 12.82174, 10.33406],
			"rotation": {"angle": -22.5, "axis": "z", "origin": [4.94146, 12.51216, 6.80521]},
			"faces": {
				"north": {"uv": [2.333, 8.5, 2.333, 8.5], "texture": "#1"},
				"east": {"uv": [2.333, 8.5, 2.333, 8.5], "texture": "#1"},
				"south": {"uv": [2.333, 8.5, 2.333, 8.5], "texture": "#1"},
				"west": {"uv": [2.333, 8.5, 2.333, 8.5], "texture": "#1"},
				"up": {"uv": [2.333, 8.5, 2.333, 8.5], "texture": "#1"},
				"down": {"uv": [2.333, 8.5, 2.333, 8.5], "texture": "#1"}
			}
		},
		{
			"from": [0.64077, 12.29486, 15.26292],
			"to": [1.94904, 12.82174, 15.84041],
			"rotation": {"angle": -22.5, "axis": "z", "origin": [4.94146, 12.51216, 6.80521]},
			"faces": {
				"north": {"uv": [2.333, 8.5, 2.333, 8.5], "texture": "#1"},
				"east": {"uv": [2.333, 8.5, 2.333, 8.5], "texture": "#1"},
				"south": {"uv": [2.333, 8.5, 2.333, 8.5], "texture": "#1"},
				"west": {"uv": [2.333, 8.5, 2.333, 8.5], "texture": "#1"},
				"up": {"uv": [2.333, 8.5, 2.333, 8.5], "texture": "#1"},
				"down": {"uv": [2.333, 8.5, 2.333, 8.5], "texture": "#1"}
			}
		},
		{
			"from": [0.5408, 12.29486, 15.26292],
			"to": [1.03388, 12.82174, 19.23189],
			"rotation": {"angle": -22.5, "axis": "z", "origin": [4.94146, 12.51216, 6.80521]},
			"faces": {
				"north": {"uv": [2.333, 8.5, 2.333, 8.5], "texture": "#1"},
				"east": {"uv": [2.333, 8.5, 2.333, 8.5], "texture": "#1"},
				"south": {"uv": [2.333, 8.5, 2.333, 8.5], "texture": "#1"},
				"west": {"uv": [2.333, 8.5, 2.333, 8.5], "texture": "#1"},
				"up": {"uv": [2.333, 8.5, 2.333, 8.5], "texture": "#1"},
				"down": {"uv": [2.333, 8.5, 2.333, 8.5], "texture": "#1"}
			}
		},
		{
			"from": [-9.20476, 15.73811, 12.98865],
			"to": [-5.91803, 16.26499, 13.40206],
			"rotation": {"angle": 22.5, "axis": "z", "origin": [0.62326, 14.35076, 17.83765]},
			"faces": {
				"north": {"uv": [2.333, 8.5, 2.333, 8.5], "rotation": 180, "texture": "#1"},
				"east": {"uv": [2.333, 8.5, 2.333, 8.5], "rotation": 180, "texture": "#1"},
				"south": {"uv": [2.333, 8.5, 2.333, 8.5], "rotation": 180, "texture": "#1"},
				"west": {"uv": [2.333, 8.5, 2.333, 8.5], "rotation": 180, "texture": "#1"},
				"up": {"uv": [2.333, 8.5, 2.333, 8.5], "rotation": 180, "texture": "#1"},
				"down": {"uv": [2.333, 8.5, 2.333, 8.5], "rotation": 180, "texture": "#1"}
			}
		},
		{
			"from": [-10.88128, 15.73811, -2.08795],
			"to": [-10.5009, 16.26499, 10.22746],
			"rotation": {"angle": 22.5, "axis": "z", "origin": [0.62326, 14.35076, 17.83765]},
			"faces": {
				"north": {"uv": [2.333, 8.5, 2.333, 8.5], "rotation": 180, "texture": "#1"},
				"east": {"uv": [2.333, 8.5, 2.333, 8.5], "rotation": 180, "texture": "#1"},
				"south": {"uv": [2.333, 8.5, 2.333, 8.5], "rotation": 180, "texture": "#1"},
				"west": {"uv": [2.333, 8.5, 2.333, 8.5], "rotation": 180, "texture": "#1"},
				"up": {"uv": [2.333, 8.5, 2.333, 8.5], "rotation": 180, "texture": "#1"},
				"down": {"uv": [2.333, 8.5, 2.333, 8.5], "rotation": 180, "texture": "#1"}
			}
		},
		{
			"from": [-10.88128, 15.73811, 9.84856],
			"to": [-8.85011, 16.26499, 10.22746],
			"rotation": {"angle": 22.5, "axis": "z", "origin": [0.62326, 14.35076, 17.83765]},
			"faces": {
				"north": {"uv": [2.333, 8.5, 2.333, 8.5], "rotation": 180, "texture": "#1"},
				"east": {"uv": [2.333, 8.5, 2.333, 8.5], "rotation": 180, "texture": "#1"},
				"south": {"uv": [2.333, 8.5, 2.333, 8.5], "rotation": 180, "texture": "#1"},
				"west": {"uv": [2.333, 8.5, 2.333, 8.5], "rotation": 180, "texture": "#1"},
				"up": {"uv": [2.333, 8.5, 2.333, 8.5], "rotation": 180, "texture": "#1"},
				"down": {"uv": [2.333, 8.5, 2.333, 8.5], "rotation": 180, "texture": "#1"}
			}
		},
		{
			"from": [-9.20476, 15.73811, 9.87163],
			"to": [-8.85011, 16.26499, 13.40206],
			"rotation": {"angle": 22.5, "axis": "z", "origin": [0.62326, 14.35076, 17.83765]},
			"faces": {
				"north": {"uv": [2.333, 8.5, 2.333, 8.5], "rotation": 180, "texture": "#1"},
				"east": {"uv": [2.333, 8.5, 2.333, 8.5], "rotation": 180, "texture": "#1"},
				"south": {"uv": [2.333, 8.5, 2.333, 8.5], "rotation": 180, "texture": "#1"},
				"west": {"uv": [2.333, 8.5, 2.333, 8.5], "rotation": 180, "texture": "#1"},
				"up": {"uv": [2.333, 8.5, 2.333, 8.5], "rotation": 180, "texture": "#1"},
				"down": {"uv": [2.333, 8.5, 2.333, 8.5], "rotation": 180, "texture": "#1"}
			}
		},
		{
			"from": [-6.28413, 15.73811, 12.98865],
			"to": [-5.91803, 16.26499, 19.75127],
			"rotation": {"angle": 22.5, "axis": "z", "origin": [0.62326, 14.35076, 17.83765]},
			"faces": {
				"north": {"uv": [2.333, 8.5, 2.333, 8.5], "rotation": 180, "texture": "#1"},
				"east": {"uv": [2.333, 8.5, 2.333, 8.5], "rotation": 180, "texture": "#1"},
				"south": {"uv": [2.333, 8.5, 2.333, 8.5], "rotation": 180, "texture": "#1"},
				"west": {"uv": [2.333, 8.5, 2.333, 8.5], "rotation": 180, "texture": "#1"},
				"up": {"uv": [2.333, 8.5, 2.333, 8.5], "rotation": 180, "texture": "#1"},
				"down": {"uv": [2.333, 8.5, 2.333, 8.5], "rotation": 180, "texture": "#1"}
			}
		},
		{
			"from": [-2.28159, 12.29486, 21.57676],
			"to": [-0.61957, 12.82174, 21.96199],
			"rotation": {"angle": -22.5, "axis": "z", "origin": [4.94146, 12.51216, 6.80521]},
			"faces": {
				"north": {"uv": [2.333, 8.5, 2.333, 8.5], "texture": "#1"},
				"east": {"uv": [2.333, 8.5, 2.333, 8.5], "texture": "#1"},
				"south": {"uv": [2.333, 8.5, 2.333, 8.5], "texture": "#1"},
				"west": {"uv": [2.333, 8.5, 2.333, 8.5], "texture": "#1"},
				"up": {"uv": [2.333, 8.5, 2.333, 8.5], "texture": "#1"},
				"down": {"uv": [2.333, 8.5, 2.333, 8.5], "texture": "#1"}
			}
		},
		{
			"from": [-4.22309, 15.73811, 21.95772],
			"to": [-1.44596, 16.26499, 22.34294],
			"rotation": {"angle": 22.5, "axis": "z", "origin": [0.62326, 14.35076, 17.83765]},
			"faces": {
				"north": {"uv": [2.333, 8.5, 2.333, 8.5], "rotation": 180, "texture": "#1"},
				"east": {"uv": [2.333, 8.5, 2.333, 8.5], "rotation": 180, "texture": "#1"},
				"south": {"uv": [2.333, 8.5, 2.333, 8.5], "rotation": 180, "texture": "#1"},
				"west": {"uv": [2.333, 8.5, 2.333, 8.5], "rotation": 180, "texture": "#1"},
				"up": {"uv": [2.333, 8.5, 2.333, 8.5], "rotation": 180, "texture": "#1"},
				"down": {"uv": [2.333, 8.5, 2.333, 8.5], "rotation": 180, "texture": "#1"}
			}
		},
		{
			"from": [-1.12034, 12.29486, 18.95433],
			"to": [-0.61957, 12.82174, 21.96199],
			"rotation": {"angle": -22.5, "axis": "z", "origin": [4.94146, 12.51216, 6.80521]},
			"faces": {
				"north": {"uv": [2.333, 8.5, 2.333, 8.5], "texture": "#1"},
				"east": {"uv": [2.333, 8.5, 2.333, 8.5], "texture": "#1"},
				"south": {"uv": [2.333, 8.5, 2.333, 8.5], "texture": "#1"},
				"west": {"uv": [2.333, 8.5, 2.333, 8.5], "texture": "#1"},
				"up": {"uv": [2.333, 8.5, 2.333, 8.5], "texture": "#1"},
				"down": {"uv": [2.333, 8.5, 2.333, 8.5], "texture": "#1"}
			}
		},
		{
			"from": [-4.22309, 15.73811, 19.58925],
			"to": [-3.72232, 16.26499, 22.34294],
			"rotation": {"angle": 22.5, "axis": "z", "origin": [0.62326, 14.35076, 17.83765]},
			"faces": {
				"north": {"uv": [2.333, 8.5, 2.333, 8.5], "rotation": 180, "texture": "#1"},
				"east": {"uv": [2.333, 8.5, 2.333, 8.5], "rotation": 180, "texture": "#1"},
				"south": {"uv": [2.333, 8.5, 2.333, 8.5], "rotation": 180, "texture": "#1"},
				"west": {"uv": [2.333, 8.5, 2.333, 8.5], "rotation": 180, "texture": "#1"},
				"up": {"uv": [2.333, 8.5, 2.333, 8.5], "rotation": 180, "texture": "#1"},
				"down": {"uv": [2.333, 8.5, 2.333, 8.5], "rotation": 180, "texture": "#1"}
			}
		},
		{
			"from": [-1.12034, 12.29486, 18.95433],
			"to": [1.03388, 12.82174, 19.23189],
			"rotation": {"angle": -22.5, "axis": "z", "origin": [4.94146, 12.51216, 6.80521]},
			"faces": {
				"north": {"uv": [2.333, 8.5, 2.333, 8.5], "texture": "#1"},
				"east": {"uv": [2.333, 8.5, 2.333, 8.5], "texture": "#1"},
				"south": {"uv": [2.333, 8.5, 2.333, 8.5], "texture": "#1"},
				"west": {"uv": [2.333, 8.5, 2.333, 8.5], "texture": "#1"},
				"up": {"uv": [2.333, 8.5, 2.333, 8.5], "texture": "#1"},
				"down": {"uv": [2.333, 8.5, 2.333, 8.5], "texture": "#1"}
			}
		},
		{
			"from": [-6.1305, 15.73811, 19.47371],
			"to": [-3.72232, 16.26499, 19.75127],
			"rotation": {"angle": 22.5, "axis": "z", "origin": [0.62326, 14.35076, 17.83765]},
			"faces": {
				"north": {"uv": [2.333, 8.5, 2.333, 8.5], "rotation": 180, "texture": "#1"},
				"east": {"uv": [2.333, 8.5, 2.333, 8.5], "rotation": 180, "texture": "#1"},
				"south": {"uv": [2.333, 8.5, 2.333, 8.5], "rotation": 180, "texture": "#1"},
				"west": {"uv": [2.333, 8.5, 2.333, 8.5], "rotation": 180, "texture": "#1"},
				"up": {"uv": [2.333, 8.5, 2.333, 8.5], "rotation": 180, "texture": "#1"},
				"down": {"uv": [2.333, 8.5, 2.333, 8.5], "rotation": 180, "texture": "#1"}
			}
		},
		{
			"from": [1.59438, 12.29486, 9.97191],
			"to": [1.94904, 12.82174, 15.84041],
			"rotation": {"angle": -22.5, "axis": "z", "origin": [4.94146, 12.51216, 6.80521]},
			"faces": {
				"north": {"uv": [2.333, 8.5, 2.333, 8.5], "texture": "#1"},
				"east": {"uv": [2.333, 8.5, 2.333, 8.5], "texture": "#1"},
				"south": {"uv": [2.333, 8.5, 2.333, 8.5], "texture": "#1"},
				"west": {"uv": [2.333, 8.5, 2.333, 8.5], "texture": "#1"},
				"up": {"uv": [2.333, 8.5, 2.333, 8.5], "texture": "#1"},
				"down": {"uv": [2.333, 8.5, 2.333, 8.5], "texture": "#1"}
			}
		},
		{
			"from": [3.11709, 12.29486, 9.97191],
			"to": [3.37946, 12.82174, 15.58663],
			"rotation": {"angle": -22.5, "axis": "z", "origin": [4.94146, 12.51216, 6.80521]},
			"faces": {
				"north": {"uv": [2.333, 8.5, 2.333, 8.5], "texture": "#1"},
				"east": {"uv": [2.333, 8.5, 2.333, 8.5], "texture": "#1"},
				"south": {"uv": [2.333, 8.5, 2.333, 8.5], "texture": "#1"},
				"west": {"uv": [2.333, 8.5, 2.333, 8.5], "texture": "#1"},
				"up": {"uv": [2.333, 8.5, 2.333, 8.5], "texture": "#1"},
				"down": {"uv": [2.333, 8.5, 2.333, 8.5], "texture": "#1"}
			}
		},
		{
			"from": [3.11709, 12.29486, 15.0399],
			"to": [4.29462, 12.82174, 15.58663],
			"rotation": {"angle": -22.5, "axis": "z", "origin": [4.94146, 12.51216, 6.80521]},
			"faces": {
				"north": {"uv": [2.333, 8.5, 2.333, 8.5], "texture": "#1"},
				"east": {"uv": [2.333, 8.5, 2.333, 8.5], "texture": "#1"},
				"south": {"uv": [2.333, 8.5, 2.333, 8.5], "texture": "#1"},
				"west": {"uv": [2.333, 8.5, 2.333, 8.5], "texture": "#1"},
				"up": {"uv": [2.333, 8.5, 2.333, 8.5], "texture": "#1"},
				"down": {"uv": [2.333, 8.5, 2.333, 8.5], "texture": "#1"}
			}
		},
		{
			"from": [4.00918, 12.29486, 15.1168],
			"to": [4.29462, 12.82174, 19.43184],
			"rotation": {"angle": -22.5, "axis": "z", "origin": [4.94146, 12.51216, 6.80521]},
			"faces": {
				"north": {"uv": [2.333, 8.5, 2.333, 8.5], "texture": "#1"},
				"east": {"uv": [2.333, 8.5, 2.333, 8.5], "texture": "#1"},
				"south": {"uv": [2.333, 8.5, 2.333, 8.5], "texture": "#1"},
				"west": {"uv": [2.333, 8.5, 2.333, 8.5], "texture": "#1"},
				"up": {"uv": [2.333, 8.5, 2.333, 8.5], "texture": "#1"},
				"down": {"uv": [2.333, 8.5, 2.333, 8.5], "texture": "#1"}
			}
		},
		{
			"from": [4.07839, 12.29486, 19.1389],
			"to": [5.5943, 12.82174, 19.43184],
			"rotation": {"angle": -22.5, "axis": "z", "origin": [4.94146, 12.51216, 6.80521]},
			"faces": {
				"north": {"uv": [2.333, 8.5, 2.333, 8.5], "texture": "#1"},
				"east": {"uv": [2.333, 8.5, 2.333, 8.5], "texture": "#1"},
				"south": {"uv": [2.333, 8.5, 2.333, 8.5], "texture": "#1"},
				"west": {"uv": [2.333, 8.5, 2.333, 8.5], "texture": "#1"},
				"up": {"uv": [2.333, 8.5, 2.333, 8.5], "texture": "#1"},
				"down": {"uv": [2.333, 8.5, 2.333, 8.5], "texture": "#1"}
			}
		},
		{
			"from": [5.34897, 12.29486, 22.05953],
			"to": [6.73716, 12.82174, 22.35248],
			"rotation": {"angle": -22.5, "axis": "z", "origin": [4.94146, 12.51216, 6.80521]},
			"faces": {
				"north": {"uv": [2.333, 8.5, 2.333, 8.5], "texture": "#1"},
				"east": {"uv": [2.333, 8.5, 2.333, 8.5], "texture": "#1"},
				"south": {"uv": [2.333, 8.5, 2.333, 8.5], "texture": "#1"},
				"west": {"uv": [2.333, 8.5, 2.333, 8.5], "texture": "#1"},
				"up": {"uv": [2.333, 8.5, 2.333, 8.5], "texture": "#1"},
				"down": {"uv": [2.333, 8.5, 2.333, 8.5], "texture": "#1"}
			}
		},
		{
			"from": [9.2386, 12.29486, 22.05953],
			"to": [9.65779, 12.82174, 23.52142],
			"rotation": {"angle": -22.5, "axis": "z", "origin": [4.94146, 12.51216, 6.80521]},
			"faces": {
				"north": {"uv": [2.333, 8.5, 2.333, 8.5], "texture": "#1"},
				"east": {"uv": [2.333, 8.5, 2.333, 8.5], "texture": "#1"},
				"south": {"uv": [2.333, 8.5, 2.333, 8.5], "texture": "#1"},
				"west": {"uv": [2.333, 8.5, 2.333, 8.5], "texture": "#1"},
				"up": {"uv": [2.333, 8.5, 2.333, 8.5], "texture": "#1"},
				"down": {"uv": [2.333, 8.5, 2.333, 8.5], "texture": "#1"}
			}
		},
		{
			"from": [9.30012, 12.01031, 22.05953],
			"to": [10.55757, 13.014, 22.35248],
			"rotation": {"angle": -22.5, "axis": "z", "origin": [4.94146, 12.51216, 6.80521]},
			"faces": {
				"north": {"uv": [2.667, 9.5, 2.667, 9.5], "texture": "#1"},
				"east": {"uv": [2.667, 9.5, 2.667, 9.5], "texture": "#1"},
				"south": {"uv": [2.667, 9.5, 2.667, 9.5], "texture": "#1"},
				"west": {"uv": [2.667, 9.5, 2.667, 9.5], "texture": "#1"},
				"up": {"uv": [2.667, 9.5, 2.667, 9.5], "texture": "#1"},
				"down": {"uv": [2.667, 9.5, 2.667, 9.5], "texture": "#1"}
			}
		},
		{
			"from": [6.31796, 12.29486, 23.18234],
			"to": [9.56551, 12.82174, 23.55218],
			"rotation": {"angle": -22.5, "axis": "z", "origin": [4.94146, 12.51216, 6.80521]},
			"faces": {
				"north": {"uv": [2.333, 8.5, 2.333, 8.5], "texture": "#1"},
				"east": {"uv": [2.333, 8.5, 2.333, 8.5], "texture": "#1"},
				"south": {"uv": [2.333, 8.5, 2.333, 8.5], "texture": "#1"},
				"west": {"uv": [2.333, 8.5, 2.333, 8.5], "texture": "#1"},
				"up": {"uv": [2.333, 8.5, 2.333, 8.5], "texture": "#1"},
				"down": {"uv": [2.333, 8.5, 2.333, 8.5], "texture": "#1"}
			}
		},
		{
			"from": [7.71479, 12.01031, 8.15225],
			"to": [8.42265, 13.014, 24.57181],
			"rotation": {"angle": -22.5, "axis": "z", "origin": [4.94146, 12.51216, 6.80521]},
			"faces": {
				"north": {"uv": [2.667, 9.5, 2.667, 9.5], "texture": "#1"},
				"east": {"uv": [2.667, 9.5, 2.667, 9.5], "texture": "#1"},
				"south": {"uv": [2.667, 9.5, 2.667, 9.5], "texture": "#1"},
				"west": {"uv": [2.667, 9.5, 2.667, 9.5], "texture": "#1"},
				"up": {"uv": [2.667, 9.5, 2.667, 9.5], "texture": "#1"},
				"down": {"uv": [2.667, 9.5, 2.667, 9.5], "texture": "#1"}
			}
		},
		{
			"from": [-2.20164, 14.50158, 8.15225],
			"to": [-1.19796, 15.89389, 23.68292],
			"rotation": {"angle": 22.5, "axis": "z", "origin": [-4.04134, 14.4872, 4.82145]},
			"faces": {
				"north": {"uv": [2.667, 9.5, 2.667, 9.5], "rotation": 270, "texture": "#1"},
				"east": {"uv": [2.667, 9.5, 2.667, 9.5], "rotation": 90, "texture": "#1"},
				"south": {"uv": [2.667, 9.5, 2.667, 9.5], "rotation": 90, "texture": "#1"},
				"west": {"uv": [2.667, 9.5, 2.667, 9.5], "rotation": 90, "texture": "#1"},
				"up": {"uv": [2.667, 9.5, 2.667, 9.5], "rotation": 90, "texture": "#1"},
				"down": {"uv": [2.667, 9.5, 2.667, 9.5], "rotation": 90, "texture": "#1"}
			}
		},
		{
			"from": [3.99652, 12.36519, -3.63816],
			"to": [12.88878, 12.82616, 19.26706],
			"rotation": {"angle": -22.5, "axis": "z", "origin": [4.87611, 12.48816, 6.68973]},
			"faces": {
				"north": {"uv": [4.5, 10.5, 4.5, 10.5], "texture": "#1"},
				"east": {"uv": [4.5, 10.5, 4.5, 10.5], "texture": "#1"},
				"south": {"uv": [4.5, 10.5, 4.5, 10.5], "texture": "#1"},
				"west": {"uv": [4.5, 10.5, 4.5, 10.5], "texture": "#1"},
				"up": {"uv": [4.5, 10.5, 4.5, 10.5], "texture": "#1"},
				"down": {"uv": [4.5, 10.5, 4.5, 10.5], "texture": "#1"}
			}
		},
		{
			"from": [3.99652, 12.18831, -3.63816],
			"to": [12.88878, 12.97997, 13.16759],
			"rotation": {"angle": -22.5, "axis": "z", "origin": [4.87611, 12.48816, 6.68973]},
			"faces": {
				"north": {"uv": [3.667, 9.5, 3.667, 9.5], "texture": "#1"},
				"east": {"uv": [3.667, 9.5, 3.667, 9.5], "texture": "#1"},
				"south": {"uv": [3.667, 9.5, 3.667, 9.5], "texture": "#1"},
				"west": {"uv": [3.667, 9.5, 3.667, 9.5], "texture": "#1"},
				"up": {"uv": [3.667, 9.5, 3.667, 9.5], "texture": "#1"},
				"down": {"uv": [3.667, 9.5, 3.667, 9.5], "texture": "#1"}
			}
		},
		{
			"from": [-2.41949, 12.18831, -3.63816],
			"to": [0.73174, 12.97997, 14.6914],
			"rotation": {"angle": -22.5, "axis": "z", "origin": [4.87611, 12.48816, 6.68973]},
			"faces": {
				"north": {"uv": [3.667, 9.5, 3.667, 9.5], "texture": "#1"},
				"east": {"uv": [3.667, 9.5, 3.667, 9.5], "texture": "#1"},
				"south": {"uv": [3.667, 9.5, 3.667, 9.5], "texture": "#1"},
				"west": {"uv": [3.667, 9.5, 3.667, 9.5], "texture": "#1"},
				"up": {"uv": [3.667, 9.5, 3.667, 9.5], "texture": "#1"},
				"down": {"uv": [3.667, 9.5, 3.667, 9.5], "texture": "#1"}
			}
		},
		{
			"from": [-2.41949, 12.519, -3.63816],
			"to": [0.73174, 12.81078, 19.01309],
			"rotation": {"angle": -22.5, "axis": "z", "origin": [4.87611, 12.48816, 6.68973]},
			"faces": {
				"north": {"uv": [4.5, 10.5, 4.5, 10.5], "texture": "#1"},
				"east": {"uv": [4.5, 10.5, 4.5, 10.5], "texture": "#1"},
				"south": {"uv": [4.5, 10.5, 4.5, 10.5], "texture": "#1"},
				"west": {"uv": [4.5, 10.5, 4.5, 10.5], "texture": "#1"},
				"up": {"uv": [4.5, 10.5, 4.5, 10.5], "texture": "#1"},
				"down": {"uv": [4.5, 10.5, 4.5, 10.5], "texture": "#1"}
			}
		},
		{
			"from": [5.42286, 12.36519, -3.63816],
			"to": [10.51163, 12.82616, 22.17246],
			"rotation": {"angle": -22.5, "axis": "z", "origin": [4.87611, 12.48816, 6.68973]},
			"faces": {
				"north": {"uv": [4.5, 10.5, 4.5, 10.5], "texture": "#1"},
				"east": {"uv": [4.5, 10.5, 4.5, 10.5], "texture": "#1"},
				"south": {"uv": [4.5, 10.5, 4.5, 10.5], "texture": "#1"},
				"west": {"uv": [4.5, 10.5, 4.5, 10.5], "texture": "#1"},
				"up": {"uv": [4.5, 10.5, 4.5, 10.5], "texture": "#1"},
				"down": {"uv": [4.5, 10.5, 4.5, 10.5], "texture": "#1"}
			}
		},
		{
			"from": [5.42286, 12.18831, -3.63816],
			"to": [10.51163, 12.97997, 17.88024],
			"rotation": {"angle": -22.5, "axis": "z", "origin": [4.87611, 12.48816, 6.68973]},
			"faces": {
				"north": {"uv": [3.667, 9.5, 3.667, 9.5], "texture": "#1"},
				"east": {"uv": [3.667, 9.5, 3.667, 9.5], "texture": "#1"},
				"south": {"uv": [3.667, 9.5, 3.667, 9.5], "texture": "#1"},
				"west": {"uv": [3.667, 9.5, 3.667, 9.5], "texture": "#1"},
				"up": {"uv": [3.667, 9.5, 3.667, 9.5], "texture": "#1"},
				"down": {"uv": [3.667, 9.5, 3.667, 9.5], "texture": "#1"}
			}
		},
		{
			"from": [-2.33323, 12.18831, -3.63816],
			"to": [-0.8296, 12.97997, 17.92749],
			"rotation": {"angle": -22.5, "axis": "z", "origin": [4.87611, 12.48816, 6.68973]},
			"faces": {
				"north": {"uv": [3.667, 9.5, 3.667, 9.5], "texture": "#1"},
				"east": {"uv": [3.667, 9.5, 3.667, 9.5], "texture": "#1"},
				"south": {"uv": [3.667, 9.5, 3.667, 9.5], "texture": "#1"},
				"west": {"uv": [3.667, 9.5, 3.667, 9.5], "texture": "#1"},
				"up": {"uv": [3.667, 9.5, 3.667, 9.5], "texture": "#1"},
				"down": {"uv": [3.667, 9.5, 3.667, 9.5], "texture": "#1"}
			}
		},
		{
			"from": [-2.33323, 12.519, -3.63816],
			"to": [-0.8296, 12.81078, 21.91849],
			"rotation": {"angle": -22.5, "axis": "z", "origin": [4.87611, 12.48816, 6.68973]},
			"faces": {
				"north": {"uv": [4.5, 10.5, 4.5, 10.5], "texture": "#1"},
				"east": {"uv": [4.5, 10.5, 4.5, 10.5], "texture": "#1"},
				"south": {"uv": [4.5, 10.5, 4.5, 10.5], "texture": "#1"},
				"west": {"uv": [4.5, 10.5, 4.5, 10.5], "texture": "#1"},
				"up": {"uv": [4.5, 10.5, 4.5, 10.5], "texture": "#1"},
				"down": {"uv": [4.5, 10.5, 4.5, 10.5], "texture": "#1"}
			}
		},
		{
			"from": [6.47936, 12.36519, -3.63816],
			"to": [9.45512, 12.82616, 23.49309],
			"rotation": {"angle": -22.5, "axis": "z", "origin": [4.87611, 12.48816, 6.68973]},
			"faces": {
				"north": {"uv": [4.5, 10.5, 4.5, 10.5], "texture": "#1"},
				"east": {"uv": [4.5, 10.5, 4.5, 10.5], "texture": "#1"},
				"south": {"uv": [4.5, 10.5, 4.5, 10.5], "texture": "#1"},
				"west": {"uv": [4.5, 10.5, 4.5, 10.5], "texture": "#1"},
				"up": {"uv": [4.5, 10.5, 4.5, 10.5], "texture": "#1"},
				"down": {"uv": [4.5, 10.5, 4.5, 10.5], "texture": "#1"}
			}
		},
		{
			"from": [6.47936, 12.18831, -3.63816],
			"to": [9.45512, 12.97997, 21.30805],
			"rotation": {"angle": -22.5, "axis": "z", "origin": [4.87611, 12.48816, 6.68973]},
			"faces": {
				"north": {"uv": [3.667, 9.5, 3.667, 9.5], "texture": "#1"},
				"east": {"uv": [3.667, 9.5, 3.667, 9.5], "texture": "#1"},
				"south": {"uv": [3.667, 9.5, 3.667, 9.5], "texture": "#1"},
				"west": {"uv": [3.667, 9.5, 3.667, 9.5], "texture": "#1"},
				"up": {"uv": [3.667, 9.5, 3.667, 9.5], "texture": "#1"},
				"down": {"uv": [3.667, 9.5, 3.667, 9.5], "texture": "#1"}
			}
		},
		{
			"from": [-2.50095, 12.36519, -3.63816],
			"to": [1.69893, 12.82616, 15.77754],
			"rotation": {"angle": -22.5, "axis": "z", "origin": [4.87611, 12.48816, 6.68973]},
			"faces": {
				"north": {"uv": [4.5, 10.5, 4.5, 10.5], "texture": "#1"},
				"east": {"uv": [4.5, 10.5, 4.5, 10.5], "texture": "#1"},
				"south": {"uv": [4.5, 10.5, 4.5, 10.5], "texture": "#1"},
				"west": {"uv": [4.5, 10.5, 4.5, 10.5], "texture": "#1"},
				"up": {"uv": [4.5, 10.5, 4.5, 10.5], "texture": "#1"},
				"down": {"uv": [4.5, 10.5, 4.5, 10.5], "texture": "#1"}
			}
		},
		{
			"from": [3.21334, 12.36519, -3.63816],
			"to": [13.88941, 12.82616, 15.01563],
			"rotation": {"angle": -22.5, "axis": "z", "origin": [4.87611, 12.48816, 6.68973]},
			"faces": {
				"north": {"uv": [4.5, 10.5, 4.5, 10.5], "texture": "#1"},
				"east": {"uv": [4.5, 10.5, 4.5, 10.5], "texture": "#1"},
				"south": {"uv": [4.5, 10.5, 4.5, 10.5], "texture": "#1"},
				"west": {"uv": [4.5, 10.5, 4.5, 10.5], "texture": "#1"},
				"up": {"uv": [4.5, 10.5, 4.5, 10.5], "texture": "#1"},
				"down": {"uv": [4.5, 10.5, 4.5, 10.5], "texture": "#1"}
			}
		},
		{
			"from": [-2.50095, 12.36519, -3.63816],
			"to": [15.79417, 12.82616, 10.19024],
			"rotation": {"angle": -22.5, "axis": "z", "origin": [4.87611, 12.48816, 6.68973]},
			"faces": {
				"north": {"uv": [4.5, 10.5, 4.5, 10.5], "texture": "#1"},
				"east": {"uv": [4.5, 10.5, 4.5, 10.5], "texture": "#1"},
				"south": {"uv": [4.5, 10.5, 4.5, 10.5], "texture": "#1"},
				"west": {"uv": [4.5, 10.5, 4.5, 10.5], "texture": "#1"},
				"up": {"uv": [4.5, 10.5, 4.5, 10.5], "texture": "#1"},
				"down": {"uv": [4.5, 10.5, 4.5, 10.5], "texture": "#1"}
			}
		},
		{
			"from": [-8.39493, 13.40872, 8.34838],
			"to": [-8.13156, 14.20038, 12.90694],
			"rotation": {"angle": 22.5, "axis": "z", "origin": [-5.32729, 13.88915, 10.96348]},
			"faces": {
				"north": {"uv": [3.667, 9.5, 3.667, 9.5], "texture": "#1"},
				"east": {"uv": [3.667, 9.5, 3.667, 9.5], "texture": "#1"},
				"south": {"uv": [3.667, 9.5, 3.667, 9.5], "texture": "#1"},
				"west": {"uv": [3.667, 9.5, 3.667, 9.5], "texture": "#1"},
				"up": {"uv": [3.667, 9.5, 3.667, 9.5], "texture": "#1"},
				"down": {"uv": [3.667, 9.5, 3.667, 9.5], "texture": "#1"}
			}
		},
		{
			"from": [-5.85525, 13.40872, 9.87219],
			"to": [-5.59188, 14.20038, 14.43075],
			"rotation": {"angle": 22.5, "axis": "z", "origin": [-5.32729, 13.88915, 10.96348]},
			"faces": {
				"north": {"uv": [3.667, 9.5, 3.667, 9.5], "texture": "#1"},
				"east": {"uv": [3.667, 9.5, 3.667, 9.5], "texture": "#1"},
				"south": {"uv": [3.667, 9.5, 3.667, 9.5], "texture": "#1"},
				"west": {"uv": [3.667, 9.5, 3.667, 9.5], "texture": "#1"},
				"up": {"uv": [3.667, 9.5, 3.667, 9.5], "texture": "#1"},
				"down": {"uv": [3.667, 9.5, 3.667, 9.5], "texture": "#1"}
			}
		},
		{
			"from": [-3.82351, 13.40872, 13.30076],
			"to": [-3.56013, 14.20038, 17.85932],
			"rotation": {"angle": 22.5, "axis": "z", "origin": [-5.32729, 13.88915, 10.96348]},
			"faces": {
				"north": {"uv": [3.667, 9.5, 3.667, 9.5], "texture": "#1"},
				"east": {"uv": [3.667, 9.5, 3.667, 9.5], "texture": "#1"},
				"south": {"uv": [3.667, 9.5, 3.667, 9.5], "texture": "#1"},
				"west": {"uv": [3.667, 9.5, 3.667, 9.5], "texture": "#1"},
				"up": {"uv": [3.667, 9.5, 3.667, 9.5], "texture": "#1"},
				"down": {"uv": [3.667, 9.5, 3.667, 9.5], "texture": "#1"}
			}
		},
		{
			"from": [-7.887, 13.40872, 6.44362],
			"to": [-7.62362, 14.20038, 11.00217],
			"rotation": {"angle": 22.5, "axis": "z", "origin": [-5.32729, 13.88915, 10.96348]},
			"faces": {
				"north": {"uv": [3.667, 9.5, 3.667, 9.5], "texture": "#1"},
				"east": {"uv": [3.667, 9.5, 3.667, 9.5], "texture": "#1"},
				"south": {"uv": [3.667, 9.5, 3.667, 9.5], "texture": "#1"},
				"west": {"uv": [3.667, 9.5, 3.667, 9.5], "texture": "#1"},
				"up": {"uv": [3.667, 9.5, 3.667, 9.5], "texture": "#1"},
				"down": {"uv": [3.667, 9.5, 3.667, 9.5], "texture": "#1"}
			}
		},
		{
			"from": [-5.85525, 13.40872, 12.91981],
			"to": [-5.59188, 14.20038, 17.47836],
			"rotation": {"angle": 22.5, "axis": "z", "origin": [-5.32729, 13.88915, 10.96348]},
			"faces": {
				"north": {"uv": [3.667, 9.5, 3.667, 9.5], "texture": "#1"},
				"east": {"uv": [3.667, 9.5, 3.667, 9.5], "texture": "#1"},
				"south": {"uv": [3.667, 9.5, 3.667, 9.5], "texture": "#1"},
				"west": {"uv": [3.667, 9.5, 3.667, 9.5], "texture": "#1"},
				"up": {"uv": [3.667, 9.5, 3.667, 9.5], "texture": "#1"},
				"down": {"uv": [3.667, 9.5, 3.667, 9.5], "texture": "#1"}
			}
		},
		{
			"from": [7.09583, 12.3575, 11.69825],
			"to": [7.3592, 13.14916, 16.25681],
			"rotation": {"angle": -22.5, "axis": "z", "origin": [4.87611, 12.48816, 11.95767]},
			"faces": {
				"north": {"uv": [4.5, 10.333, 4.5, 10.333], "texture": "#1"},
				"east": {"uv": [4.5, 10.333, 4.5, 10.333], "texture": "#1"},
				"south": {"uv": [4.5, 10.333, 4.5, 10.333], "texture": "#1"},
				"west": {"uv": [4.5, 10.333, 4.5, 10.333], "texture": "#1"},
				"up": {"uv": [4.5, 10.333, 4.5, 10.333], "texture": "#1"},
				"down": {"uv": [4.5, 10.333, 4.5, 10.333], "texture": "#1"}
			}
		},
		{
			"from": [-5.6553, 13.57791, 9.78193],
			"to": [-5.39193, 14.36957, 14.34048],
			"rotation": {"angle": 22.5, "axis": "z", "origin": [-5.32729, 13.88915, 10.96348]},
			"faces": {
				"north": {"uv": [4.5, 10.333, 4.5, 10.333], "texture": "#1"},
				"east": {"uv": [4.5, 10.333, 4.5, 10.333], "texture": "#1"},
				"south": {"uv": [4.5, 10.333, 4.5, 10.333], "texture": "#1"},
				"west": {"uv": [4.5, 10.333, 4.5, 10.333], "texture": "#1"},
				"up": {"uv": [4.5, 10.333, 4.5, 10.333], "texture": "#1"},
				"down": {"uv": [4.5, 10.333, 4.5, 10.333], "texture": "#1"}
			}
		},
		{
			"from": [-5.02038, 13.57791, 7.11526],
			"to": [-4.75701, 14.36957, 11.67382],
			"rotation": {"angle": 22.5, "axis": "z", "origin": [-5.32729, 13.88915, 10.96348]},
			"faces": {
				"north": {"uv": [4.5, 10.333, 4.5, 10.333], "texture": "#1"},
				"east": {"uv": [4.5, 10.333, 4.5, 10.333], "texture": "#1"},
				"south": {"uv": [4.5, 10.333, 4.5, 10.333], "texture": "#1"},
				"west": {"uv": [4.5, 10.333, 4.5, 10.333], "texture": "#1"},
				"up": {"uv": [4.5, 10.333, 4.5, 10.333], "texture": "#1"},
				"down": {"uv": [4.5, 10.333, 4.5, 10.333], "texture": "#1"}
			}
		},
		{
			"from": [-3.49657, 13.57791, 13.97241],
			"to": [-3.2332, 14.36957, 18.53096],
			"rotation": {"angle": 22.5, "axis": "z", "origin": [-5.32729, 13.88915, 10.96348]},
			"faces": {
				"north": {"uv": [4.5, 10.333, 4.5, 10.333], "texture": "#1"},
				"east": {"uv": [4.5, 10.333, 4.5, 10.333], "texture": "#1"},
				"south": {"uv": [4.5, 10.333, 4.5, 10.333], "texture": "#1"},
				"west": {"uv": [4.5, 10.333, 4.5, 10.333], "texture": "#1"},
				"up": {"uv": [4.5, 10.333, 4.5, 10.333], "texture": "#1"},
				"down": {"uv": [4.5, 10.333, 4.5, 10.333], "texture": "#1"}
			}
		},
		{
			"from": [-2.86165, 13.57791, 11.30574],
			"to": [-2.59828, 14.36957, 15.86429],
			"rotation": {"angle": 22.5, "axis": "z", "origin": [-5.32729, 13.88915, 10.96348]},
			"faces": {
				"north": {"uv": [4.5, 10.333, 4.5, 10.333], "texture": "#1"},
				"east": {"uv": [4.5, 10.333, 4.5, 10.333], "texture": "#1"},
				"south": {"uv": [4.5, 10.333, 4.5, 10.333], "texture": "#1"},
				"west": {"uv": [4.5, 10.333, 4.5, 10.333], "texture": "#1"},
				"up": {"uv": [4.5, 10.333, 4.5, 10.333], "texture": "#1"},
				"down": {"uv": [4.5, 10.333, 4.5, 10.333], "texture": "#1"}
			}
		},
		{
			"from": [-1.73905, 12.18831, 14.58217],
			"to": [-1.47567, 12.97997, 19.14072],
			"rotation": {"angle": -22.5, "axis": "z", "origin": [4.87611, 12.48816, 11.95767]},
			"faces": {
				"north": {"uv": [3.667, 9.5, 3.667, 9.5], "texture": "#1"},
				"east": {"uv": [3.667, 9.5, 3.667, 9.5], "texture": "#1"},
				"south": {"uv": [3.667, 9.5, 3.667, 9.5], "texture": "#1"},
				"west": {"uv": [3.667, 9.5, 3.667, 9.5], "texture": "#1"},
				"up": {"uv": [3.667, 9.5, 3.667, 9.5], "texture": "#1"},
				"down": {"uv": [3.667, 9.5, 3.667, 9.5], "texture": "#1"}
			}
		},
		{
			"from": [-1.53909, 12.3575, 11.69825],
			"to": [-1.27572, 13.14916, 16.25681],
			"rotation": {"angle": -22.5, "axis": "z", "origin": [4.87611, 12.48816, 11.95767]},
			"faces": {
				"north": {"uv": [4.5, 10.333, 4.5, 10.333], "texture": "#1"},
				"east": {"uv": [4.5, 10.333, 4.5, 10.333], "texture": "#1"},
				"south": {"uv": [4.5, 10.333, 4.5, 10.333], "texture": "#1"},
				"west": {"uv": [4.5, 10.333, 4.5, 10.333], "texture": "#1"},
				"up": {"uv": [4.5, 10.333, 4.5, 10.333], "texture": "#1"},
				"down": {"uv": [4.5, 10.333, 4.5, 10.333], "texture": "#1"}
			}
		},
		{
			"from": [0.16572, 12.18831, 10.77264],
			"to": [0.42909, 12.97997, 15.3312],
			"rotation": {"angle": -22.5, "axis": "z", "origin": [4.87611, 12.48816, 11.95767]},
			"faces": {
				"north": {"uv": [3.667, 9.5, 3.667, 9.5], "texture": "#1"},
				"east": {"uv": [3.667, 9.5, 3.667, 9.5], "texture": "#1"},
				"south": {"uv": [3.667, 9.5, 3.667, 9.5], "texture": "#1"},
				"west": {"uv": [3.667, 9.5, 3.667, 9.5], "texture": "#1"},
				"up": {"uv": [3.667, 9.5, 3.667, 9.5], "texture": "#1"},
				"down": {"uv": [3.667, 9.5, 3.667, 9.5], "texture": "#1"}
			}
		},
		{
			"from": [0.36567, 12.3575, 7.88873],
			"to": [0.62904, 13.14916, 12.44729],
			"rotation": {"angle": -22.5, "axis": "z", "origin": [4.87611, 12.48816, 11.95767]},
			"faces": {
				"north": {"uv": [4.5, 10.333, 4.5, 10.333], "texture": "#1"},
				"east": {"uv": [4.5, 10.333, 4.5, 10.333], "texture": "#1"},
				"south": {"uv": [4.5, 10.333, 4.5, 10.333], "texture": "#1"},
				"west": {"uv": [4.5, 10.333, 4.5, 10.333], "texture": "#1"},
				"up": {"uv": [4.5, 10.333, 4.5, 10.333], "texture": "#1"},
				"down": {"uv": [4.5, 10.333, 4.5, 10.333], "texture": "#1"}
			}
		},
		{
			"from": [12.99111, 12.18831, 7.59804],
			"to": [13.25449, 12.97997, 12.15659],
			"rotation": {"angle": -22.5, "axis": "z", "origin": [4.87611, 12.48816, 11.95767]},
			"faces": {
				"north": {"uv": [3.667, 9.5, 3.667, 9.5], "texture": "#1"},
				"east": {"uv": [3.667, 9.5, 3.667, 9.5], "texture": "#1"},
				"south": {"uv": [3.667, 9.5, 3.667, 9.5], "texture": "#1"},
				"west": {"uv": [3.667, 9.5, 3.667, 9.5], "texture": "#1"},
				"up": {"uv": [3.667, 9.5, 3.667, 9.5], "texture": "#1"},
				"down": {"uv": [3.667, 9.5, 3.667, 9.5], "texture": "#1"}
			}
		},
		{
			"from": [13.19106, 12.3575, 4.71413],
			"to": [13.45444, 13.14916, 9.27268],
			"rotation": {"angle": -22.5, "axis": "z", "origin": [4.87611, 12.48816, 11.95767]},
			"faces": {
				"north": {"uv": [4.5, 10.333, 4.5, 10.333], "texture": "#1"},
				"east": {"uv": [4.5, 10.333, 4.5, 10.333], "texture": "#1"},
				"south": {"uv": [4.5, 10.333, 4.5, 10.333], "texture": "#1"},
				"west": {"uv": [4.5, 10.333, 4.5, 10.333], "texture": "#1"},
				"up": {"uv": [4.5, 10.333, 4.5, 10.333], "texture": "#1"},
				"down": {"uv": [4.5, 10.333, 4.5, 10.333], "texture": "#1"}
			}
		},
		{
			"from": [11.08635, 12.18831, 13.69328],
			"to": [11.34973, 12.97997, 18.25183],
			"rotation": {"angle": -22.5, "axis": "z", "origin": [4.87611, 12.48816, 11.95767]},
			"faces": {
				"north": {"uv": [3.667, 9.5, 3.667, 9.5], "texture": "#1"},
				"east": {"uv": [3.667, 9.5, 3.667, 9.5], "texture": "#1"},
				"south": {"uv": [3.667, 9.5, 3.667, 9.5], "texture": "#1"},
				"west": {"uv": [3.667, 9.5, 3.667, 9.5], "texture": "#1"},
				"up": {"uv": [3.667, 9.5, 3.667, 9.5], "texture": "#1"},
				"down": {"uv": [3.667, 9.5, 3.667, 9.5], "texture": "#1"}
			}
		},
		{
			"from": [9.94349, 12.18831, 15.21709],
			"to": [10.20687, 12.97997, 19.77564],
			"rotation": {"angle": -22.5, "axis": "z", "origin": [4.87611, 12.48816, 11.95767]},
			"faces": {
				"north": {"uv": [3.667, 9.5, 3.667, 9.5], "texture": "#1"},
				"east": {"uv": [3.667, 9.5, 3.667, 9.5], "texture": "#1"},
				"south": {"uv": [3.667, 9.5, 3.667, 9.5], "texture": "#1"},
				"west": {"uv": [3.667, 9.5, 3.667, 9.5], "texture": "#1"},
				"up": {"uv": [3.667, 9.5, 3.667, 9.5], "texture": "#1"},
				"down": {"uv": [3.667, 9.5, 3.667, 9.5], "texture": "#1"}
			}
		},
		{
			"from": [6.00699, 12.18831, 15.21709],
			"to": [6.27036, 12.97997, 19.77564],
			"rotation": {"angle": -22.5, "axis": "z", "origin": [4.87611, 12.48816, 11.95767]},
			"faces": {
				"north": {"uv": [3.667, 9.5, 3.667, 9.5], "texture": "#1"},
				"east": {"uv": [3.667, 9.5, 3.667, 9.5], "texture": "#1"},
				"south": {"uv": [3.667, 9.5, 3.667, 9.5], "texture": "#1"},
				"west": {"uv": [3.667, 9.5, 3.667, 9.5], "texture": "#1"},
				"up": {"uv": [3.667, 9.5, 3.667, 9.5], "texture": "#1"},
				"down": {"uv": [3.667, 9.5, 3.667, 9.5], "texture": "#1"}
			}
		},
		{
			"from": [11.2863, 12.3575, 8.65064],
			"to": [11.54968, 13.14916, 13.20919],
			"rotation": {"angle": -22.5, "axis": "z", "origin": [4.87611, 12.48816, 11.95767]},
			"faces": {
				"north": {"uv": [4.5, 10.333, 4.5, 10.333], "texture": "#1"},
				"east": {"uv": [4.5, 10.333, 4.5, 10.333], "texture": "#1"},
				"south": {"uv": [4.5, 10.333, 4.5, 10.333], "texture": "#1"},
				"west": {"uv": [4.5, 10.333, 4.5, 10.333], "texture": "#1"},
				"up": {"uv": [4.5, 10.333, 4.5, 10.333], "texture": "#1"},
				"down": {"uv": [4.5, 10.333, 4.5, 10.333], "texture": "#1"}
			}
		},
		{
			"from": [5.75302, 12.18831, 11.53455],
			"to": [6.01639, 12.97997, 16.0931],
			"rotation": {"angle": -22.5, "axis": "z", "origin": [4.87611, 12.48816, 11.95767]},
			"faces": {
				"north": {"uv": [3.667, 9.5, 3.667, 9.5], "texture": "#1"},
				"east": {"uv": [3.667, 9.5, 3.667, 9.5], "texture": "#1"},
				"south": {"uv": [3.667, 9.5, 3.667, 9.5], "texture": "#1"},
				"west": {"uv": [3.667, 9.5, 3.667, 9.5], "texture": "#1"},
				"up": {"uv": [3.667, 9.5, 3.667, 9.5], "texture": "#1"},
				"down": {"uv": [3.667, 9.5, 3.667, 9.5], "texture": "#1"}
			}
		},
		{
			"from": [-6.99811, 13.40872, 4.91981],
			"to": [-6.73474, 14.20038, 12.77995],
			"rotation": {"angle": 22.5, "axis": "z", "origin": [-5.32729, 13.88915, 10.96348]},
			"faces": {
				"north": {"uv": [3.667, 9.5, 3.667, 9.5], "texture": "#1"},
				"east": {"uv": [3.667, 9.5, 3.667, 9.5], "texture": "#1"},
				"south": {"uv": [3.667, 9.5, 3.667, 9.5], "texture": "#1"},
				"west": {"uv": [3.667, 9.5, 3.667, 9.5], "texture": "#1"},
				"up": {"uv": [3.667, 9.5, 3.667, 9.5], "texture": "#1"},
				"down": {"uv": [3.667, 9.5, 3.667, 9.5], "texture": "#1"}
			}
		},
		{
			"from": [-4.96636, 13.40872, 9.11029],
			"to": [-4.70299, 14.20038, 16.97043],
			"rotation": {"angle": 22.5, "axis": "z", "origin": [-5.32729, 13.88915, 10.96348]},
			"faces": {
				"north": {"uv": [3.667, 9.5, 3.667, 9.5], "texture": "#1"},
				"east": {"uv": [3.667, 9.5, 3.667, 9.5], "texture": "#1"},
				"south": {"uv": [3.667, 9.5, 3.667, 9.5], "texture": "#1"},
				"west": {"uv": [3.667, 9.5, 3.667, 9.5], "texture": "#1"},
				"up": {"uv": [3.667, 9.5, 3.667, 9.5], "texture": "#1"},
				"down": {"uv": [3.667, 9.5, 3.667, 9.5], "texture": "#1"}
			}
		},
		{
			"from": [-9.02986, 13.40872, 2.88806],
			"to": [-8.76648, 14.20038, 10.74821],
			"rotation": {"angle": 22.5, "axis": "z", "origin": [-5.32729, 13.88915, 10.96348]},
			"faces": {
				"north": {"uv": [3.667, 9.5, 3.667, 9.5], "texture": "#1"},
				"east": {"uv": [3.667, 9.5, 3.667, 9.5], "texture": "#1"},
				"south": {"uv": [3.667, 9.5, 3.667, 9.5], "texture": "#1"},
				"west": {"uv": [3.667, 9.5, 3.667, 9.5], "texture": "#1"},
				"up": {"uv": [3.667, 9.5, 3.667, 9.5], "texture": "#1"},
				"down": {"uv": [3.667, 9.5, 3.667, 9.5], "texture": "#1"}
			}
		},
		{
			"from": [-6.99811, 13.40872, 3.77695],
			"to": [-6.73474, 14.20038, 11.63709],
			"rotation": {"angle": 22.5, "axis": "z", "origin": [-5.32729, 13.88915, 10.96348]},
			"faces": {
				"north": {"uv": [3.667, 9.5, 3.667, 9.5], "texture": "#1"},
				"east": {"uv": [3.667, 9.5, 3.667, 9.5], "texture": "#1"},
				"south": {"uv": [3.667, 9.5, 3.667, 9.5], "texture": "#1"},
				"west": {"uv": [3.667, 9.5, 3.667, 9.5], "texture": "#1"},
				"up": {"uv": [3.667, 9.5, 3.667, 9.5], "texture": "#1"},
				"down": {"uv": [3.667, 9.5, 3.667, 9.5], "texture": "#1"}
			}
		},
		{
			"from": [5.95297, 12.3575, 8.65064],
			"to": [6.21634, 13.14916, 13.20919],
			"rotation": {"angle": -22.5, "axis": "z", "origin": [4.87611, 12.48816, 11.95767]},
			"faces": {
				"north": {"uv": [4.5, 10.333, 4.5, 10.333], "texture": "#1"},
				"east": {"uv": [4.5, 10.333, 4.5, 10.333], "texture": "#1"},
				"south": {"uv": [4.5, 10.333, 4.5, 10.333], "texture": "#1"},
				"west": {"uv": [4.5, 10.333, 4.5, 10.333], "texture": "#1"},
				"up": {"uv": [4.5, 10.333, 4.5, 10.333], "texture": "#1"},
				"down": {"uv": [4.5, 10.333, 4.5, 10.333], "texture": "#1"}
			}
		},
		{
			"from": [-6.79816, 13.57791, 3.94066],
			"to": [-6.53478, 14.36957, 12.92109],
			"rotation": {"angle": 22.5, "axis": "z", "origin": [-5.32729, 13.88915, 10.96348]},
			"faces": {
				"north": {"uv": [4.5, 10.333, 4.5, 10.333], "texture": "#1"},
				"east": {"uv": [4.5, 10.333, 4.5, 10.333], "texture": "#1"},
				"south": {"uv": [4.5, 10.333, 4.5, 10.333], "texture": "#1"},
				"west": {"uv": [4.5, 10.333, 4.5, 10.333], "texture": "#1"},
				"up": {"uv": [4.5, 10.333, 4.5, 10.333], "texture": "#1"},
				"down": {"uv": [4.5, 10.333, 4.5, 10.333], "texture": "#1"}
			}
		},
		{
			"from": [-6.16324, 13.57791, 4.06764],
			"to": [-5.89986, 14.36957, 13.04807],
			"rotation": {"angle": 22.5, "axis": "z", "origin": [-5.32729, 13.88915, 10.96348]},
			"faces": {
				"north": {"uv": [4.5, 10.333, 4.5, 10.333], "texture": "#1"},
				"east": {"uv": [4.5, 10.333, 4.5, 10.333], "texture": "#1"},
				"south": {"uv": [4.5, 10.333, 4.5, 10.333], "texture": "#1"},
				"west": {"uv": [4.5, 10.333, 4.5, 10.333], "texture": "#1"},
				"up": {"uv": [4.5, 10.333, 4.5, 10.333], "texture": "#1"},
				"down": {"uv": [4.5, 10.333, 4.5, 10.333], "texture": "#1"}
			}
		},
		{
			"from": [-4.63943, 13.57791, 10.92479],
			"to": [-4.37605, 14.36957, 15.48334],
			"rotation": {"angle": 22.5, "axis": "z", "origin": [-5.32729, 13.88915, 10.96348]},
			"faces": {
				"north": {"uv": [4.5, 10.333, 4.5, 10.333], "texture": "#1"},
				"east": {"uv": [4.5, 10.333, 4.5, 10.333], "texture": "#1"},
				"south": {"uv": [4.5, 10.333, 4.5, 10.333], "texture": "#1"},
				"west": {"uv": [4.5, 10.333, 4.5, 10.333], "texture": "#1"},
				"up": {"uv": [4.5, 10.333, 4.5, 10.333], "texture": "#1"},
				"down": {"uv": [4.5, 10.333, 4.5, 10.333], "texture": "#1"}
			}
		},
		{
			"from": [-4.00451, 13.57791, 8.25812],
			"to": [-3.74113, 14.36957, 12.81668],
			"rotation": {"angle": 22.5, "axis": "z", "origin": [-5.32729, 13.88915, 10.96348]},
			"faces": {
				"north": {"uv": [4.5, 10.333, 4.5, 10.333], "texture": "#1"},
				"east": {"uv": [4.5, 10.333, 4.5, 10.333], "texture": "#1"},
				"south": {"uv": [4.5, 10.333, 4.5, 10.333], "texture": "#1"},
				"west": {"uv": [4.5, 10.333, 4.5, 10.333], "texture": "#1"},
				"up": {"uv": [4.5, 10.333, 4.5, 10.333], "texture": "#1"},
				"down": {"uv": [4.5, 10.333, 4.5, 10.333], "texture": "#1"}
			}
		},
		{
			"from": [4.35619, 12.18831, 10.01074],
			"to": [4.61957, 12.97997, 14.56929],
			"rotation": {"angle": -22.5, "axis": "z", "origin": [4.87611, 12.48816, 11.95767]},
			"faces": {
				"north": {"uv": [3.667, 9.5, 3.667, 9.5], "texture": "#1"},
				"east": {"uv": [3.667, 9.5, 3.667, 9.5], "texture": "#1"},
				"south": {"uv": [3.667, 9.5, 3.667, 9.5], "texture": "#1"},
				"west": {"uv": [3.667, 9.5, 3.667, 9.5], "texture": "#1"},
				"up": {"uv": [3.667, 9.5, 3.667, 9.5], "texture": "#1"},
				"down": {"uv": [3.667, 9.5, 3.667, 9.5], "texture": "#1"}
			}
		},
		{
			"from": [-8.39493, 13.40872, 8.09441],
			"to": [-8.13156, 14.20038, 12.65297],
			"rotation": {"angle": 22.5, "axis": "z", "origin": [-5.32729, 13.88915, 10.96348]},
			"faces": {
				"north": {"uv": [3.667, 9.5, 3.667, 9.5], "texture": "#1"},
				"east": {"uv": [3.667, 9.5, 3.667, 9.5], "texture": "#1"},
				"south": {"uv": [3.667, 9.5, 3.667, 9.5], "texture": "#1"},
				"west": {"uv": [3.667, 9.5, 3.667, 9.5], "texture": "#1"},
				"up": {"uv": [3.667, 9.5, 3.667, 9.5], "texture": "#1"},
				"down": {"uv": [3.667, 9.5, 3.667, 9.5], "texture": "#1"}
			}
		},
		{
			"from": [-10.42668, 13.40872, 4.66584],
			"to": [-10.16331, 14.20038, 9.2244],
			"rotation": {"angle": 22.5, "axis": "z", "origin": [-5.32729, 13.88915, 10.96348]},
			"faces": {
				"north": {"uv": [3.667, 9.5, 3.667, 9.5], "texture": "#1"},
				"east": {"uv": [3.667, 9.5, 3.667, 9.5], "texture": "#1"},
				"south": {"uv": [3.667, 9.5, 3.667, 9.5], "texture": "#1"},
				"west": {"uv": [3.667, 9.5, 3.667, 9.5], "texture": "#1"},
				"up": {"uv": [3.667, 9.5, 3.667, 9.5], "texture": "#1"},
				"down": {"uv": [3.667, 9.5, 3.667, 9.5], "texture": "#1"}
			}
		},
		{
			"from": [11.92122, 12.3575, 9.66651],
			"to": [12.1846, 13.14916, 14.22506],
			"rotation": {"angle": -22.5, "axis": "z", "origin": [4.87611, 12.48816, 11.95767]},
			"faces": {
				"north": {"uv": [4.5, 10.333, 4.5, 10.333], "texture": "#1"},
				"east": {"uv": [4.5, 10.333, 4.5, 10.333], "texture": "#1"},
				"south": {"uv": [4.5, 10.333, 4.5, 10.333], "texture": "#1"},
				"west": {"uv": [4.5, 10.333, 4.5, 10.333], "texture": "#1"},
				"up": {"uv": [4.5, 10.333, 4.5, 10.333], "texture": "#1"},
				"down": {"uv": [4.5, 10.333, 4.5, 10.333], "texture": "#1"}
			}
		},
		{
			"from": [8.54667, 12.18831, 18.2647],
			"to": [8.81004, 12.97997, 22.82326],
			"rotation": {"angle": -22.5, "axis": "z", "origin": [4.87611, 12.48816, 11.95767]},
			"faces": {
				"north": {"uv": [3.667, 9.5, 3.667, 9.5], "texture": "#1"},
				"east": {"uv": [3.667, 9.5, 3.667, 9.5], "texture": "#1"},
				"south": {"uv": [3.667, 9.5, 3.667, 9.5], "texture": "#1"},
				"west": {"uv": [3.667, 9.5, 3.667, 9.5], "texture": "#1"},
				"up": {"uv": [3.667, 9.5, 3.667, 9.5], "texture": "#1"},
				"down": {"uv": [3.667, 9.5, 3.667, 9.5], "texture": "#1"}
			}
		},
		{
			"from": [8.74662, 12.3575, 11.3173],
			"to": [9.00999, 13.14916, 15.87586],
			"rotation": {"angle": -22.5, "axis": "z", "origin": [4.87611, 12.48816, 11.95767]},
			"faces": {
				"north": {"uv": [4.5, 10.333, 4.5, 10.333], "texture": "#1"},
				"east": {"uv": [4.5, 10.333, 4.5, 10.333], "texture": "#1"},
				"south": {"uv": [4.5, 10.333, 4.5, 10.333], "texture": "#1"},
				"west": {"uv": [4.5, 10.333, 4.5, 10.333], "texture": "#1"},
				"up": {"uv": [4.5, 10.333, 4.5, 10.333], "texture": "#1"},
				"down": {"uv": [4.5, 10.333, 4.5, 10.333], "texture": "#1"}
			}
		},
		{
			"from": [-0.4692, 12.18831, 12.29645],
			"to": [-0.20583, 12.97997, 16.85501],
			"rotation": {"angle": -22.5, "axis": "z", "origin": [4.87611, 12.48816, 11.95767]},
			"faces": {
				"north": {"uv": [3.667, 9.5, 3.667, 9.5], "texture": "#1"},
				"east": {"uv": [3.667, 9.5, 3.667, 9.5], "texture": "#1"},
				"south": {"uv": [3.667, 9.5, 3.667, 9.5], "texture": "#1"},
				"west": {"uv": [3.667, 9.5, 3.667, 9.5], "texture": "#1"},
				"up": {"uv": [3.667, 9.5, 3.667, 9.5], "texture": "#1"},
				"down": {"uv": [3.667, 9.5, 3.667, 9.5], "texture": "#1"}
			}
		},
		{
			"from": [-0.26925, 12.3575, 9.41254],
			"to": [-0.00588, 13.14916, 13.9711],
			"rotation": {"angle": -22.5, "axis": "z", "origin": [4.87611, 12.48816, 11.95767]},
			"faces": {
				"north": {"uv": [4.5, 10.333, 4.5, 10.333], "texture": "#1"},
				"east": {"uv": [4.5, 10.333, 4.5, 10.333], "texture": "#1"},
				"south": {"uv": [4.5, 10.333, 4.5, 10.333], "texture": "#1"},
				"west": {"uv": [4.5, 10.333, 4.5, 10.333], "texture": "#1"},
				"up": {"uv": [4.5, 10.333, 4.5, 10.333], "texture": "#1"},
				"down": {"uv": [4.5, 10.333, 4.5, 10.333], "texture": "#1"}
			}
		},
		{
			"from": [-1.35809, 12.18831, 15.72502],
			"to": [-1.09472, 12.97997, 20.28358],
			"rotation": {"angle": -22.5, "axis": "z", "origin": [4.87611, 12.48816, 11.95767]},
			"faces": {
				"north": {"uv": [3.667, 9.5, 3.667, 9.5], "texture": "#1"},
				"east": {"uv": [3.667, 9.5, 3.667, 9.5], "texture": "#1"},
				"south": {"uv": [3.667, 9.5, 3.667, 9.5], "texture": "#1"},
				"west": {"uv": [3.667, 9.5, 3.667, 9.5], "texture": "#1"},
				"up": {"uv": [3.667, 9.5, 3.667, 9.5], "texture": "#1"},
				"down": {"uv": [3.667, 9.5, 3.667, 9.5], "texture": "#1"}
			}
		},
		{
			"from": [-1.15814, 12.3575, 12.84111],
			"to": [-0.89477, 13.14916, 17.39967],
			"rotation": {"angle": -22.5, "axis": "z", "origin": [4.87611, 12.48816, 11.95767]},
			"faces": {
				"north": {"uv": [4.5, 10.333, 4.5, 10.333], "texture": "#1"},
				"east": {"uv": [4.5, 10.333, 4.5, 10.333], "texture": "#1"},
				"south": {"uv": [4.5, 10.333, 4.5, 10.333], "texture": "#1"},
				"west": {"uv": [4.5, 10.333, 4.5, 10.333], "texture": "#1"},
				"up": {"uv": [4.5, 10.333, 4.5, 10.333], "texture": "#1"},
				"down": {"uv": [4.5, 10.333, 4.5, 10.333], "texture": "#1"}
			}
		},
		{
			"from": [1.81651, 12.18831, 10.39169],
			"to": [2.07988, 12.97997, 14.95024],
			"rotation": {"angle": -22.5, "axis": "z", "origin": [4.87611, 12.48816, 11.95767]},
			"faces": {
				"north": {"uv": [3.667, 9.5, 3.667, 9.5], "texture": "#1"},
				"east": {"uv": [3.667, 9.5, 3.667, 9.5], "texture": "#1"},
				"south": {"uv": [3.667, 9.5, 3.667, 9.5], "texture": "#1"},
				"west": {"uv": [3.667, 9.5, 3.667, 9.5], "texture": "#1"},
				"up": {"uv": [3.667, 9.5, 3.667, 9.5], "texture": "#1"},
				"down": {"uv": [3.667, 9.5, 3.667, 9.5], "texture": "#1"}
			}
		},
		{
			"from": [2.01646, 12.3575, 7.50778],
			"to": [2.27984, 13.14916, 12.06633],
			"rotation": {"angle": -22.5, "axis": "z", "origin": [4.87611, 12.48816, 11.95767]},
			"faces": {
				"north": {"uv": [4.5, 10.333, 4.5, 10.333], "texture": "#1"},
				"east": {"uv": [4.5, 10.333, 4.5, 10.333], "texture": "#1"},
				"south": {"uv": [4.5, 10.333, 4.5, 10.333], "texture": "#1"},
				"west": {"uv": [4.5, 10.333, 4.5, 10.333], "texture": "#1"},
				"up": {"uv": [4.5, 10.333, 4.5, 10.333], "texture": "#1"},
				"down": {"uv": [4.5, 10.333, 4.5, 10.333], "texture": "#1"}
			}
		},
		{
			"from": [14.64191, 12.18831, 7.21709],
			"to": [14.90528, 12.97997, 11.77564],
			"rotation": {"angle": -22.5, "axis": "z", "origin": [4.87611, 12.48816, 11.95767]},
			"faces": {
				"north": {"uv": [3.667, 9.5, 3.667, 9.5], "texture": "#1"},
				"east": {"uv": [3.667, 9.5, 3.667, 9.5], "texture": "#1"},
				"south": {"uv": [3.667, 9.5, 3.667, 9.5], "texture": "#1"},
				"west": {"uv": [3.667, 9.5, 3.667, 9.5], "texture": "#1"},
				"up": {"uv": [3.667, 9.5, 3.667, 9.5], "texture": "#1"},
				"down": {"uv": [3.667, 9.5, 3.667, 9.5], "texture": "#1"}
			}
		},
		{
			"from": [14.84186, 12.3575, 4.33317],
			"to": [15.10523, 13.14916, 12.02943],
			"rotation": {"angle": -22.5, "axis": "z", "origin": [4.87611, 12.48816, 11.95767]},
			"faces": {
				"north": {"uv": [4.5, 10.333, 4.5, 10.333], "texture": "#1"},
				"east": {"uv": [4.5, 10.333, 4.5, 10.333], "texture": "#1"},
				"south": {"uv": [4.5, 10.333, 4.5, 10.333], "texture": "#1"},
				"west": {"uv": [4.5, 10.333, 4.5, 10.333], "texture": "#1"},
				"up": {"uv": [4.5, 10.333, 4.5, 10.333], "texture": "#1"},
				"down": {"uv": [4.5, 10.333, 4.5, 10.333], "texture": "#1"}
			}
		},
		{
			"from": [12.73715, 12.18831, 11.15359],
			"to": [13.00052, 12.97997, 15.71215],
			"rotation": {"angle": -22.5, "axis": "z", "origin": [4.87611, 12.48816, 11.95767]},
			"faces": {
				"north": {"uv": [3.667, 9.5, 3.667, 9.5], "texture": "#1"},
				"east": {"uv": [3.667, 9.5, 3.667, 9.5], "texture": "#1"},
				"south": {"uv": [3.667, 9.5, 3.667, 9.5], "texture": "#1"},
				"west": {"uv": [3.667, 9.5, 3.667, 9.5], "texture": "#1"},
				"up": {"uv": [3.667, 9.5, 3.667, 9.5], "texture": "#1"},
				"down": {"uv": [3.667, 9.5, 3.667, 9.5], "texture": "#1"}
			}
		},
		{
			"from": [12.9371, 12.3575, 8.26968],
			"to": [13.20047, 13.14916, 12.82824],
			"rotation": {"angle": -22.5, "axis": "z", "origin": [4.87611, 12.48816, 11.95767]},
			"faces": {
				"north": {"uv": [4.5, 10.333, 4.5, 10.333], "texture": "#1"},
				"east": {"uv": [4.5, 10.333, 4.5, 10.333], "texture": "#1"},
				"south": {"uv": [4.5, 10.333, 4.5, 10.333], "texture": "#1"},
				"west": {"uv": [4.5, 10.333, 4.5, 10.333], "texture": "#1"},
				"up": {"uv": [4.5, 10.333, 4.5, 10.333], "texture": "#1"},
				"down": {"uv": [4.5, 10.333, 4.5, 10.333], "texture": "#1"}
			}
		},
		{
			"from": [9.56254, 12.18831, 12.80439],
			"to": [9.82592, 12.97997, 17.36294],
			"rotation": {"angle": -22.5, "axis": "z", "origin": [4.87611, 12.48816, 11.95767]},
			"faces": {
				"north": {"uv": [3.667, 9.5, 3.667, 9.5], "texture": "#1"},
				"east": {"uv": [3.667, 9.5, 3.667, 9.5], "texture": "#1"},
				"south": {"uv": [3.667, 9.5, 3.667, 9.5], "texture": "#1"},
				"west": {"uv": [3.667, 9.5, 3.667, 9.5], "texture": "#1"},
				"up": {"uv": [3.667, 9.5, 3.667, 9.5], "texture": "#1"},
				"down": {"uv": [3.667, 9.5, 3.667, 9.5], "texture": "#1"}
			}
		},
		{
			"from": [9.76249, 12.3575, 9.92048],
			"to": [10.02587, 13.14916, 14.47903],
			"rotation": {"angle": -22.5, "axis": "z", "origin": [4.87611, 12.48816, 11.95767]},
			"faces": {
				"north": {"uv": [4.5, 10.333, 4.5, 10.333], "texture": "#1"},
				"east": {"uv": [4.5, 10.333, 4.5, 10.333], "texture": "#1"},
				"south": {"uv": [4.5, 10.333, 4.5, 10.333], "texture": "#1"},
				"west": {"uv": [4.5, 10.333, 4.5, 10.333], "texture": "#1"},
				"up": {"uv": [4.5, 10.333, 4.5, 10.333], "texture": "#1"},
				"down": {"uv": [4.5, 10.333, 4.5, 10.333], "texture": "#1"}
			}
		},
		{
			"from": [2.83238, 12.18831, 8.99486],
			"to": [3.09576, 12.97997, 13.55342],
			"rotation": {"angle": -22.5, "axis": "z", "origin": [4.87611, 12.48816, 11.95767]},
			"faces": {
				"north": {"uv": [3.667, 9.5, 3.667, 9.5], "texture": "#1"},
				"east": {"uv": [3.667, 9.5, 3.667, 9.5], "texture": "#1"},
				"south": {"uv": [3.667, 9.5, 3.667, 9.5], "texture": "#1"},
				"west": {"uv": [3.667, 9.5, 3.667, 9.5], "texture": "#1"},
				"up": {"uv": [3.667, 9.5, 3.667, 9.5], "texture": "#1"},
				"down": {"uv": [3.667, 9.5, 3.667, 9.5], "texture": "#1"}
			}
		},
		{
			"from": [3.03233, 12.3575, 6.11095],
			"to": [3.29571, 13.14916, 10.66951],
			"rotation": {"angle": -22.5, "axis": "z", "origin": [4.87611, 12.48816, 11.95767]},
			"faces": {
				"north": {"uv": [4.5, 10.333, 4.5, 10.333], "texture": "#1"},
				"east": {"uv": [4.5, 10.333, 4.5, 10.333], "texture": "#1"},
				"south": {"uv": [4.5, 10.333, 4.5, 10.333], "texture": "#1"},
				"west": {"uv": [4.5, 10.333, 4.5, 10.333], "texture": "#1"},
				"up": {"uv": [4.5, 10.333, 4.5, 10.333], "texture": "#1"},
				"down": {"uv": [4.5, 10.333, 4.5, 10.333], "texture": "#1"}
			}
		},
		{
			"from": [11.97524, 12.18831, 8.99486],
			"to": [12.23861, 12.97997, 13.55342],
			"rotation": {"angle": -22.5, "axis": "z", "origin": [4.87611, 12.48816, 11.95767]},
			"faces": {
				"north": {"uv": [3.667, 9.5, 3.667, 9.5], "texture": "#1"},
				"east": {"uv": [3.667, 9.5, 3.667, 9.5], "texture": "#1"},
				"south": {"uv": [3.667, 9.5, 3.667, 9.5], "texture": "#1"},
				"west": {"uv": [3.667, 9.5, 3.667, 9.5], "texture": "#1"},
				"up": {"uv": [3.667, 9.5, 3.667, 9.5], "texture": "#1"},
				"down": {"uv": [3.667, 9.5, 3.667, 9.5], "texture": "#1"}
			}
		},
		{
			"from": [12.17519, 12.3575, 6.11095],
			"to": [12.43857, 13.14916, 10.66951],
			"rotation": {"angle": -22.5, "axis": "z", "origin": [4.87611, 12.48816, 11.95767]},
			"faces": {
				"north": {"uv": [4.5, 10.333, 4.5, 10.333], "texture": "#1"},
				"east": {"uv": [4.5, 10.333, 4.5, 10.333], "texture": "#1"},
				"south": {"uv": [4.5, 10.333, 4.5, 10.333], "texture": "#1"},
				"west": {"uv": [4.5, 10.333, 4.5, 10.333], "texture": "#1"},
				"up": {"uv": [4.5, 10.333, 4.5, 10.333], "texture": "#1"},
				"down": {"uv": [4.5, 10.333, 4.5, 10.333], "texture": "#1"}
			}
		},
		{
			"from": [10.07048, 12.18831, 12.93137],
			"to": [10.33385, 12.97997, 17.48993],
			"rotation": {"angle": -22.5, "axis": "z", "origin": [4.87611, 12.48816, 11.95767]},
			"faces": {
				"north": {"uv": [3.667, 9.5, 3.667, 9.5], "texture": "#1"},
				"east": {"uv": [3.667, 9.5, 3.667, 9.5], "texture": "#1"},
				"south": {"uv": [3.667, 9.5, 3.667, 9.5], "texture": "#1"},
				"west": {"uv": [3.667, 9.5, 3.667, 9.5], "texture": "#1"},
				"up": {"uv": [3.667, 9.5, 3.667, 9.5], "texture": "#1"},
				"down": {"uv": [3.667, 9.5, 3.667, 9.5], "texture": "#1"}
			}
		},
		{
			"from": [10.27043, 12.3575, 10.04746],
			"to": [10.5338, 13.14916, 14.60602],
			"rotation": {"angle": -22.5, "axis": "z", "origin": [4.87611, 12.48816, 11.95767]},
			"faces": {
				"north": {"uv": [4.5, 10.333, 4.5, 10.333], "texture": "#1"},
				"east": {"uv": [4.5, 10.333, 4.5, 10.333], "texture": "#1"},
				"south": {"uv": [4.5, 10.333, 4.5, 10.333], "texture": "#1"},
				"west": {"uv": [4.5, 10.333, 4.5, 10.333], "texture": "#1"},
				"up": {"uv": [4.5, 10.333, 4.5, 10.333], "texture": "#1"},
				"down": {"uv": [4.5, 10.333, 4.5, 10.333], "texture": "#1"}
			}
		},
		{
			"from": [3.34032, 12.18831, 9.12185],
			"to": [3.60369, 12.97997, 13.6804],
			"rotation": {"angle": -22.5, "axis": "z", "origin": [4.87611, 12.48816, 11.95767]},
			"faces": {
				"north": {"uv": [3.667, 9.5, 3.667, 9.5], "texture": "#1"},
				"east": {"uv": [3.667, 9.5, 3.667, 9.5], "texture": "#1"},
				"south": {"uv": [3.667, 9.5, 3.667, 9.5], "texture": "#1"},
				"west": {"uv": [3.667, 9.5, 3.667, 9.5], "texture": "#1"},
				"up": {"uv": [3.667, 9.5, 3.667, 9.5], "texture": "#1"},
				"down": {"uv": [3.667, 9.5, 3.667, 9.5], "texture": "#1"}
			}
		},
		{
			"from": [3.54027, 12.3575, 6.23794],
			"to": [3.80364, 13.14916, 10.79649],
			"rotation": {"angle": -22.5, "axis": "z", "origin": [4.87611, 12.48816, 11.95767]},
			"faces": {
				"north": {"uv": [4.5, 10.333, 4.5, 10.333], "texture": "#1"},
				"east": {"uv": [4.5, 10.333, 4.5, 10.333], "texture": "#1"},
				"south": {"uv": [4.5, 10.333, 4.5, 10.333], "texture": "#1"},
				"west": {"uv": [4.5, 10.333, 4.5, 10.333], "texture": "#1"},
				"up": {"uv": [4.5, 10.333, 4.5, 10.333], "texture": "#1"},
				"down": {"uv": [4.5, 10.333, 4.5, 10.333], "texture": "#1"}
			}
		},
		{
			"from": [6.89588, 12.18831, 18.01074],
			"to": [7.15925, 12.97997, 22.56929],
			"rotation": {"angle": -22.5, "axis": "z", "origin": [4.87611, 12.48816, 11.95767]},
			"faces": {
				"north": {"uv": [3.667, 9.5, 3.667, 9.5], "texture": "#1"},
				"east": {"uv": [3.667, 9.5, 3.667, 9.5], "texture": "#1"},
				"south": {"uv": [3.667, 9.5, 3.667, 9.5], "texture": "#1"},
				"west": {"uv": [3.667, 9.5, 3.667, 9.5], "texture": "#1"},
				"up": {"uv": [3.667, 9.5, 3.667, 9.5], "texture": "#1"},
				"down": {"uv": [3.667, 9.5, 3.667, 9.5], "texture": "#1"}
			}
		},
		{
			"from": [1.38154, 12.3575, 6.4919],
			"to": [1.64491, 13.14916, 11.05046],
			"rotation": {"angle": -22.5, "axis": "z", "origin": [4.87611, 12.48816, 11.95767]},
			"faces": {
				"north": {"uv": [4.5, 10.333, 4.5, 10.333], "texture": "#1"},
				"east": {"uv": [4.5, 10.333, 4.5, 10.333], "texture": "#1"},
				"south": {"uv": [4.5, 10.333, 4.5, 10.333], "texture": "#1"},
				"west": {"uv": [4.5, 10.333, 4.5, 10.333], "texture": "#1"},
				"up": {"uv": [4.5, 10.333, 4.5, 10.333], "texture": "#1"},
				"down": {"uv": [4.5, 10.333, 4.5, 10.333], "texture": "#1"}
			}
		},
		{
			"from": [4.55614, 12.3575, 7.12683],
			"to": [4.81952, 13.14916, 11.68538],
			"rotation": {"angle": -22.5, "axis": "z", "origin": [4.87611, 12.48816, 11.95767]},
			"faces": {
				"north": {"uv": [4.5, 10.333, 4.5, 10.333], "texture": "#1"},
				"east": {"uv": [4.5, 10.333, 4.5, 10.333], "texture": "#1"},
				"south": {"uv": [4.5, 10.333, 4.5, 10.333], "texture": "#1"},
				"west": {"uv": [4.5, 10.333, 4.5, 10.333], "texture": "#1"},
				"up": {"uv": [4.5, 10.333, 4.5, 10.333], "texture": "#1"},
				"down": {"uv": [4.5, 10.333, 4.5, 10.333], "texture": "#1"}
			}
		},
		{
			"from": [-5.40133, 13.57791, 6.73431],
			"to": [-5.13796, 14.36957, 9.79287],
			"rotation": {"angle": 22.5, "axis": "z", "origin": [-5.32729, 13.88915, 10.96348]},
			"faces": {
				"north": {"uv": [4.5, 10.333, 4.5, 10.333], "texture": "#1"},
				"east": {"uv": [4.5, 10.333, 4.5, 10.333], "texture": "#1"},
				"south": {"uv": [4.5, 10.333, 4.5, 10.333], "texture": "#1"},
				"west": {"uv": [4.5, 10.333, 4.5, 10.333], "texture": "#1"},
				"up": {"uv": [4.5, 10.333, 4.5, 10.333], "texture": "#1"},
				"down": {"uv": [4.5, 10.333, 4.5, 10.333], "texture": "#1"}
			}
		},
		{
			"from": [-7.56006, 13.57791, 5.59145],
			"to": [-7.29669, 14.36957, 10.16489],
			"rotation": {"angle": 22.5, "axis": "z", "origin": [-5.32729, 13.88915, 10.96348]},
			"faces": {
				"north": {"uv": [4.5, 10.333, 4.5, 10.333], "texture": "#1"},
				"east": {"uv": [4.5, 10.333, 4.5, 10.333], "texture": "#1"},
				"south": {"uv": [4.5, 10.333, 4.5, 10.333], "texture": "#1"},
				"west": {"uv": [4.5, 10.333, 4.5, 10.333], "texture": "#1"},
				"up": {"uv": [4.5, 10.333, 4.5, 10.333], "texture": "#1"},
				"down": {"uv": [4.5, 10.333, 4.5, 10.333], "texture": "#1"}
			}
		},
		{
			"from": [-8.19498, 13.57791, 5.2105],
			"to": [-7.93161, 14.36957, 12.83156],
			"rotation": {"angle": 22.5, "axis": "z", "origin": [-5.32729, 13.88915, 10.96348]},
			"faces": {
				"north": {"uv": [4.5, 10.333, 4.5, 10.333], "texture": "#1"},
				"east": {"uv": [4.5, 10.333, 4.5, 10.333], "texture": "#1"},
				"south": {"uv": [4.5, 10.333, 4.5, 10.333], "texture": "#1"},
				"west": {"uv": [4.5, 10.333, 4.5, 10.333], "texture": "#1"},
				"up": {"uv": [4.5, 10.333, 4.5, 10.333], "texture": "#1"},
				"down": {"uv": [4.5, 10.333, 4.5, 10.333], "texture": "#1"}
			}
		},
		{
			"from": [-10.09975, 13.57791, 4.70256],
			"to": [-9.83637, 14.36957, 7.76112],
			"rotation": {"angle": 22.5, "axis": "z", "origin": [-5.32729, 13.88915, 10.96348]},
			"faces": {
				"north": {"uv": [4.5, 10.333, 4.5, 10.333], "texture": "#1"},
				"east": {"uv": [4.5, 10.333, 4.5, 10.333], "texture": "#1"},
				"south": {"uv": [4.5, 10.333, 4.5, 10.333], "texture": "#1"},
				"west": {"uv": [4.5, 10.333, 4.5, 10.333], "texture": "#1"},
				"up": {"uv": [4.5, 10.333, 4.5, 10.333], "texture": "#1"},
				"down": {"uv": [4.5, 10.333, 4.5, 10.333], "texture": "#1"}
			}
		},
		{
			"from": [13.82599, 12.3575, 5.73],
			"to": [14.08936, 13.14916, 11.48826],
			"rotation": {"angle": -22.5, "axis": "z", "origin": [4.87611, 12.48816, 11.95767]},
			"faces": {
				"north": {"uv": [4.5, 10.333, 4.5, 10.333], "texture": "#1"},
				"east": {"uv": [4.5, 10.333, 4.5, 10.333], "texture": "#1"},
				"south": {"uv": [4.5, 10.333, 4.5, 10.333], "texture": "#1"},
				"west": {"uv": [4.5, 10.333, 4.5, 10.333], "texture": "#1"},
				"up": {"uv": [4.5, 10.333, 4.5, 10.333], "texture": "#1"},
				"down": {"uv": [4.5, 10.333, 4.5, 10.333], "texture": "#1"}
			}
		},
		{
			"from": [13.62603, 12.18831, 8.61391],
			"to": [13.88941, 12.97997, 13.17247],
			"rotation": {"angle": -22.5, "axis": "z", "origin": [4.87611, 12.48816, 11.95767]},
			"faces": {
				"north": {"uv": [3.667, 9.5, 3.667, 9.5], "texture": "#1"},
				"east": {"uv": [3.667, 9.5, 3.667, 9.5], "texture": "#1"},
				"south": {"uv": [3.667, 9.5, 3.667, 9.5], "texture": "#1"},
				"west": {"uv": [3.667, 9.5, 3.667, 9.5], "texture": "#1"},
				"up": {"uv": [3.667, 9.5, 3.667, 9.5], "texture": "#1"},
				"down": {"uv": [3.667, 9.5, 3.667, 9.5], "texture": "#1"}
			}
		},
		{
			"from": [11.72127, 12.18831, 12.55042],
			"to": [11.98465, 12.97997, 17.10897],
			"rotation": {"angle": -22.5, "axis": "z", "origin": [4.87611, 12.48816, 11.95767]},
			"faces": {
				"north": {"uv": [3.667, 9.5, 3.667, 9.5], "texture": "#1"},
				"east": {"uv": [3.667, 9.5, 3.667, 9.5], "texture": "#1"},
				"south": {"uv": [3.667, 9.5, 3.667, 9.5], "texture": "#1"},
				"west": {"uv": [3.667, 9.5, 3.667, 9.5], "texture": "#1"},
				"up": {"uv": [3.667, 9.5, 3.667, 9.5], "texture": "#1"},
				"down": {"uv": [3.667, 9.5, 3.667, 9.5], "texture": "#1"}
			}
		},
		{
			"from": [1.18159, 12.18831, 9.37582],
			"to": [1.44496, 12.97997, 13.93437],
			"rotation": {"angle": -22.5, "axis": "z", "origin": [4.87611, 12.48816, 11.95767]},
			"faces": {
				"north": {"uv": [3.667, 9.5, 3.667, 9.5], "texture": "#1"},
				"east": {"uv": [3.667, 9.5, 3.667, 9.5], "texture": "#1"},
				"south": {"uv": [3.667, 9.5, 3.667, 9.5], "texture": "#1"},
				"west": {"uv": [3.667, 9.5, 3.667, 9.5], "texture": "#1"},
				"up": {"uv": [3.667, 9.5, 3.667, 9.5], "texture": "#1"},
				"down": {"uv": [3.667, 9.5, 3.667, 9.5], "texture": "#1"}
			}
		},
		{
			"from": [-3.38974, 12.18831, 13.80281],
			"to": [-1.88611, 12.97997, 18.34834],
			"rotation": {"angle": -22.5, "axis": "z", "origin": [4.87611, 12.48816, 11.95767]},
			"faces": {
				"north": {"uv": [3.667, 9.5, 3.667, 9.5], "texture": "#1"},
				"east": {"uv": [3.667, 9.5, 3.667, 9.5], "texture": "#1"},
				"south": {"uv": [3.667, 9.5, 3.667, 9.5], "texture": "#1"},
				"west": {"uv": [3.667, 9.5, 3.667, 9.5], "texture": "#1"},
				"up": {"uv": [3.667, 9.5, 3.667, 9.5], "texture": "#1"},
				"down": {"uv": [3.667, 9.5, 3.667, 9.5], "texture": "#1"}
			}
		},
		{
			"from": [-6.03625, 13.57791, 9.40098],
			"to": [-5.77288, 14.36957, 12.45953],
			"rotation": {"angle": 22.5, "axis": "z", "origin": [-5.32729, 13.88915, 10.96348]},
			"faces": {
				"north": {"uv": [4.5, 10.333, 4.5, 10.333], "texture": "#1"},
				"east": {"uv": [4.5, 10.333, 4.5, 10.333], "texture": "#1"},
				"south": {"uv": [4.5, 10.333, 4.5, 10.333], "texture": "#1"},
				"west": {"uv": [4.5, 10.333, 4.5, 10.333], "texture": "#1"},
				"up": {"uv": [4.5, 10.333, 4.5, 10.333], "texture": "#1"},
				"down": {"uv": [4.5, 10.333, 4.5, 10.333], "texture": "#1"}
			}
		},
		{
			"from": [7.91175, 12.18831, 7.9174],
			"to": [8.17512, 12.97997, 12.47595],
			"rotation": {"angle": -22.5, "axis": "z", "origin": [4.87611, 12.48816, 6.68973]},
			"faces": {
				"north": {"uv": [3.667, 9.5, 3.667, 9.5], "texture": "#1"},
				"east": {"uv": [3.667, 9.5, 3.667, 9.5], "texture": "#1"},
				"south": {"uv": [3.667, 9.5, 3.667, 9.5], "texture": "#1"},
				"west": {"uv": [3.667, 9.5, 3.667, 9.5], "texture": "#1"},
				"up": {"uv": [3.667, 9.5, 3.667, 9.5], "texture": "#1"},
				"down": {"uv": [3.667, 9.5, 3.667, 9.5], "texture": "#1"}
			}
		},
		{
			"from": [-2.50095, 12.18831, -3.63816],
			"to": [15.3712, 12.97997, 9.08344],
			"rotation": {"angle": -22.5, "axis": "z", "origin": [4.87611, 12.48816, 6.68973]},
			"faces": {
				"north": {"uv": [3.667, 9.5, 3.667, 9.5], "texture": "#1"},
				"east": {"uv": [3.667, 9.5, 3.667, 9.5], "texture": "#1"},
				"south": {"uv": [3.667, 9.5, 3.667, 9.5], "texture": "#1"},
				"west": {"uv": [3.667, 9.5, 3.667, 9.5], "texture": "#1"},
				"up": {"uv": [3.667, 9.5, 3.667, 9.5], "texture": "#1"},
				"down": {"uv": [3.667, 9.5, 3.667, 9.5], "texture": "#1"}
			}
		},
		{
			"from": [-1.85289, 14.74951, -3.91933],
			"to": [-1.03916, 15.24332, -1.90996],
			"rotation": {"angle": 0, "axis": "y", "origin": [-1.44602, 14.99524, -4.02551]},
			"faces": {
				"north": {"uv": [5.5, 9.5, 5.5, 9.5], "rotation": 180, "texture": "#1"},
				"east": {"uv": [5.5, 9.5, 5.5, 9.5], "rotation": 180, "texture": "#1"},
				"south": {"uv": [5.5, 9.5, 5.5, 9.5], "rotation": 180, "texture": "#1"},
				"west": {"uv": [5.5, 9.5, 5.5, 9.5], "rotation": 180, "texture": "#1"},
				"up": {"uv": [5.5, 9.5, 5.5, 9.5], "texture": "#1"},
				"down": {"uv": [5.5, 9.5, 5.5, 9.5], "texture": "#1"}
			}
		},
		{
			"from": [-1.69528, 14.59661, -3.91933],
			"to": [-1.19677, 15.39152, -1.90996],
			"rotation": {"angle": 0, "axis": "y", "origin": [-1.44602, 14.99524, -4.02551]},
			"faces": {
				"north": {"uv": [5.5, 9.5, 5.5, 9.5], "rotation": 180, "texture": "#1"},
				"east": {"uv": [5.5, 9.5, 5.5, 9.5], "rotation": 180, "texture": "#1"},
				"south": {"uv": [5.5, 9.5, 5.5, 9.5], "rotation": 180, "texture": "#1"},
				"west": {"uv": [5.5, 9.5, 5.5, 9.5], "rotation": 180, "texture": "#1"},
				"up": {"uv": [5.5, 9.5, 5.5, 9.5], "texture": "#1"},
				"down": {"uv": [5.5, 9.5, 5.5, 9.5], "texture": "#1"}
			}
		},
		{
			"from": [-1.66467, 14.64556, -4.18354],
			"to": [-1.22738, 15.34286, -2.17408],
			"rotation": {"angle": 0, "axis": "y", "origin": [-1.44602, 14.99524, -4.02551]},
			"faces": {
				"north": {"uv": [4.5, 10.75, 4.5, 10.75], "rotation": 180, "texture": "#1"},
				"east": {"uv": [4.5, 10.75, 4.5, 10.75], "rotation": 180, "texture": "#1"},
				"south": {"uv": [4.5, 10.75, 4.5, 10.75], "rotation": 180, "texture": "#1"},
				"west": {"uv": [4.5, 10.75, 4.5, 10.75], "rotation": 180, "texture": "#1"},
				"up": {"uv": [4.5, 10.75, 4.5, 10.75], "texture": "#1"},
				"down": {"uv": [4.5, 10.75, 4.5, 10.75], "texture": "#1"}
			}
		},
		{
			"from": [-1.80293, 14.77969, -4.18354],
			"to": [-1.08912, 15.21286, -2.17408],
			"rotation": {"angle": 0, "axis": "y", "origin": [-1.44602, 14.99524, -4.02551]},
			"faces": {
				"north": {"uv": [4.5, 10.75, 4.5, 10.75], "rotation": 180, "texture": "#1"},
				"east": {"uv": [4.5, 10.75, 4.5, 10.75], "rotation": 180, "texture": "#1"},
				"south": {"uv": [4.5, 10.75, 4.5, 10.75], "rotation": 180, "texture": "#1"},
				"west": {"uv": [4.5, 10.75, 4.5, 10.75], "rotation": 180, "texture": "#1"},
				"up": {"uv": [4.5, 10.75, 4.5, 10.75], "texture": "#1"},
				"down": {"uv": [4.5, 10.75, 4.5, 10.75], "texture": "#1"}
			}
		},
		{
			"from": [-1.63843, 14.68752, -4.55492],
			"to": [-1.25361, 15.30114, -3.64315],
			"rotation": {"angle": 0, "axis": "y", "origin": [-1.44602, 14.99524, -4.02551]},
			"faces": {
				"north": {"uv": [4.5, 10.75, 4.5, 10.75], "rotation": 180, "texture": "#1"},
				"east": {"uv": [4.5, 10.75, 4.5, 10.75], "rotation": 180, "texture": "#1"},
				"south": {"uv": [4.5, 10.75, 4.5, 10.75], "rotation": 180, "texture": "#1"},
				"west": {"uv": [4.5, 10.75, 4.5, 10.75], "rotation": 180, "texture": "#1"},
				"up": {"uv": [4.5, 10.75, 4.5, 10.75], "texture": "#1"},
				"down": {"uv": [4.5, 10.75, 4.5, 10.75], "texture": "#1"}
			}
		},
		{
			"from": [-1.7601, 14.80555, -4.55492],
			"to": [-1.13195, 15.18674, -3.64315],
			"rotation": {"angle": 0, "axis": "y", "origin": [-1.44602, 14.99524, -4.02551]},
			"faces": {
				"north": {"uv": [4.5, 10.75, 4.5, 10.75], "rotation": 180, "texture": "#1"},
				"east": {"uv": [4.5, 10.75, 4.5, 10.75], "rotation": 180, "texture": "#1"},
				"south": {"uv": [4.5, 10.75, 4.5, 10.75], "rotation": 180, "texture": "#1"},
				"west": {"uv": [4.5, 10.75, 4.5, 10.75], "rotation": 180, "texture": "#1"},
				"up": {"uv": [4.5, 10.75, 4.5, 10.75], "texture": "#1"},
				"down": {"uv": [4.5, 10.75, 4.5, 10.75], "texture": "#1"}
			}
		},
		{
			"from": [-1.68472, 14.85108, -4.85411],
			"to": [-1.20733, 15.14078, -3.94234],
			"rotation": {"angle": 0, "axis": "y", "origin": [-1.44602, 14.99524, -4.02551]},
			"faces": {
				"north": {"uv": [4.5, 10.75, 4.5, 10.75], "rotation": 180, "texture": "#1"},
				"east": {"uv": [4.5, 10.75, 4.5, 10.75], "rotation": 180, "texture": "#1"},
				"south": {"uv": [4.5, 10.75, 4.5, 10.75], "rotation": 180, "texture": "#1"},
				"west": {"uv": [4.5, 10.75, 4.5, 10.75], "rotation": 180, "texture": "#1"},
				"up": {"uv": [4.5, 10.75, 4.5, 10.75], "texture": "#1"},
				"down": {"uv": [4.5, 10.75, 4.5, 10.75], "texture": "#1"}
			}
		},
		{
			"from": [-1.59226, 14.76138, -4.85411],
			"to": [-1.29979, 15.22773, -3.94234],
			"rotation": {"angle": 0, "axis": "y", "origin": [-1.44602, 14.99524, -4.02551]},
			"faces": {
				"north": {"uv": [4.5, 10.75, 4.5, 10.75], "rotation": 180, "texture": "#1"},
				"east": {"uv": [4.5, 10.75, 4.5, 10.75], "rotation": 180, "texture": "#1"},
				"south": {"uv": [4.5, 10.75, 4.5, 10.75], "rotation": 180, "texture": "#1"},
				"west": {"uv": [4.5, 10.75, 4.5, 10.75], "rotation": 180, "texture": "#1"},
				"up": {"uv": [4.5, 10.75, 4.5, 10.75], "texture": "#1"},
				"down": {"uv": [4.5, 10.75, 4.5, 10.75], "texture": "#1"}
			}
		},
		{
			"from": [-1.56301, 14.80815, -5.10545],
			"to": [-1.32904, 15.18123, -4.19367],
			"rotation": {"angle": 0, "axis": "y", "origin": [-1.44602, 14.99524, -4.02551]},
			"faces": {
				"north": {"uv": [4.5, 10.75, 4.5, 10.75], "rotation": 180, "texture": "#1"},
				"east": {"uv": [4.5, 10.75, 4.5, 10.75], "rotation": 180, "texture": "#1"},
				"south": {"uv": [4.5, 10.75, 4.5, 10.75], "rotation": 180, "texture": "#1"},
				"west": {"uv": [4.5, 10.75, 4.5, 10.75], "rotation": 180, "texture": "#1"},
				"up": {"uv": [4.5, 10.75, 4.5, 10.75], "texture": "#1"},
				"down": {"uv": [4.5, 10.75, 4.5, 10.75], "texture": "#1"}
			}
		},
		{
			"from": [-1.63698, 14.87991, -5.10545],
			"to": [-1.25507, 15.11167, -4.19367],
			"rotation": {"angle": 0, "axis": "y", "origin": [-1.44602, 14.99524, -4.02551]},
			"faces": {
				"north": {"uv": [4.5, 10.75, 4.5, 10.75], "rotation": 180, "texture": "#1"},
				"east": {"uv": [4.5, 10.75, 4.5, 10.75], "rotation": 180, "texture": "#1"},
				"south": {"uv": [4.5, 10.75, 4.5, 10.75], "rotation": 180, "texture": "#1"},
				"west": {"uv": [4.5, 10.75, 4.5, 10.75], "rotation": 180, "texture": "#1"},
				"up": {"uv": [4.5, 10.75, 4.5, 10.75], "texture": "#1"},
				"down": {"uv": [4.5, 10.75, 4.5, 10.75], "texture": "#1"}
			}
		},
		{
			"from": [-1.52791, 14.86428, -5.36867],
			"to": [-1.36413, 15.12543, -4.45689],
			"rotation": {"angle": 0, "axis": "y", "origin": [-1.44602, 14.99524, -4.02551]},
			"faces": {
				"north": {"uv": [4.5, 10.75, 4.5, 10.75], "rotation": 180, "texture": "#1"},
				"east": {"uv": [4.5, 10.75, 4.5, 10.75], "rotation": 180, "texture": "#1"},
				"south": {"uv": [4.5, 10.75, 4.5, 10.75], "rotation": 180, "texture": "#1"},
				"west": {"uv": [4.5, 10.75, 4.5, 10.75], "rotation": 180, "texture": "#1"},
				"up": {"uv": [4.5, 10.75, 4.5, 10.75], "texture": "#1"},
				"down": {"uv": [4.5, 10.75, 4.5, 10.75], "texture": "#1"}
			}
		},
		{
			"from": [-1.57969, 14.91451, -5.36867],
			"to": [-1.31235, 15.07674, -4.45689],
			"rotation": {"angle": 0, "axis": "y", "origin": [-1.44602, 14.99524, -4.02551]},
			"faces": {
				"north": {"uv": [4.5, 10.75, 4.5, 10.75], "rotation": 180, "texture": "#1"},
				"east": {"uv": [4.5, 10.75, 4.5, 10.75], "rotation": 180, "texture": "#1"},
				"south": {"uv": [4.5, 10.75, 4.5, 10.75], "rotation": 180, "texture": "#1"},
				"west": {"uv": [4.5, 10.75, 4.5, 10.75], "rotation": 180, "texture": "#1"},
				"up": {"uv": [4.5, 10.75, 4.5, 10.75], "texture": "#1"},
				"down": {"uv": [4.5, 10.75, 4.5, 10.75], "texture": "#1"}
			}
		}
	],
	"display": {
		"head": {
			"translation": [-45.25, 12.75, 20],
			"scale": [4, 4, 4]
		}
	},
	"groups": [
		{
			"name": "group",
			"origin": [8.59247, 11.7664, 0.84019],
			"children": []
		},
		{
			"name": "group",
			"origin": [8.59247, 11.7664, 0.84019],
			"children": []
		},
		{
			"name": "group",
			"origin": [3.82295, 0.78029, 12.13906],
			"children": []
		},
		{
			"name": "group",
			"origin": [3.02918, 5.35984, -0.18895],
			"children": []
		},
		{
			"name": "group",
			"origin": [3.96009, 5.92767, 5.42432],
			"children": []
		},
		{
			"name": "group",
			"origin": [3.96009, 5.92767, 5.42432],
			"children": []
		},
		{
			"name": "wing",
			"origin": [12.88707, 13.1942, 4.39626],
			"children": []
		},
		{
			"name": "group",
			"origin": [3.02918, 5.35984, -0.18895],
			"children": []
		},
		{
			"name": "group",
			"origin": [3.02918, 5.35984, -0.18895],
			"children": []
		},
		{
			"name": "group",
			"origin": [3.02918, 5.35984, -0.18895],
			"children": [
				{
					"name": "wing",
					"origin": [-2.82637, 14.38799, -0.81081],
					"children": [0, 1, 2, 3, 4, 5, 6, 7, 8, 9, 10, 11, 12, 13, 14, 15, 16, 17, 18, 19, 20, 21, 22, 23, 24, 25, 26, 27, 28, 29, 30, 31, 32, 33, 34, 35, 36, 37, 38, 39, 40, 41, 42, 43, 44, 45, 46, 47, 48, 49, 50, 51, 52, 53, 54, 55, 56, 57, 58, 59, 60, 61, 62, 63,
						{
							"name": "group",
							"origin": [-5.32729, 13.88915, 5.69554],
							"children": [64, 65, 66, 67, 68, 69, 70, 71, 72, 73, 74, 75, 76, 77, 78, 79, 80, 81, 82, 83, 84, 85, 86, 87, 88, 89, 90, 91, 92, 93, 94, 95, 96, 97, 98, 99, 100, 101, 102, 103, 104, 105, 106, 107, 108, 109, 110, 111, 112, 113, 114, 115, 116, 117, 118, 119, 120, 121, 122, 123, 124, 125, 126, 127, 128, 129, 130, 131, 132]
						}, 133, 134, 135, 136, 137, 138, 139, 140, 141, 142, 143, 144, 145, 146]
				},
				{
					"name": "wing",
					"origin": [-2.82637, 14.38799, -0.81081],
					"children": []
				}
			]
		},
		{
			"name": "sixtupo",
			"origin": [6.54168, 7.90805, 16.94719],
			"children": []
		}
	]
}