{
	"credit": "Made with Blockbench",
	"textures": {
		"3": "block/dandelion",
		"particle": "block/dandelion"
	},
	"elements": [
		{
			"from": [30.51631, -0.07703, 3.20743],
			"to": [31.59045, 0.94618, 12.56653],
			"rotation": {"angle": -22.5, "axis": "y", "origin": [7.93993, -5.32874, 7.88698]},
			"faces": {
				"north": {"uv": [7.5, 7.5, 7.5, 7.5], "rotation": 180, "texture": "#3"},
				"east": {"uv": [7.5, 7.5, 7.5, 7.5], "texture": "#3"},
				"south": {"uv": [7.5, 7.5, 7.5, 7.5], "rotation": 180, "texture": "#3"},
				"west": {"uv": [7.5, 7.5, 7.5, 7.5], "rotation": 180, "texture": "#3"},
				"up": {"uv": [7.5, 7.5, 7.5, 7.5], "rotation": 270, "texture": "#3"},
				"down": {"uv": [7.5, 7.5, 7.5, 7.5], "rotation": 90, "texture": "#3"}
			}
		},
		{
			"from": [-15.71059, -0.07703, 3.20743],
			"to": [-14.63644, 0.94618, 12.56653],
			"rotation": {"angle": -22.5, "axis": "y", "origin": [7.93993, -5.32874, 7.88698]},
			"faces": {
				"north": {"uv": [7.5, 7.5, 7.5, 7.5], "rotation": 180, "texture": "#3"},
				"east": {"uv": [7.5, 7.5, 7.5, 7.5], "texture": "#3"},
				"south": {"uv": [7.5, 7.5, 7.5, 7.5], "rotation": 180, "texture": "#3"},
				"west": {"uv": [7.5, 7.5, 7.5, 7.5], "rotation": 180, "texture": "#3"},
				"up": {"uv": [7.5, 7.5, 7.5, 7.5], "rotation": 270, "texture": "#3"},
				"down": {"uv": [7.5, 7.5, 7.5, 7.5], "rotation": 90, "texture": "#3"}
			}
		},
		{
			"from": [-15.71059, -0.07703, 3.20743],
			"to": [-14.63644, 0.94618, 12.56653],
			"rotation": {"angle": -45, "axis": "y", "origin": [7.93993, -5.32874, 7.88698]},
			"faces": {
				"north": {"uv": [7.5, 7.5, 7.5, 7.5], "rotation": 180, "texture": "#3"},
				"east": {"uv": [7.5, 7.5, 7.5, 7.5], "texture": "#3"},
				"south": {"uv": [7.5, 7.5, 7.5, 7.5], "rotation": 180, "texture": "#3"},
				"west": {"uv": [7.5, 7.5, 7.5, 7.5], "rotation": 180, "texture": "#3"},
				"up": {"uv": [7.5, 7.5, 7.5, 7.5], "rotation": 270, "texture": "#3"},
				"down": {"uv": [7.5, 7.5, 7.5, 7.5], "rotation": 90, "texture": "#3"}
			}
		},
		{
			"from": [30.51631, -0.07703, 3.20743],
			"to": [31.59045, 0.94618, 12.56653],
			"rotation": {"angle": -45, "axis": "y", "origin": [7.93993, -5.32874, 7.88698]},
			"faces": {
				"north": {"uv": [7.5, 7.5, 7.5, 7.5], "rotation": 180, "texture": "#3"},
				"east": {"uv": [7.5, 7.5, 7.5, 7.5], "texture": "#3"},
				"south": {"uv": [7.5, 7.5, 7.5, 7.5], "rotation": 180, "texture": "#3"},
				"west": {"uv": [7.5, 7.5, 7.5, 7.5], "rotation": 180, "texture": "#3"},
				"up": {"uv": [7.5, 7.5, 7.5, 7.5], "rotation": 270, "texture": "#3"},
				"down": {"uv": [7.5, 7.5, 7.5, 7.5], "rotation": 90, "texture": "#3"}
			}
		},
		{
			"from": [3.26038, -0.07703, 30.46335],
			"to": [12.61948, 0.94618, 31.5375],
			"rotation": {"angle": 22.5, "axis": "y", "origin": [7.93993, -5.32874, 7.88698]},
			"faces": {
				"north": {"uv": [7.5, 7.5, 7.5, 7.5], "rotation": 270, "texture": "#3"},
				"east": {"uv": [7.5, 7.5, 7.5, 7.5], "rotation": 90, "texture": "#3"},
				"south": {"uv": [7.5, 7.5, 7.5, 7.5], "rotation": 270, "texture": "#3"},
				"west": {"uv": [7.5, 7.5, 7.5, 7.5], "rotation": 270, "texture": "#3"},
				"up": {"uv": [7.5, 7.5, 7.5, 7.5], "texture": "#3"},
				"down": {"uv": [7.5, 7.5, 7.5, 7.5], "rotation": 180, "texture": "#3"}
			}
		},
		{
			"from": [3.26038, -0.07703, -15.76354],
			"to": [12.61948, 0.94618, -14.6894],
			"rotation": {"angle": 22.5, "axis": "y", "origin": [7.93993, -5.32874, 7.88698]},
			"faces": {
				"north": {"uv": [7.5, 7.5, 7.5, 7.5], "rotation": 270, "texture": "#3"},
				"east": {"uv": [7.5, 7.5, 7.5, 7.5], "rotation": 90, "texture": "#3"},
				"south": {"uv": [7.5, 7.5, 7.5, 7.5], "rotation": 270, "texture": "#3"},
				"west": {"uv": [7.5, 7.5, 7.5, 7.5], "rotation": 270, "texture": "#3"},
				"up": {"uv": [7.5, 7.5, 7.5, 7.5], "texture": "#3"},
				"down": {"uv": [7.5, 7.5, 7.5, 7.5], "rotation": 180, "texture": "#3"}
			}
		},
		{
			"from": [3.26038, -0.07703, -15.76354],
			"to": [12.61948, 0.94618, -14.6894],
			"rotation": {"angle": 0, "axis": "y", "origin": [7.93993, -5.32874, 7.88698]},
			"faces": {
				"north": {"uv": [7.5, 7.5, 7.5, 7.5], "rotation": 270, "texture": "#3"},
				"east": {"uv": [7.5, 7.5, 7.5, 7.5], "rotation": 90, "texture": "#3"},
				"south": {"uv": [7.5, 7.5, 7.5, 7.5], "rotation": 270, "texture": "#3"},
				"west": {"uv": [7.5, 7.5, 7.5, 7.5], "rotation": 270, "texture": "#3"},
				"up": {"uv": [7.5, 7.5, 7.5, 7.5], "texture": "#3"},
				"down": {"uv": [7.5, 7.5, 7.5, 7.5], "rotation": 180, "texture": "#3"}
			}
		},
		{
			"from": [3.26038, -0.07703, 30.46335],
			"to": [12.61948, 0.94618, 31.5375],
			"rotation": {"angle": 0, "axis": "y", "origin": [7.93993, -5.32874, 7.88698]},
			"faces": {
				"north": {"uv": [7.5, 7.5, 7.5, 7.5], "rotation": 270, "texture": "#3"},
				"east": {"uv": [7.5, 7.5, 7.5, 7.5], "rotation": 90, "texture": "#3"},
				"south": {"uv": [7.5, 7.5, 7.5, 7.5], "rotation": 270, "texture": "#3"},
				"west": {"uv": [7.5, 7.5, 7.5, 7.5], "rotation": 270, "texture": "#3"},
				"up": {"uv": [7.5, 7.5, 7.5, 7.5], "texture": "#3"},
				"down": {"uv": [7.5, 7.5, 7.5, 7.5], "rotation": 180, "texture": "#3"}
			}
		},
		{
			"from": [7.40286, -0.07703, -11.72001],
			"to": [8.477, 0.94618, 30.93991],
			"rotation": {"angle": 22.5, "axis": "y", "origin": [7.93993, -5.34379, 31.00042]},
			"faces": {
				"north": {"uv": [7.5, 7.5, 7.5, 7.5], "texture": "#3"},
				"east": {"uv": [7.5, 7.5, 7.5, 7.5], "rotation": 180, "texture": "#3"},
				"south": {"uv": [7.5, 7.5, 7.5, 7.5], "texture": "#3"},
				"west": {"uv": [7.5, 7.5, 7.5, 7.5], "texture": "#3"},
				"up": {"uv": [7.5, 7.5, 7.5, 7.5], "rotation": 90, "texture": "#3"},
				"down": {"uv": [7.5, 7.5, 7.5, 7.5], "rotation": 270, "texture": "#3"}
			}
		},
		{
			"from": [-13.32294, -0.07703, -1.44934],
			"to": [29.33698, 0.94618, -0.3752],
			"rotation": {"angle": 22.5, "axis": "y", "origin": [7.93993, -5.34379, 7.92016]},
			"faces": {
				"north": {"uv": [7.5, 7.5, 7.5, 7.5], "rotation": 270, "texture": "#3"},
				"east": {"uv": [7.5, 7.5, 7.5, 7.5], "rotation": 90, "texture": "#3"},
				"south": {"uv": [7.5, 7.5, 7.5, 7.5], "rotation": 270, "texture": "#3"},
				"west": {"uv": [7.5, 7.5, 7.5, 7.5], "rotation": 270, "texture": "#3"},
				"up": {"uv": [7.5, 7.5, 7.5, 7.5], "texture": "#3"},
				"down": {"uv": [7.5, 7.5, 7.5, 7.5], "rotation": 180, "texture": "#3"}
			}
		},
		{
			"from": [14.96553, -0.07703, -13.59528],
			"to": [16.03968, 0.94618, 29.06464],
			"rotation": {"angle": 22.5, "axis": "y", "origin": [7.93993, -5.34379, 4.60212]},
			"faces": {
				"north": {"uv": [7.5, 7.5, 7.5, 7.5], "rotation": 180, "texture": "#3"},
				"east": {"uv": [7.5, 7.5, 7.5, 7.5], "texture": "#3"},
				"south": {"uv": [7.5, 7.5, 7.5, 7.5], "rotation": 180, "texture": "#3"},
				"west": {"uv": [7.5, 7.5, 7.5, 7.5], "rotation": 180, "texture": "#3"},
				"up": {"uv": [7.5, 7.5, 7.5, 7.5], "rotation": 270, "texture": "#3"},
				"down": {"uv": [7.5, 7.5, 7.5, 7.5], "rotation": 90, "texture": "#3"}
			}
		},
		{
			"from": [-13.45712, -0.07703, 16.21552],
			"to": [29.2028, 0.94618, 17.28967],
			"rotation": {"angle": 22.5, "axis": "y", "origin": [7.93993, -5.34379, 7.92016]},
			"faces": {
				"north": {"uv": [7.5, 7.5, 7.5, 7.5], "rotation": 90, "texture": "#3"},
				"east": {"uv": [7.5, 7.5, 7.5, 7.5], "rotation": 270, "texture": "#3"},
				"south": {"uv": [7.5, 7.5, 7.5, 7.5], "rotation": 90, "texture": "#3"},
				"west": {"uv": [7.5, 7.5, 7.5, 7.5], "rotation": 90, "texture": "#3"},
				"up": {"uv": [7.5, 7.5, 7.5, 7.5], "rotation": 180, "texture": "#3"},
				"down": {"uv": [7.5, 7.5, 7.5, 7.5], "texture": "#3"}
			}
		},
		{
			"from": [7.40286, -0.07703, -11.72001],
			"to": [8.477, 0.94618, 30.93991],
			"rotation": {"angle": -22.5, "axis": "y", "origin": [7.93993, -5.34379, 31.00042]},
			"faces": {
				"north": {"uv": [7.5, 7.5, 7.5, 7.5], "texture": "#3"},
				"east": {"uv": [7.5, 7.5, 7.5, 7.5], "rotation": 180, "texture": "#3"},
				"south": {"uv": [7.5, 7.5, 7.5, 7.5], "texture": "#3"},
				"west": {"uv": [7.5, 7.5, 7.5, 7.5], "texture": "#3"},
				"up": {"uv": [7.5, 7.5, 7.5, 7.5], "rotation": 90, "texture": "#3"},
				"down": {"uv": [7.5, 7.5, 7.5, 7.5], "rotation": 270, "texture": "#3"}
			}
		},
		{
			"from": [-13.32294, -0.07703, 16.21552],
			"to": [29.33698, 0.94618, 17.28967],
			"rotation": {"angle": -22.5, "axis": "y", "origin": [7.93993, -5.34379, 7.92016]},
			"faces": {
				"north": {"uv": [7.5, 7.5, 7.5, 7.5], "rotation": 270, "texture": "#3"},
				"east": {"uv": [7.5, 7.5, 7.5, 7.5], "rotation": 90, "texture": "#3"},
				"south": {"uv": [7.5, 7.5, 7.5, 7.5], "rotation": 270, "texture": "#3"},
				"west": {"uv": [7.5, 7.5, 7.5, 7.5], "rotation": 270, "texture": "#3"},
				"up": {"uv": [7.5, 7.5, 7.5, 7.5], "texture": "#3"},
				"down": {"uv": [7.5, 7.5, 7.5, 7.5], "rotation": 180, "texture": "#3"}
			}
		},
		{
			"from": [-0.15981, -0.07703, -13.59528],
			"to": [0.91433, 0.94618, 29.06464],
			"rotation": {"angle": -22.5, "axis": "y", "origin": [7.93993, -5.34379, 4.60212]},
			"faces": {
				"north": {"uv": [7.5, 7.5, 7.5, 7.5], "rotation": 180, "texture": "#3"},
				"east": {"uv": [7.5, 7.5, 7.5, 7.5], "texture": "#3"},
				"south": {"uv": [7.5, 7.5, 7.5, 7.5], "rotation": 180, "texture": "#3"},
				"west": {"uv": [7.5, 7.5, 7.5, 7.5], "rotation": 180, "texture": "#3"},
				"up": {"uv": [7.5, 7.5, 7.5, 7.5], "rotation": 270, "texture": "#3"},
				"down": {"uv": [7.5, 7.5, 7.5, 7.5], "rotation": 90, "texture": "#3"}
			}
		},
		{
			"from": [-13.45712, -0.07703, -1.44934],
			"to": [29.2028, 0.94618, -0.3752],
			"rotation": {"angle": -22.5, "axis": "y", "origin": [7.93993, -5.34379, 7.92016]},
			"faces": {
				"north": {"uv": [7.5, 7.5, 7.5, 7.5], "rotation": 90, "texture": "#3"},
				"east": {"uv": [7.5, 7.5, 7.5, 7.5], "rotation": 270, "texture": "#3"},
				"south": {"uv": [7.5, 7.5, 7.5, 7.5], "rotation": 90, "texture": "#3"},
				"west": {"uv": [7.5, 7.5, 7.5, 7.5], "rotation": 90, "texture": "#3"},
				"up": {"uv": [7.5, 7.5, 7.5, 7.5], "rotation": 180, "texture": "#3"},
				"down": {"uv": [7.5, 7.5, 7.5, 7.5], "texture": "#3"}
			}
		},
		{
			"from": [30.51631, -0.07703, 3.20743],
			"to": [31.59045, 0.94618, 12.56653],
			"rotation": {"angle": 0, "axis": "y", "origin": [7.93993, -5.32874, 7.88698]},
			"faces": {
				"north": {"uv": [7.5, 7.5, 7.5, 7.5], "texture": "#3"},
				"east": {"uv": [7.5, 7.5, 7.5, 7.5], "rotation": 180, "texture": "#3"},
				"south": {"uv": [7.5, 7.5, 7.5, 7.5], "texture": "#3"},
				"west": {"uv": [7.5, 7.5, 7.5, 7.5], "texture": "#3"},
				"up": {"uv": [7.5, 7.5, 7.5, 7.5], "rotation": 90, "texture": "#3"},
				"down": {"uv": [7.5, 7.5, 7.5, 7.5], "rotation": 270, "texture": "#3"}
			}
		},
		{
			"from": [-15.71059, -0.07703, 3.20743],
			"to": [-14.63644, 0.94618, 12.56653],
			"rotation": {"angle": 0, "axis": "y", "origin": [7.93993, -5.32874, 7.88698]},
			"faces": {
				"north": {"uv": [7.5, 7.5, 7.5, 7.5], "texture": "#3"},
				"east": {"uv": [7.5, 7.5, 7.5, 7.5], "rotation": 180, "texture": "#3"},
				"south": {"uv": [7.5, 7.5, 7.5, 7.5], "texture": "#3"},
				"west": {"uv": [7.5, 7.5, 7.5, 7.5], "texture": "#3"},
				"up": {"uv": [7.5, 7.5, 7.5, 7.5], "rotation": 90, "texture": "#3"},
				"down": {"uv": [7.5, 7.5, 7.5, 7.5], "rotation": 270, "texture": "#3"}
			}
		},
		{
			"from": [30.51631, -0.07703, 3.20743],
			"to": [31.59045, 0.94618, 12.56653],
			"rotation": {"angle": 22.5, "axis": "y", "origin": [7.93993, -5.32874, 7.88698]},
			"faces": {
				"north": {"uv": [7.5, 7.5, 7.5, 7.5], "texture": "#3"},
				"east": {"uv": [7.5, 7.5, 7.5, 7.5], "rotation": 180, "texture": "#3"},
				"south": {"uv": [7.5, 7.5, 7.5, 7.5], "texture": "#3"},
				"west": {"uv": [7.5, 7.5, 7.5, 7.5], "texture": "#3"},
				"up": {"uv": [7.5, 7.5, 7.5, 7.5], "rotation": 90, "texture": "#3"},
				"down": {"uv": [7.5, 7.5, 7.5, 7.5], "rotation": 270, "texture": "#3"}
			}
		},
		{
			"from": [-15.71059, -0.07703, 3.20743],
			"to": [-14.63644, 0.94618, 12.56653],
			"rotation": {"angle": 22.5, "axis": "y", "origin": [7.93993, -5.32874, 7.88698]},
			"faces": {
				"north": {"uv": [7.5, 7.5, 7.5, 7.5], "texture": "#3"},
				"east": {"uv": [7.5, 7.5, 7.5, 7.5], "rotation": 180, "texture": "#3"},
				"south": {"uv": [7.5, 7.5, 7.5, 7.5], "texture": "#3"},
				"west": {"uv": [7.5, 7.5, 7.5, 7.5], "texture": "#3"},
				"up": {"uv": [7.5, 7.5, 7.5, 7.5], "rotation": 90, "texture": "#3"},
				"down": {"uv": [7.5, 7.5, 7.5, 7.5], "rotation": 270, "texture": "#3"}
			}
		},
		{
			"from": [3.26038, -0.07703, 30.46335],
			"to": [12.61948, 0.94618, 31.5375],
			"rotation": {"angle": -22.5, "axis": "y", "origin": [7.93993, -5.32874, 7.88698]},
			"faces": {
				"north": {"uv": [7.5, 7.5, 7.5, 7.5], "rotation": 270, "texture": "#3"},
				"east": {"uv": [7.5, 7.5, 7.5, 7.5], "rotation": 90, "texture": "#3"},
				"south": {"uv": [7.5, 7.5, 7.5, 7.5], "rotation": 270, "texture": "#3"},
				"west": {"uv": [7.5, 7.5, 7.5, 7.5], "rotation": 270, "texture": "#3"},
				"up": {"uv": [7.5, 7.5, 7.5, 7.5], "texture": "#3"},
				"down": {"uv": [7.5, 7.5, 7.5, 7.5], "rotation": 180, "texture": "#3"}
			}
		},
		{
			"from": [3.26038, -0.07703, -15.76354],
			"to": [12.61948, 0.94618, -14.6894],
			"rotation": {"angle": -22.5, "axis": "y", "origin": [7.93993, -5.32874, 7.88698]},
			"faces": {
				"north": {"uv": [7.5, 7.5, 7.5, 7.5], "rotation": 270, "texture": "#3"},
				"east": {"uv": [7.5, 7.5, 7.5, 7.5], "rotation": 90, "texture": "#3"},
				"south": {"uv": [7.5, 7.5, 7.5, 7.5], "rotation": 270, "texture": "#3"},
				"west": {"uv": [7.5, 7.5, 7.5, 7.5], "rotation": 270, "texture": "#3"},
				"up": {"uv": [7.5, 7.5, 7.5, 7.5], "texture": "#3"},
				"down": {"uv": [7.5, 7.5, 7.5, 7.5], "rotation": 180, "texture": "#3"}
			}
		},
		{
			"from": [-15.71059, -0.07703, 3.20743],
			"to": [-14.63644, 0.94618, 12.56653],
			"rotation": {"angle": 45, "axis": "y", "origin": [7.93993, -5.32874, 7.88698]},
			"faces": {
				"north": {"uv": [7.5, 7.5, 7.5, 7.5], "texture": "#3"},
				"east": {"uv": [7.5, 7.5, 7.5, 7.5], "rotation": 180, "texture": "#3"},
				"south": {"uv": [7.5, 7.5, 7.5, 7.5], "texture": "#3"},
				"west": {"uv": [7.5, 7.5, 7.5, 7.5], "texture": "#3"},
				"up": {"uv": [7.5, 7.5, 7.5, 7.5], "rotation": 90, "texture": "#3"},
				"down": {"uv": [7.5, 7.5, 7.5, 7.5], "rotation": 270, "texture": "#3"}
			}
		},
		{
			"from": [30.51631, -0.07703, 3.20743],
			"to": [31.59045, 0.94618, 12.56653],
			"rotation": {"angle": 45, "axis": "y", "origin": [7.93993, -5.32874, 7.88698]},
			"faces": {
				"north": {"uv": [7.5, 7.5, 7.5, 7.5], "texture": "#3"},
				"east": {"uv": [7.5, 7.5, 7.5, 7.5], "rotation": 180, "texture": "#3"},
				"south": {"uv": [7.5, 7.5, 7.5, 7.5], "texture": "#3"},
				"west": {"uv": [7.5, 7.5, 7.5, 7.5], "texture": "#3"},
				"up": {"uv": [7.5, 7.5, 7.5, 7.5], "rotation": 90, "texture": "#3"},
				"down": {"uv": [7.5, 7.5, 7.5, 7.5], "rotation": 270, "texture": "#3"}
			}
		},
		{
			"from": [29.16172, 0.15997, 3.37222],
			"to": [30.63802, 0.70917, 12.28642],
			"rotation": {"angle": -22.5, "axis": "y", "origin": [7.93993, -5.32874, 7.88764]},
			"faces": {
				"north": {"uv": [7.5, 8.5, 7.5, 8.5], "rotation": 180, "texture": "#3"},
				"east": {"uv": [7.5, 8.5, 7.5, 8.5], "texture": "#3"},
				"south": {"uv": [7.5, 8.5, 7.5, 8.5], "rotation": 180, "texture": "#3"},
				"west": {"uv": [7.5, 8.5, 7.5, 8.5], "rotation": 180, "texture": "#3"},
				"up": {"uv": [7.5, 8.5, 7.5, 8.5], "rotation": 270, "texture": "#3"},
				"down": {"uv": [7.5, 8.5, 7.5, 8.5], "rotation": 90, "texture": "#3"}
			}
		},
		{
			"from": [-14.99146, 0.15997, 3.48887],
			"to": [-13.28186, 0.70917, 12.86967],
			"rotation": {"angle": -22.5, "axis": "y", "origin": [7.93993, -5.32874, 7.88764]},
			"faces": {
				"north": {"uv": [7.5, 8.5, 7.5, 8.5], "rotation": 180, "texture": "#3"},
				"east": {"uv": [7.5, 8.5, 7.5, 8.5], "texture": "#3"},
				"south": {"uv": [7.5, 8.5, 7.5, 8.5], "rotation": 180, "texture": "#3"},
				"west": {"uv": [7.5, 8.5, 7.5, 8.5], "rotation": 180, "texture": "#3"},
				"up": {"uv": [7.5, 8.5, 7.5, 8.5], "rotation": 270, "texture": "#3"},
				"down": {"uv": [7.5, 8.5, 7.5, 8.5], "rotation": 90, "texture": "#3"}
			}
		},
		{
			"from": [-14.75816, 0.15997, 2.90562],
			"to": [-13.28186, 0.70917, 12.98632],
			"rotation": {"angle": -45, "axis": "y", "origin": [7.93993, -5.32874, 7.88764]},
			"faces": {
				"north": {"uv": [7.5, 8.5, 7.5, 8.5], "rotation": 180, "texture": "#3"},
				"east": {"uv": [7.5, 8.5, 7.5, 8.5], "texture": "#3"},
				"south": {"uv": [7.5, 8.5, 7.5, 8.5], "rotation": 180, "texture": "#3"},
				"west": {"uv": [7.5, 8.5, 7.5, 8.5], "rotation": 180, "texture": "#3"},
				"up": {"uv": [7.5, 8.5, 7.5, 8.5], "rotation": 270, "texture": "#3"},
				"down": {"uv": [7.5, 8.5, 7.5, 8.5], "rotation": 90, "texture": "#3"}
			}
		},
		{
			"from": [29.16172, 0.15997, 2.78897],
			"to": [30.63802, 0.70917, 12.86967],
			"rotation": {"angle": -45, "axis": "y", "origin": [7.93993, -5.32874, 7.88764]},
			"faces": {
				"north": {"uv": [7.5, 8.5, 7.5, 8.5], "rotation": 180, "texture": "#3"},
				"east": {"uv": [7.5, 8.5, 7.5, 8.5], "texture": "#3"},
				"south": {"uv": [7.5, 8.5, 7.5, 8.5], "rotation": 180, "texture": "#3"},
				"west": {"uv": [7.5, 8.5, 7.5, 8.5], "rotation": 180, "texture": "#3"},
				"up": {"uv": [7.5, 8.5, 7.5, 8.5], "rotation": 270, "texture": "#3"},
				"down": {"uv": [7.5, 8.5, 7.5, 8.5], "rotation": 90, "texture": "#3"}
			}
		},
		{
			"from": [3.30786, 0.15997, 29.10943],
			"to": [12.33871, 0.70917, 30.46908],
			"rotation": {"angle": 22.5, "axis": "y", "origin": [7.93993, -5.32874, 7.88764]},
			"faces": {
				"north": {"uv": [7.5, 8.5, 7.5, 8.5], "rotation": 270, "texture": "#3"},
				"east": {"uv": [7.5, 8.5, 7.5, 8.5], "rotation": 90, "texture": "#3"},
				"south": {"uv": [7.5, 8.5, 7.5, 8.5], "rotation": 270, "texture": "#3"},
				"west": {"uv": [7.5, 8.5, 7.5, 8.5], "rotation": 270, "texture": "#3"},
				"up": {"uv": [7.5, 8.5, 7.5, 8.5], "texture": "#3"},
				"down": {"uv": [7.5, 8.5, 7.5, 8.5], "rotation": 180, "texture": "#3"}
			}
		},
		{
			"from": [3.54116, 0.15997, -14.81045],
			"to": [12.57201, 0.70917, -13.33415],
			"rotation": {"angle": 22.5, "axis": "y", "origin": [7.93993, -5.32874, 7.88764]},
			"faces": {
				"north": {"uv": [7.5, 8.5, 7.5, 8.5], "rotation": 270, "texture": "#3"},
				"east": {"uv": [7.5, 8.5, 7.5, 8.5], "rotation": 90, "texture": "#3"},
				"south": {"uv": [7.5, 8.5, 7.5, 8.5], "rotation": 270, "texture": "#3"},
				"west": {"uv": [7.5, 8.5, 7.5, 8.5], "rotation": 270, "texture": "#3"},
				"up": {"uv": [7.5, 8.5, 7.5, 8.5], "texture": "#3"},
				"down": {"uv": [7.5, 8.5, 7.5, 8.5], "rotation": 180, "texture": "#3"}
			}
		},
		{
			"from": [3.54116, 0.15997, -14.81045],
			"to": [12.33871, 0.70917, -13.33415],
			"rotation": {"angle": 0, "axis": "y", "origin": [7.93993, -5.32874, 7.88764]},
			"faces": {
				"north": {"uv": [7.5, 8.5, 7.5, 8.5], "rotation": 270, "texture": "#3"},
				"east": {"uv": [7.5, 8.5, 7.5, 8.5], "rotation": 90, "texture": "#3"},
				"south": {"uv": [7.5, 8.5, 7.5, 8.5], "rotation": 270, "texture": "#3"},
				"west": {"uv": [7.5, 8.5, 7.5, 8.5], "rotation": 270, "texture": "#3"},
				"up": {"uv": [7.5, 8.5, 7.5, 8.5], "texture": "#3"},
				"down": {"uv": [7.5, 8.5, 7.5, 8.5], "rotation": 180, "texture": "#3"}
			}
		},
		{
			"from": [3.54116, 0.15997, 29.10943],
			"to": [12.33871, 0.70917, 30.46908],
			"rotation": {"angle": 0, "axis": "y", "origin": [7.93993, -5.32874, 7.88764]},
			"faces": {
				"north": {"uv": [7.5, 8.5, 7.5, 8.5], "rotation": 270, "texture": "#3"},
				"east": {"uv": [7.5, 8.5, 7.5, 8.5], "rotation": 90, "texture": "#3"},
				"south": {"uv": [7.5, 8.5, 7.5, 8.5], "rotation": 270, "texture": "#3"},
				"west": {"uv": [7.5, 8.5, 7.5, 8.5], "rotation": 270, "texture": "#3"},
				"up": {"uv": [7.5, 8.5, 7.5, 8.5], "texture": "#3"},
				"down": {"uv": [7.5, 8.5, 7.5, 8.5], "rotation": 180, "texture": "#3"}
			}
		},
		{
			"from": [7.43508, 0.15997, -10.54292],
			"to": [8.44478, 0.70917, 29.5574],
			"rotation": {"angle": 22.5, "axis": "y", "origin": [7.93993, -5.34379, 29.61428]},
			"faces": {
				"north": {"uv": [7.5, 8.5, 7.5, 8.5], "texture": "#3"},
				"east": {"uv": [7.5, 8.5, 7.5, 8.5], "rotation": 180, "texture": "#3"},
				"south": {"uv": [7.5, 8.5, 7.5, 8.5], "texture": "#3"},
				"west": {"uv": [7.5, 8.5, 7.5, 8.5], "texture": "#3"},
				"up": {"uv": [7.5, 8.5, 7.5, 8.5], "rotation": 90, "texture": "#3"},
				"down": {"uv": [7.5, 8.5, 7.5, 8.5], "rotation": 270, "texture": "#3"}
			}
		},
		{
			"from": [-12.04717, 0.15997, -0.8885],
			"to": [28.05316, 0.70917, 0.12119],
			"rotation": {"angle": 22.5, "axis": "y", "origin": [7.93993, -5.34379, 7.91883]},
			"faces": {
				"north": {"uv": [7.5, 8.5, 7.5, 8.5], "rotation": 270, "texture": "#3"},
				"east": {"uv": [7.5, 8.5, 7.5, 8.5], "rotation": 90, "texture": "#3"},
				"south": {"uv": [7.5, 8.5, 7.5, 8.5], "rotation": 270, "texture": "#3"},
				"west": {"uv": [7.5, 8.5, 7.5, 8.5], "rotation": 270, "texture": "#3"},
				"up": {"uv": [7.5, 8.5, 7.5, 8.5], "texture": "#3"},
				"down": {"uv": [7.5, 8.5, 7.5, 8.5], "rotation": 180, "texture": "#3"}
			}
		},
		{
			"from": [14.544, 0.15997, -12.30568],
			"to": [15.55369, 0.70917, 27.79464],
			"rotation": {"angle": 22.5, "axis": "y", "origin": [7.93993, -5.34379, 4.79987]},
			"faces": {
				"north": {"uv": [7.5, 8.5, 7.5, 8.5], "rotation": 180, "texture": "#3"},
				"east": {"uv": [7.5, 8.5, 7.5, 8.5], "texture": "#3"},
				"south": {"uv": [7.5, 8.5, 7.5, 8.5], "rotation": 180, "texture": "#3"},
				"west": {"uv": [7.5, 8.5, 7.5, 8.5], "rotation": 180, "texture": "#3"},
				"up": {"uv": [7.5, 8.5, 7.5, 8.5], "rotation": 270, "texture": "#3"},
				"down": {"uv": [7.5, 8.5, 7.5, 8.5], "rotation": 90, "texture": "#3"}
			}
		},
		{
			"from": [-12.17329, 0.15997, 15.71648],
			"to": [27.92703, 0.70917, 16.72617],
			"rotation": {"angle": 22.5, "axis": "y", "origin": [7.93993, -5.34379, 7.91883]},
			"faces": {
				"north": {"uv": [7.5, 8.5, 7.5, 8.5], "rotation": 90, "texture": "#3"},
				"east": {"uv": [7.5, 8.5, 7.5, 8.5], "rotation": 270, "texture": "#3"},
				"south": {"uv": [7.5, 8.5, 7.5, 8.5], "rotation": 90, "texture": "#3"},
				"west": {"uv": [7.5, 8.5, 7.5, 8.5], "rotation": 90, "texture": "#3"},
				"up": {"uv": [7.5, 8.5, 7.5, 8.5], "rotation": 180, "texture": "#3"},
				"down": {"uv": [7.5, 8.5, 7.5, 8.5], "texture": "#3"}
			}
		},
		{
			"from": [7.43508, 0.15997, -10.54292],
			"to": [8.44478, 0.70917, 29.5574],
			"rotation": {"angle": -22.5, "axis": "y", "origin": [7.93993, -5.34379, 29.61428]},
			"faces": {
				"north": {"uv": [7.5, 8.5, 7.5, 8.5], "texture": "#3"},
				"east": {"uv": [7.5, 8.5, 7.5, 8.5], "rotation": 180, "texture": "#3"},
				"south": {"uv": [7.5, 8.5, 7.5, 8.5], "texture": "#3"},
				"west": {"uv": [7.5, 8.5, 7.5, 8.5], "texture": "#3"},
				"up": {"uv": [7.5, 8.5, 7.5, 8.5], "rotation": 90, "texture": "#3"},
				"down": {"uv": [7.5, 8.5, 7.5, 8.5], "rotation": 270, "texture": "#3"}
			}
		},
		{
			"from": [-12.04717, 0.15997, 15.71648],
			"to": [28.05316, 0.70917, 16.72617],
			"rotation": {"angle": -22.5, "axis": "y", "origin": [7.93993, -5.34379, 7.91883]},
			"faces": {
				"north": {"uv": [7.5, 8.5, 7.5, 8.5], "rotation": 270, "texture": "#3"},
				"east": {"uv": [7.5, 8.5, 7.5, 8.5], "rotation": 90, "texture": "#3"},
				"south": {"uv": [7.5, 8.5, 7.5, 8.5], "rotation": 270, "texture": "#3"},
				"west": {"uv": [7.5, 8.5, 7.5, 8.5], "rotation": 270, "texture": "#3"},
				"up": {"uv": [7.5, 8.5, 7.5, 8.5], "texture": "#3"},
				"down": {"uv": [7.5, 8.5, 7.5, 8.5], "rotation": 180, "texture": "#3"}
			}
		},
		{
			"from": [0.32617, 0.15997, -12.30568],
			"to": [1.33586, 0.70917, 27.79464],
			"rotation": {"angle": -22.5, "axis": "y", "origin": [7.93993, -5.34379, 4.79987]},
			"faces": {
				"north": {"uv": [7.5, 8.5, 7.5, 8.5], "rotation": 180, "texture": "#3"},
				"east": {"uv": [7.5, 8.5, 7.5, 8.5], "texture": "#3"},
				"south": {"uv": [7.5, 8.5, 7.5, 8.5], "rotation": 180, "texture": "#3"},
				"west": {"uv": [7.5, 8.5, 7.5, 8.5], "rotation": 180, "texture": "#3"},
				"up": {"uv": [7.5, 8.5, 7.5, 8.5], "rotation": 270, "texture": "#3"},
				"down": {"uv": [7.5, 8.5, 7.5, 8.5], "rotation": 90, "texture": "#3"}
			}
		},
		{
			"from": [-12.17329, 0.15997, -0.8885],
			"to": [27.92703, 0.70917, 0.12119],
			"rotation": {"angle": -22.5, "axis": "y", "origin": [7.93993, -5.34379, 7.91883]},
			"faces": {
				"north": {"uv": [7.5, 8.5, 7.5, 8.5], "rotation": 90, "texture": "#3"},
				"east": {"uv": [7.5, 8.5, 7.5, 8.5], "rotation": 270, "texture": "#3"},
				"south": {"uv": [7.5, 8.5, 7.5, 8.5], "rotation": 90, "texture": "#3"},
				"west": {"uv": [7.5, 8.5, 7.5, 8.5], "rotation": 90, "texture": "#3"},
				"up": {"uv": [7.5, 8.5, 7.5, 8.5], "rotation": 180, "texture": "#3"},
				"down": {"uv": [7.5, 8.5, 7.5, 8.5], "texture": "#3"}
			}
		},
		{
			"from": [29.16172, 0.15997, 3.48887],
			"to": [30.63802, 0.70917, 12.28642],
			"rotation": {"angle": 0, "axis": "y", "origin": [7.93993, -5.32874, 7.88764]},
			"faces": {
				"north": {"uv": [7.5, 8.5, 7.5, 8.5], "texture": "#3"},
				"east": {"uv": [7.5, 8.5, 7.5, 8.5], "rotation": 180, "texture": "#3"},
				"south": {"uv": [7.5, 8.5, 7.5, 8.5], "texture": "#3"},
				"west": {"uv": [7.5, 8.5, 7.5, 8.5], "texture": "#3"},
				"up": {"uv": [7.5, 8.5, 7.5, 8.5], "rotation": 90, "texture": "#3"},
				"down": {"uv": [7.5, 8.5, 7.5, 8.5], "rotation": 270, "texture": "#3"}
			}
		},
		{
			"from": [-14.99146, 0.15997, 3.48887],
			"to": [-13.28186, 0.70917, 12.28642],
			"rotation": {"angle": 0, "axis": "y", "origin": [7.93993, -5.32874, 7.88764]},
			"faces": {
				"north": {"uv": [7.5, 8.5, 7.5, 8.5], "texture": "#3"},
				"east": {"uv": [7.5, 8.5, 7.5, 8.5], "rotation": 180, "texture": "#3"},
				"south": {"uv": [7.5, 8.5, 7.5, 8.5], "texture": "#3"},
				"west": {"uv": [7.5, 8.5, 7.5, 8.5], "texture": "#3"},
				"up": {"uv": [7.5, 8.5, 7.5, 8.5], "rotation": 90, "texture": "#3"},
				"down": {"uv": [7.5, 8.5, 7.5, 8.5], "rotation": 270, "texture": "#3"}
			}
		},
		{
			"from": [29.16172, 0.15997, 3.48887],
			"to": [30.63802, 0.70917, 12.63637],
			"rotation": {"angle": 22.5, "axis": "y", "origin": [7.93993, -5.32874, 7.88764]},
			"faces": {
				"north": {"uv": [7.5, 8.5, 7.5, 8.5], "texture": "#3"},
				"east": {"uv": [7.5, 8.5, 7.5, 8.5], "rotation": 180, "texture": "#3"},
				"south": {"uv": [7.5, 8.5, 7.5, 8.5], "texture": "#3"},
				"west": {"uv": [7.5, 8.5, 7.5, 8.5], "texture": "#3"},
				"up": {"uv": [7.5, 8.5, 7.5, 8.5], "rotation": 90, "texture": "#3"},
				"down": {"uv": [7.5, 8.5, 7.5, 8.5], "rotation": 270, "texture": "#3"}
			}
		},
		{
			"from": [-14.99146, 0.15997, 3.02227],
			"to": [-13.28186, 0.70917, 12.28642],
			"rotation": {"angle": 22.5, "axis": "y", "origin": [7.93993, -5.32874, 7.88764]},
			"faces": {
				"north": {"uv": [7.5, 8.5, 7.5, 8.5], "texture": "#3"},
				"east": {"uv": [7.5, 8.5, 7.5, 8.5], "rotation": 180, "texture": "#3"},
				"south": {"uv": [7.5, 8.5, 7.5, 8.5], "texture": "#3"},
				"west": {"uv": [7.5, 8.5, 7.5, 8.5], "texture": "#3"},
				"up": {"uv": [7.5, 8.5, 7.5, 8.5], "rotation": 90, "texture": "#3"},
				"down": {"uv": [7.5, 8.5, 7.5, 8.5], "rotation": 270, "texture": "#3"}
			}
		},
		{
			"from": [3.54116, 0.15997, 29.10943],
			"to": [12.68866, 0.70917, 30.46908],
			"rotation": {"angle": -22.5, "axis": "y", "origin": [7.93993, -5.32874, 7.88764]},
			"faces": {
				"north": {"uv": [7.5, 8.5, 7.5, 8.5], "rotation": 270, "texture": "#3"},
				"east": {"uv": [7.5, 8.5, 7.5, 8.5], "rotation": 90, "texture": "#3"},
				"south": {"uv": [7.5, 8.5, 7.5, 8.5], "rotation": 270, "texture": "#3"},
				"west": {"uv": [7.5, 8.5, 7.5, 8.5], "rotation": 270, "texture": "#3"},
				"up": {"uv": [7.5, 8.5, 7.5, 8.5], "texture": "#3"},
				"down": {"uv": [7.5, 8.5, 7.5, 8.5], "rotation": 180, "texture": "#3"}
			}
		},
		{
			"from": [3.07456, 0.15997, -14.81045],
			"to": [12.33871, 0.70917, -13.33415],
			"rotation": {"angle": -22.5, "axis": "y", "origin": [7.93993, -5.32874, 7.88764]},
			"faces": {
				"north": {"uv": [7.5, 8.5, 7.5, 8.5], "rotation": 270, "texture": "#3"},
				"east": {"uv": [7.5, 8.5, 7.5, 8.5], "rotation": 90, "texture": "#3"},
				"south": {"uv": [7.5, 8.5, 7.5, 8.5], "rotation": 270, "texture": "#3"},
				"west": {"uv": [7.5, 8.5, 7.5, 8.5], "rotation": 270, "texture": "#3"},
				"up": {"uv": [7.5, 8.5, 7.5, 8.5], "texture": "#3"},
				"down": {"uv": [7.5, 8.5, 7.5, 8.5], "rotation": 180, "texture": "#3"}
			}
		},
		{
			"from": [-14.75816, 0.15997, 3.13892],
			"to": [-13.28186, 0.70917, 12.51972],
			"rotation": {"angle": 45, "axis": "y", "origin": [7.93993, -5.32874, 7.88764]},
			"faces": {
				"north": {"uv": [7.5, 8.5, 7.5, 8.5], "texture": "#3"},
				"east": {"uv": [7.5, 8.5, 7.5, 8.5], "rotation": 180, "texture": "#3"},
				"south": {"uv": [7.5, 8.5, 7.5, 8.5], "texture": "#3"},
				"west": {"uv": [7.5, 8.5, 7.5, 8.5], "texture": "#3"},
				"up": {"uv": [7.5, 8.5, 7.5, 8.5], "rotation": 90, "texture": "#3"},
				"down": {"uv": [7.5, 8.5, 7.5, 8.5], "rotation": 270, "texture": "#3"}
			}
		},
		{
			"from": [29.16172, 0.15997, 2.78897],
			"to": [30.75467, 0.70917, 12.75302],
			"rotation": {"angle": 45, "axis": "y", "origin": [7.93993, -5.32874, 7.88764]},
			"faces": {
				"north": {"uv": [7.5, 8.5, 7.5, 8.5], "texture": "#3"},
				"east": {"uv": [7.5, 8.5, 7.5, 8.5], "rotation": 180, "texture": "#3"},
				"south": {"uv": [7.5, 8.5, 7.5, 8.5], "texture": "#3"},
				"west": {"uv": [7.5, 8.5, 7.5, 8.5], "texture": "#3"},
				"up": {"uv": [7.5, 8.5, 7.5, 8.5], "rotation": 90, "texture": "#3"},
				"down": {"uv": [7.5, 8.5, 7.5, 8.5], "rotation": 270, "texture": "#3"}
			}
		}
	],
	"display": {
		"thirdperson_righthand": {
			"translation": [-3.75, -6, -2.5]
		},
		"thirdperson_lefthand": {
			"translation": [2.5, -6, -2.5],
			"scale": [2, 2, 2]
		},
		"firstperson_righthand": {
			"rotation": [-7, 0, 0],
			"translation": [-4, 4, 3]
		},
		"firstperson_lefthand": {
			"rotation": [-7, 0, 0],
			"translation": [-2, 3, 3.5]
		},
		"ground": {
			"translation": [-8.25, 25.75, -7.75],
			"scale": [4, 4, 4]
		},
		"gui": {
			"rotation": [-90, -136, -90],
			"translation": [3, 0, -10]
		},
		"head": {
			"translation": [0, -13, 0],
			"scale": [4, 4, 4]
		},
		"fixed": {
			"rotation": [0, 0, -45],
			"translation": [-6, 2.75, -10],
			"scale": [4, 4, 4]
		}
	},
	"groups": [
		{
			"name": "group",
			"origin": [9.7221, 0.06349, 9.90476],
			"children": [0, 1, 2, 3, 4, 5, 6, 7, 8, 9, 10, 11, 12, 13, 14, 15, 16, 17, 18, 19, 20, 21, 22, 23]
		},
		{
			"name": "group",
			"origin": [9.7221, 0.06349, 9.90476],
			"children": [24, 25, 26, 27, 28, 29, 30, 31, 32, 33, 34, 35, 36, 37, 38, 39, 40, 41, 42, 43, 44, 45, 46, 47]
		}
	]
}