{
	"credit": "Made with Blockbench",
	"textures": {
		"0": "block/magma",
		"particle": "block/magma"
	},
	"elements": [
		{
			"from": [-4, 0, -4],
			"to": [20, 24.00004, 20],
			"rotation": {"angle": 0, "axis": "y", "origin": [8, 0, 8]},
			"faces": {
				"north": {"uv": [0, 0, 16, 16], "texture": "#0"},
				"east": {"uv": [0, 0, 16, 16], "texture": "#0"},
				"south": {"uv": [0, 0, 16, 16], "texture": "#0"},
				"west": {"uv": [0, 0, 16, 16], "texture": "#0"},
				"up": {"uv": [0, 0, 16, 16], "texture": "#0"},
				"down": {"uv": [0, 0, 16, 16], "texture": "#0"}
			}
		}
	],
	"display": {
		"thirdperson_righthand": {
			"rotation": [10, 40, 0],
			"translation": [1, 1, 1],
			"scale": [0.36, 0.36, 0.36]
		},
		"thirdperson_lefthand": {
			"rotation": [10, 40, 0],
			"translation": [1, 1, 1],
			"scale": [-0.36, 0.36, 0.36]
		},
		"firstperson_righthand": {
			"rotation": [10, 40, 0],
			"translation": [1, 4.5, 1],
			"scale": [0.36, 0.36, 0.36]
		},
		"firstperson_lefthand": {
			"rotation": [10, 40, 0],
			"translation": [1, 4.5, 1],
			"scale": [0.36, 0.36, 0.36]
		},
		"ground": {
			"rotation": [0, 28, 21],
			"scale": [0.46, 0.46, 0.46]
		},
		"gui": {
			"rotation": [-3, 31, 50],
			"translation": [0, -0.75, 0],
			"scale": [0.55, 0.47, 0.55]
		},
		"head": {
			"rotation": [45, 45, 0],
			"translation": [0.5, 0, -23.5],
			"scale": [4, 4, 4]
		},
		"fixed": {
			"rotation": [0, -7, 38],
			"translation": [0, -0.75, 0],
			"scale": [0.46, 0.46, 0.46]
		}
	},
	"groups": [
		{
			"name": "group",
			"origin": [8, 4, 8],
			"children": [0]
		}
	]
}