{
	"credit": "Made with Blockbench",
	"textures": {
		"0": "block/red_concrete_powder",
		"1": "block/red_concrete",
		"particle": "block/red_concrete_powder"
	},
	"elements": [
		{
			"from": [-9.446, -15.11615, 4.5108],
			"to": [25.446, -14.99415, 11.4892],
			"rotation": {"angle": 0, "axis": "y", "origin": [8, -14.38415, 8]},
			"faces": {
				"north": {"uv": [5, 2, 6, 3], "texture": "#0"},
				"east": {"uv": [5, 2, 6, 3], "texture": "#0"},
				"south": {"uv": [5, 2, 6, 3], "texture": "#0"},
				"west": {"uv": [5, 2, 6, 3], "texture": "#0"},
				"up": {"uv": [5, 2, 6, 3], "texture": "#0"},
				"down": {"uv": [5, 2, 6, 3], "texture": "#0"}
			}
		},
		{
			"from": [-9.446, -15.11615, 4.5108],
			"to": [25.446, -14.99415, 11.4892],
			"rotation": {"angle": 22.5, "axis": "y", "origin": [8, -14.38415, 8]},
			"faces": {
				"north": {"uv": [5, 2, 6, 3], "texture": "#0"},
				"east": {"uv": [5, 2, 6, 3], "texture": "#0"},
				"south": {"uv": [5, 2, 6, 3], "texture": "#0"},
				"west": {"uv": [5, 2, 6, 3], "texture": "#0"},
				"up": {"uv": [5, 2, 6, 3], "texture": "#0"},
				"down": {"uv": [5, 2, 6, 3], "texture": "#0"}
			}
		},
		{
			"from": [-9.446, -15.11615, 4.5108],
			"to": [25.446, -14.99415, 11.4892],
			"rotation": {"angle": 45, "axis": "y", "origin": [8, -14.38415, 8]},
			"faces": {
				"north": {"uv": [5, 2, 6, 3], "texture": "#0"},
				"east": {"uv": [5, 2, 6, 3], "texture": "#0"},
				"south": {"uv": [5, 2, 6, 3], "texture": "#0"},
				"west": {"uv": [5, 2, 6, 3], "texture": "#0"},
				"up": {"uv": [5, 2, 6, 3], "texture": "#0"},
				"down": {"uv": [5, 2, 6, 3], "texture": "#0"}
			}
		},
		{
			"from": [4.5108, -15.11615, -9.446],
			"to": [11.4892, -14.99415, 25.446],
			"rotation": {"angle": -22.5, "axis": "y", "origin": [8, -14.38415, 8]},
			"faces": {
				"north": {"uv": [5, 2, 6, 3], "texture": "#0"},
				"east": {"uv": [5, 2, 6, 3], "texture": "#0"},
				"south": {"uv": [5, 2, 6, 3], "texture": "#0"},
				"west": {"uv": [5, 2, 6, 3], "texture": "#0"},
				"up": {"uv": [5, 2, 6, 3], "texture": "#0"},
				"down": {"uv": [5, 2, 6, 3], "texture": "#0"}
			}
		},
		{
			"from": [4.5108, -15.11615, -9.446],
			"to": [11.4892, -14.99415, 25.446],
			"rotation": {"angle": 0, "axis": "y", "origin": [8, -14.38415, 8]},
			"faces": {
				"north": {"uv": [5, 2, 6, 3], "texture": "#0"},
				"east": {"uv": [5, 2, 6, 3], "texture": "#0"},
				"south": {"uv": [5, 2, 6, 3], "texture": "#0"},
				"west": {"uv": [5, 2, 6, 3], "texture": "#0"},
				"up": {"uv": [5, 2, 6, 3], "texture": "#0"},
				"down": {"uv": [5, 2, 6, 3], "texture": "#0"}
			}
		},
		{
			"from": [4.5108, -15.11615, -9.446],
			"to": [11.4892, -14.99415, 25.446],
			"rotation": {"angle": 22.5, "axis": "y", "origin": [8, -14.38415, 8]},
			"faces": {
				"north": {"uv": [5, 2, 6, 3], "texture": "#0"},
				"east": {"uv": [5, 2, 6, 3], "texture": "#0"},
				"south": {"uv": [5, 2, 6, 3], "texture": "#0"},
				"west": {"uv": [5, 2, 6, 3], "texture": "#0"},
				"up": {"uv": [5, 2, 6, 3], "texture": "#0"},
				"down": {"uv": [5, 2, 6, 3], "texture": "#0"}
			}
		},
		{
			"from": [4.5108, -15.11615, -9.446],
			"to": [11.4892, -14.99415, 25.446],
			"rotation": {"angle": 45, "axis": "y", "origin": [8, -14.38415, 8]},
			"faces": {
				"north": {"uv": [5, 2, 6, 3], "texture": "#0"},
				"east": {"uv": [5, 2, 6, 3], "texture": "#0"},
				"south": {"uv": [5, 2, 6, 3], "texture": "#0"},
				"west": {"uv": [5, 2, 6, 3], "texture": "#0"},
				"up": {"uv": [5, 2, 6, 3], "texture": "#0"},
				"down": {"uv": [5, 2, 6, 3], "texture": "#0"}
			}
		},
		{
			"from": [-9.446, -15.11615, 4.5108],
			"to": [25.446, -14.99415, 11.4892],
			"rotation": {"angle": -22.5, "axis": "y", "origin": [8, -14.38415, 8]},
			"faces": {
				"north": {"uv": [5, 2, 6, 3], "texture": "#0"},
				"east": {"uv": [5, 2, 6, 3], "texture": "#0"},
				"south": {"uv": [5, 2, 6, 3], "texture": "#0"},
				"west": {"uv": [5, 2, 6, 3], "texture": "#0"},
				"up": {"uv": [5, 2, 6, 3], "texture": "#0"},
				"down": {"uv": [5, 2, 6, 3], "texture": "#0"}
			}
		},
		{
			"from": [-9.62046, -15.11493, 4.47591],
			"to": [-6.09637, -14.99293, 11.52409],
			"rotation": {"angle": 0, "axis": "y", "origin": [8, -14.38415, 8]},
			"faces": {
				"north": {"uv": [0, 0, 5, 0.1], "texture": "#1"},
				"east": {"uv": [0, 0, 1, 0.1], "texture": "#1"},
				"south": {"uv": [0, 0, 5, 0.1], "texture": "#1"},
				"west": {"uv": [0, 0, 1, 0.1], "texture": "#1"},
				"up": {"uv": [0, 0, 5, 1], "texture": "#1"},
				"down": {"uv": [0, 0, 5, 1], "texture": "#1"}
			}
		},
		{
			"from": [-9.62046, -15.11493, 4.47591],
			"to": [-6.09637, -14.99293, 11.52409],
			"rotation": {"angle": 22.5, "axis": "y", "origin": [8, -14.38415, 8]},
			"faces": {
				"north": {"uv": [0, 0, 5, 0.1], "texture": "#1"},
				"east": {"uv": [0, 0, 1, 0.1], "texture": "#1"},
				"south": {"uv": [0, 0, 5, 0.1], "texture": "#1"},
				"west": {"uv": [0, 0, 1, 0.1], "texture": "#1"},
				"up": {"uv": [0, 0, 5, 1], "texture": "#1"},
				"down": {"uv": [0, 0, 5, 1], "texture": "#1"}
			}
		},
		{
			"from": [-9.62046, -15.11493, 4.47591],
			"to": [-6.09637, -14.99293, 11.52409],
			"rotation": {"angle": 45, "axis": "y", "origin": [8, -14.38415, 8]},
			"faces": {
				"north": {"uv": [0, 0, 5, 0.1], "texture": "#1"},
				"east": {"uv": [0, 0, 1, 0.1], "texture": "#1"},
				"south": {"uv": [0, 0, 5, 0.1], "texture": "#1"},
				"west": {"uv": [0, 0, 1, 0.1], "texture": "#1"},
				"up": {"uv": [0, 0, 5, 1], "texture": "#1"},
				"down": {"uv": [0, 0, 5, 1], "texture": "#1"}
			}
		},
		{
			"from": [4.47591, -15.11493, 22.09637],
			"to": [11.52409, -14.99293, 25.62046],
			"rotation": {"angle": -22.5, "axis": "y", "origin": [8, -14.38415, 8]},
			"faces": {
				"north": {"uv": [0, 0, 1, 0.1], "texture": "#1"},
				"east": {"uv": [0, 0, 5, 0.1], "texture": "#1"},
				"south": {"uv": [0, 0, 1, 0.1], "texture": "#1"},
				"west": {"uv": [0, 0, 5, 0.1], "texture": "#1"},
				"up": {"uv": [0, 0, 5, 1], "rotation": 270, "texture": "#1"},
				"down": {"uv": [0, 0, 5, 1], "rotation": 90, "texture": "#1"}
			}
		},
		{
			"from": [4.47591, -15.11493, 22.09637],
			"to": [11.52409, -14.99293, 25.62046],
			"rotation": {"angle": 0, "axis": "y", "origin": [8, -14.38415, 8]},
			"faces": {
				"north": {"uv": [0, 0, 1, 0.1], "texture": "#1"},
				"east": {"uv": [0, 0, 5, 0.1], "texture": "#1"},
				"south": {"uv": [0, 0, 1, 0.1], "texture": "#1"},
				"west": {"uv": [0, 0, 5, 0.1], "texture": "#1"},
				"up": {"uv": [0, 0, 5, 1], "rotation": 270, "texture": "#1"},
				"down": {"uv": [0, 0, 5, 1], "rotation": 90, "texture": "#1"}
			}
		},
		{
			"from": [4.47591, -15.11493, 22.09637],
			"to": [11.52409, -14.99293, 25.62046],
			"rotation": {"angle": 22.5, "axis": "y", "origin": [8, -14.38415, 8]},
			"faces": {
				"north": {"uv": [0, 0, 1, 0.1], "texture": "#1"},
				"east": {"uv": [0, 0, 5, 0.1], "texture": "#1"},
				"south": {"uv": [0, 0, 1, 0.1], "texture": "#1"},
				"west": {"uv": [0, 0, 5, 0.1], "texture": "#1"},
				"up": {"uv": [0, 0, 5, 1], "rotation": 270, "texture": "#1"},
				"down": {"uv": [0, 0, 5, 1], "rotation": 90, "texture": "#1"}
			}
		},
		{
			"from": [4.47591, -15.11493, 22.09637],
			"to": [11.52409, -14.99293, 25.62046],
			"rotation": {"angle": 45, "axis": "y", "origin": [8, -14.38415, 8]},
			"faces": {
				"north": {"uv": [0, 0, 1, 0.1], "texture": "#1"},
				"east": {"uv": [0, 0, 5, 0.1], "texture": "#1"},
				"south": {"uv": [0, 0, 1, 0.1], "texture": "#1"},
				"west": {"uv": [0, 0, 5, 0.1], "texture": "#1"},
				"up": {"uv": [0, 0, 5, 1], "rotation": 270, "texture": "#1"},
				"down": {"uv": [0, 0, 5, 1], "rotation": 90, "texture": "#1"}
			}
		},
		{
			"from": [22.09637, -15.11493, 4.47591],
			"to": [25.62046, -14.99293, 11.52409],
			"rotation": {"angle": -22.5, "axis": "y", "origin": [8, -14.38415, 8]},
			"faces": {
				"north": {"uv": [0, 0, 5, 0.1], "texture": "#1"},
				"east": {"uv": [0, 0, 1, 0.1], "texture": "#1"},
				"south": {"uv": [0, 0, 5, 0.1], "texture": "#1"},
				"west": {"uv": [0, 0, 1, 0.1], "texture": "#1"},
				"up": {"uv": [0, 0, 5, 1], "rotation": 180, "texture": "#1"},
				"down": {"uv": [0, 0, 5, 1], "rotation": 180, "texture": "#1"}
			}
		},
		{
			"from": [22.09637, -15.11493, 4.47591],
			"to": [25.62046, -14.99293, 11.52409],
			"rotation": {"angle": 0, "axis": "y", "origin": [8, -14.38415, 8]},
			"faces": {
				"north": {"uv": [0, 0, 5, 0.1], "texture": "#1"},
				"east": {"uv": [0, 0, 1, 0.1], "texture": "#1"},
				"south": {"uv": [0, 0, 5, 0.1], "texture": "#1"},
				"west": {"uv": [0, 0, 1, 0.1], "texture": "#1"},
				"up": {"uv": [0, 0, 5, 1], "rotation": 180, "texture": "#1"},
				"down": {"uv": [0, 0, 5, 1], "rotation": 180, "texture": "#1"}
			}
		},
		{
			"from": [22.09637, -15.11493, 4.47591],
			"to": [25.62046, -14.99293, 11.52409],
			"rotation": {"angle": 22.5, "axis": "y", "origin": [8, -14.38415, 8]},
			"faces": {
				"north": {"uv": [0, 0, 5, 0.1], "texture": "#1"},
				"east": {"uv": [0, 0, 1, 0.1], "texture": "#1"},
				"south": {"uv": [0, 0, 5, 0.1], "texture": "#1"},
				"west": {"uv": [0, 0, 1, 0.1], "texture": "#1"},
				"up": {"uv": [0, 0, 5, 1], "rotation": 180, "texture": "#1"},
				"down": {"uv": [0, 0, 5, 1], "rotation": 180, "texture": "#1"}
			}
		},
		{
			"from": [22.09637, -15.11493, 4.47591],
			"to": [25.62046, -14.99293, 11.52409],
			"rotation": {"angle": 45, "axis": "y", "origin": [8, -14.38415, 8]},
			"faces": {
				"north": {"uv": [0, 0, 5, 0.1], "texture": "#1"},
				"east": {"uv": [0, 0, 1, 0.1], "texture": "#1"},
				"south": {"uv": [0, 0, 5, 0.1], "texture": "#1"},
				"west": {"uv": [0, 0, 1, 0.1], "texture": "#1"},
				"up": {"uv": [0, 0, 5, 1], "rotation": 180, "texture": "#1"},
				"down": {"uv": [0, 0, 5, 1], "rotation": 180, "texture": "#1"}
			}
		},
		{
			"from": [4.47591, -15.11493, -9.62046],
			"to": [11.52409, -14.99293, -6.09637],
			"rotation": {"angle": -22.5, "axis": "y", "origin": [8, -14.38415, 8]},
			"faces": {
				"north": {"uv": [0, 0, 1, 0.1], "texture": "#1"},
				"east": {"uv": [0, 0, 5, 0.1], "texture": "#1"},
				"south": {"uv": [0, 0, 1, 0.1], "texture": "#1"},
				"west": {"uv": [0, 0, 5, 0.1], "texture": "#1"},
				"up": {"uv": [0, 0, 5, 1], "rotation": 90, "texture": "#1"},
				"down": {"uv": [0, 0, 5, 1], "rotation": 270, "texture": "#1"}
			}
		},
		{
			"from": [4.47591, -15.11493, -9.62046],
			"to": [11.52409, -14.99293, -6.09637],
			"rotation": {"angle": 0, "axis": "y", "origin": [8, -14.38415, 8]},
			"faces": {
				"north": {"uv": [0, 0, 1, 0.1], "texture": "#1"},
				"east": {"uv": [0, 0, 5, 0.1], "texture": "#1"},
				"south": {"uv": [0, 0, 1, 0.1], "texture": "#1"},
				"west": {"uv": [0, 0, 5, 0.1], "texture": "#1"},
				"up": {"uv": [0, 0, 5, 1], "rotation": 90, "texture": "#1"},
				"down": {"uv": [0, 0, 5, 1], "rotation": 270, "texture": "#1"}
			}
		},
		{
			"from": [4.47591, -15.11493, -9.62046],
			"to": [11.52409, -14.99293, -6.09637],
			"rotation": {"angle": 22.5, "axis": "y", "origin": [8, -14.38415, 8]},
			"faces": {
				"north": {"uv": [0, 0, 1, 0.1], "texture": "#1"},
				"east": {"uv": [0, 0, 5, 0.1], "texture": "#1"},
				"south": {"uv": [0, 0, 1, 0.1], "texture": "#1"},
				"west": {"uv": [0, 0, 5, 0.1], "texture": "#1"},
				"up": {"uv": [0, 0, 5, 1], "rotation": 90, "texture": "#1"},
				"down": {"uv": [0, 0, 5, 1], "rotation": 270, "texture": "#1"}
			}
		},
		{
			"from": [4.47591, -15.11493, -9.62046],
			"to": [11.52409, -14.99293, -6.09637],
			"rotation": {"angle": 45, "axis": "y", "origin": [8, -14.38415, 8]},
			"faces": {
				"north": {"uv": [0, 0, 1, 0.1], "texture": "#1"},
				"east": {"uv": [0, 0, 5, 0.1], "texture": "#1"},
				"south": {"uv": [0, 0, 1, 0.1], "texture": "#1"},
				"west": {"uv": [0, 0, 5, 0.1], "texture": "#1"},
				"up": {"uv": [0, 0, 5, 1], "rotation": 90, "texture": "#1"},
				"down": {"uv": [0, 0, 5, 1], "rotation": 270, "texture": "#1"}
			}
		},
		{
			"from": [-9.62046, -15.11493, 4.47591],
			"to": [-6.09637, -14.99293, 11.52409],
			"rotation": {"angle": -22.5, "axis": "y", "origin": [8, -14.38415, 8]},
			"faces": {
				"north": {"uv": [0, 0, 5, 0.1], "texture": "#1"},
				"east": {"uv": [0, 0, 1, 0.1], "texture": "#1"},
				"south": {"uv": [0, 0, 5, 0.1], "texture": "#1"},
				"west": {"uv": [0, 0, 1, 0.1], "texture": "#1"},
				"up": {"uv": [0, 0, 5, 1], "texture": "#1"},
				"down": {"uv": [0, 0, 5, 1], "texture": "#1"}
			}
		}
	],
	"display": {
		"head": {
			"translation": [0, -8.06, 0],
			"scale": [4, 1, 4]
		}
	},
	"groups": [
		{
			"name": "group",
			"origin": [8, -14.505, 8],
			"children": [0, 1, 2, 3, 4, 5, 6, 7]
		},
		{
			"name": "group",
			"origin": [8, -14.505, 8],
			"children": [8, 9, 10, 11, 12, 13, 14, 15, 16, 17, 18, 19, 20, 21, 22, 23]
		}
	]
}