{
	"credit": "Made with Blockbench",
	"textures": {
		"0": "block/red_concrete_powder",
		"1": "block/red_concrete",
		"particle": "block/red_concrete_powder"
	},
	"elements": [
		{
			"from": [-1.295, -15.105, 6.141],
			"to": [17.295, -15.005, 9.859],
			"rotation": {"angle": 0, "axis": "y", "origin": [8, -14.505, 8]},
			"faces": {
				"north": {"uv": [5, 2, 6, 3], "texture": "#0"},
				"east": {"uv": [5, 2, 6, 3], "texture": "#0"},
				"south": {"uv": [5, 2, 6, 3], "texture": "#0"},
				"west": {"uv": [5, 2, 6, 3], "texture": "#0"},
				"up": {"uv": [5, 2, 6, 3], "texture": "#0"},
				"down": {"uv": [5, 2, 6, 3], "texture": "#0"}
			}
		},
		{
			"from": [-1.295, -15.105, 6.141],
			"to": [17.295, -15.005, 9.859],
			"rotation": {"angle": 22.5, "axis": "y", "origin": [8, -14.505, 8]},
			"faces": {
				"north": {"uv": [5, 2, 6, 3], "texture": "#0"},
				"east": {"uv": [5, 2, 6, 3], "texture": "#0"},
				"south": {"uv": [5, 2, 6, 3], "texture": "#0"},
				"west": {"uv": [5, 2, 6, 3], "texture": "#0"},
				"up": {"uv": [5, 2, 6, 3], "texture": "#0"},
				"down": {"uv": [5, 2, 6, 3], "texture": "#0"}
			}
		},
		{
			"from": [-1.295, -15.105, 6.141],
			"to": [17.295, -15.005, 9.859],
			"rotation": {"angle": 45, "axis": "y", "origin": [8, -14.505, 8]},
			"faces": {
				"north": {"uv": [5, 2, 6, 3], "texture": "#0"},
				"east": {"uv": [5, 2, 6, 3], "texture": "#0"},
				"south": {"uv": [5, 2, 6, 3], "texture": "#0"},
				"west": {"uv": [5, 2, 6, 3], "texture": "#0"},
				"up": {"uv": [5, 2, 6, 3], "texture": "#0"},
				"down": {"uv": [5, 2, 6, 3], "texture": "#0"}
			}
		},
		{
			"from": [6.141, -15.105, -1.295],
			"to": [9.859, -15.005, 17.295],
			"rotation": {"angle": -22.5, "axis": "y", "origin": [8, -14.505, 8]},
			"faces": {
				"north": {"uv": [5, 2, 6, 3], "texture": "#0"},
				"east": {"uv": [5, 2, 6, 3], "texture": "#0"},
				"south": {"uv": [5, 2, 6, 3], "texture": "#0"},
				"west": {"uv": [5, 2, 6, 3], "texture": "#0"},
				"up": {"uv": [5, 2, 6, 3], "texture": "#0"},
				"down": {"uv": [5, 2, 6, 3], "texture": "#0"}
			}
		},
		{
			"from": [6.141, -15.105, -1.295],
			"to": [9.859, -15.005, 17.295],
			"rotation": {"angle": 0, "axis": "y", "origin": [8, -14.505, 8]},
			"faces": {
				"north": {"uv": [5, 2, 6, 3], "texture": "#0"},
				"east": {"uv": [5, 2, 6, 3], "texture": "#0"},
				"south": {"uv": [5, 2, 6, 3], "texture": "#0"},
				"west": {"uv": [5, 2, 6, 3], "texture": "#0"},
				"up": {"uv": [5, 2, 6, 3], "texture": "#0"},
				"down": {"uv": [5, 2, 6, 3], "texture": "#0"}
			}
		},
		{
			"from": [6.141, -15.105, -1.295],
			"to": [9.859, -15.005, 17.295],
			"rotation": {"angle": 22.5, "axis": "y", "origin": [8, -14.505, 8]},
			"faces": {
				"north": {"uv": [5, 2, 6, 3], "texture": "#0"},
				"east": {"uv": [5, 2, 6, 3], "texture": "#0"},
				"south": {"uv": [5, 2, 6, 3], "texture": "#0"},
				"west": {"uv": [5, 2, 6, 3], "texture": "#0"},
				"up": {"uv": [5, 2, 6, 3], "texture": "#0"},
				"down": {"uv": [5, 2, 6, 3], "texture": "#0"}
			}
		},
		{
			"from": [6.141, -15.105, -1.295],
			"to": [9.859, -15.005, 17.295],
			"rotation": {"angle": 45, "axis": "y", "origin": [8, -14.505, 8]},
			"faces": {
				"north": {"uv": [5, 2, 6, 3], "texture": "#0"},
				"east": {"uv": [5, 2, 6, 3], "texture": "#0"},
				"south": {"uv": [5, 2, 6, 3], "texture": "#0"},
				"west": {"uv": [5, 2, 6, 3], "texture": "#0"},
				"up": {"uv": [5, 2, 6, 3], "texture": "#0"},
				"down": {"uv": [5, 2, 6, 3], "texture": "#0"}
			}
		},
		{
			"from": [-1.295, -15.105, 6.141],
			"to": [17.295, -15.005, 9.859],
			"rotation": {"angle": -22.5, "axis": "y", "origin": [8, -14.505, 8]},
			"faces": {
				"north": {"uv": [5, 2, 6, 3], "texture": "#0"},
				"east": {"uv": [5, 2, 6, 3], "texture": "#0"},
				"south": {"uv": [5, 2, 6, 3], "texture": "#0"},
				"west": {"uv": [5, 2, 6, 3], "texture": "#0"},
				"up": {"uv": [5, 2, 6, 3], "texture": "#0"},
				"down": {"uv": [5, 2, 6, 3], "texture": "#0"}
			}
		},
		{
			"from": [-1.33018, -15.104, 6.13396],
			"to": [2.29586, -15.004, 9.86604],
			"rotation": {"angle": 0, "axis": "y", "origin": [8, -14.505, 8]},
			"faces": {
				"north": {"uv": [0, 0, 5, 0.1], "texture": "#1"},
				"east": {"uv": [0, 0, 1, 0.1], "texture": "#1"},
				"south": {"uv": [0, 0, 5, 0.1], "texture": "#1"},
				"west": {"uv": [0, 0, 1, 0.1], "texture": "#1"},
				"up": {"uv": [0, 0, 5, 1], "texture": "#1"},
				"down": {"uv": [0, 0, 5, 1], "texture": "#1"}
			}
		},
		{
			"from": [-1.33018, -15.104, 6.13396],
			"to": [2.29586, -15.004, 9.86604],
			"rotation": {"angle": 22.5, "axis": "y", "origin": [8, -14.505, 8]},
			"faces": {
				"north": {"uv": [0, 0, 5, 0.1], "texture": "#1"},
				"east": {"uv": [0, 0, 1, 0.1], "texture": "#1"},
				"south": {"uv": [0, 0, 5, 0.1], "texture": "#1"},
				"west": {"uv": [0, 0, 1, 0.1], "texture": "#1"},
				"up": {"uv": [0, 0, 5, 1], "texture": "#1"},
				"down": {"uv": [0, 0, 5, 1], "texture": "#1"}
			}
		},
		{
			"from": [-1.33018, -15.104, 6.13396],
			"to": [2.29586, -15.004, 9.86604],
			"rotation": {"angle": 45, "axis": "y", "origin": [8, -14.505, 8]},
			"faces": {
				"north": {"uv": [0, 0, 5, 0.1], "texture": "#1"},
				"east": {"uv": [0, 0, 1, 0.1], "texture": "#1"},
				"south": {"uv": [0, 0, 5, 0.1], "texture": "#1"},
				"west": {"uv": [0, 0, 1, 0.1], "texture": "#1"},
				"up": {"uv": [0, 0, 5, 1], "texture": "#1"},
				"down": {"uv": [0, 0, 5, 1], "texture": "#1"}
			}
		},
		{
			"from": [6.13396, -15.104, 13.70414],
			"to": [9.86604, -15.004, 17.33018],
			"rotation": {"angle": -22.5, "axis": "y", "origin": [8, -14.505, 8]},
			"faces": {
				"north": {"uv": [0, 0, 1, 0.1], "texture": "#1"},
				"east": {"uv": [0, 0, 5, 0.1], "texture": "#1"},
				"south": {"uv": [0, 0, 1, 0.1], "texture": "#1"},
				"west": {"uv": [0, 0, 5, 0.1], "texture": "#1"},
				"up": {"uv": [0, 0, 5, 1], "rotation": 270, "texture": "#1"},
				"down": {"uv": [0, 0, 5, 1], "rotation": 90, "texture": "#1"}
			}
		},
		{
			"from": [6.13396, -15.104, 13.70414],
			"to": [9.86604, -15.004, 17.33018],
			"rotation": {"angle": 0, "axis": "y", "origin": [8, -14.505, 8]},
			"faces": {
				"north": {"uv": [0, 0, 1, 0.1], "texture": "#1"},
				"east": {"uv": [0, 0, 5, 0.1], "texture": "#1"},
				"south": {"uv": [0, 0, 1, 0.1], "texture": "#1"},
				"west": {"uv": [0, 0, 5, 0.1], "texture": "#1"},
				"up": {"uv": [0, 0, 5, 1], "rotation": 270, "texture": "#1"},
				"down": {"uv": [0, 0, 5, 1], "rotation": 90, "texture": "#1"}
			}
		},
		{
			"from": [6.13396, -15.104, 13.70414],
			"to": [9.86604, -15.004, 17.33018],
			"rotation": {"angle": 22.5, "axis": "y", "origin": [8, -14.505, 8]},
			"faces": {
				"north": {"uv": [0, 0, 1, 0.1], "texture": "#1"},
				"east": {"uv": [0, 0, 5, 0.1], "texture": "#1"},
				"south": {"uv": [0, 0, 1, 0.1], "texture": "#1"},
				"west": {"uv": [0, 0, 5, 0.1], "texture": "#1"},
				"up": {"uv": [0, 0, 5, 1], "rotation": 270, "texture": "#1"},
				"down": {"uv": [0, 0, 5, 1], "rotation": 90, "texture": "#1"}
			}
		},
		{
			"from": [6.13396, -15.104, 13.70414],
			"to": [9.86604, -15.004, 17.33018],
			"rotation": {"angle": 45, "axis": "y", "origin": [8, -14.505, 8]},
			"faces": {
				"north": {"uv": [0, 0, 1, 0.1], "texture": "#1"},
				"east": {"uv": [0, 0, 5, 0.1], "texture": "#1"},
				"south": {"uv": [0, 0, 1, 0.1], "texture": "#1"},
				"west": {"uv": [0, 0, 5, 0.1], "texture": "#1"},
				"up": {"uv": [0, 0, 5, 1], "rotation": 270, "texture": "#1"},
				"down": {"uv": [0, 0, 5, 1], "rotation": 90, "texture": "#1"}
			}
		},
		{
			"from": [13.70414, -15.104, 6.13396],
			"to": [17.33018, -15.004, 9.86604],
			"rotation": {"angle": -22.5, "axis": "y", "origin": [8, -14.505, 8]},
			"faces": {
				"north": {"uv": [0, 0, 5, 0.1], "texture": "#1"},
				"east": {"uv": [0, 0, 1, 0.1], "texture": "#1"},
				"south": {"uv": [0, 0, 5, 0.1], "texture": "#1"},
				"west": {"uv": [0, 0, 1, 0.1], "texture": "#1"},
				"up": {"uv": [0, 0, 5, 1], "rotation": 180, "texture": "#1"},
				"down": {"uv": [0, 0, 5, 1], "rotation": 180, "texture": "#1"}
			}
		},
		{
			"from": [13.70414, -15.104, 6.13396],
			"to": [17.33018, -15.004, 9.86604],
			"rotation": {"angle": 0, "axis": "y", "origin": [8, -14.505, 8]},
			"faces": {
				"north": {"uv": [0, 0, 5, 0.1], "texture": "#1"},
				"east": {"uv": [0, 0, 1, 0.1], "texture": "#1"},
				"south": {"uv": [0, 0, 5, 0.1], "texture": "#1"},
				"west": {"uv": [0, 0, 1, 0.1], "texture": "#1"},
				"up": {"uv": [0, 0, 5, 1], "rotation": 180, "texture": "#1"},
				"down": {"uv": [0, 0, 5, 1], "rotation": 180, "texture": "#1"}
			}
		},
		{
			"from": [13.70414, -15.104, 6.13396],
			"to": [17.33018, -15.004, 9.86604],
			"rotation": {"angle": 22.5, "axis": "y", "origin": [8, -14.505, 8]},
			"faces": {
				"north": {"uv": [0, 0, 5, 0.1], "texture": "#1"},
				"east": {"uv": [0, 0, 1, 0.1], "texture": "#1"},
				"south": {"uv": [0, 0, 5, 0.1], "texture": "#1"},
				"west": {"uv": [0, 0, 1, 0.1], "texture": "#1"},
				"up": {"uv": [0, 0, 5, 1], "rotation": 180, "texture": "#1"},
				"down": {"uv": [0, 0, 5, 1], "rotation": 180, "texture": "#1"}
			}
		},
		{
			"from": [13.70414, -15.104, 6.13396],
			"to": [17.33018, -15.004, 9.86604],
			"rotation": {"angle": 45, "axis": "y", "origin": [8, -14.505, 8]},
			"faces": {
				"north": {"uv": [0, 0, 5, 0.1], "texture": "#1"},
				"east": {"uv": [0, 0, 1, 0.1], "texture": "#1"},
				"south": {"uv": [0, 0, 5, 0.1], "texture": "#1"},
				"west": {"uv": [0, 0, 1, 0.1], "texture": "#1"},
				"up": {"uv": [0, 0, 5, 1], "rotation": 180, "texture": "#1"},
				"down": {"uv": [0, 0, 5, 1], "rotation": 180, "texture": "#1"}
			}
		},
		{
			"from": [6.13396, -15.104, -1.33018],
			"to": [9.86604, -15.004, 2.29586],
			"rotation": {"angle": -22.5, "axis": "y", "origin": [8, -14.505, 8]},
			"faces": {
				"north": {"uv": [0, 0, 1, 0.1], "texture": "#1"},
				"east": {"uv": [0, 0, 5, 0.1], "texture": "#1"},
				"south": {"uv": [0, 0, 1, 0.1], "texture": "#1"},
				"west": {"uv": [0, 0, 5, 0.1], "texture": "#1"},
				"up": {"uv": [0, 0, 5, 1], "rotation": 90, "texture": "#1"},
				"down": {"uv": [0, 0, 5, 1], "rotation": 270, "texture": "#1"}
			}
		},
		{
			"from": [6.13396, -15.104, -1.33018],
			"to": [9.86604, -15.004, 2.29586],
			"rotation": {"angle": 0, "axis": "y", "origin": [8, -14.505, 8]},
			"faces": {
				"north": {"uv": [0, 0, 1, 0.1], "texture": "#1"},
				"east": {"uv": [0, 0, 5, 0.1], "texture": "#1"},
				"south": {"uv": [0, 0, 1, 0.1], "texture": "#1"},
				"west": {"uv": [0, 0, 5, 0.1], "texture": "#1"},
				"up": {"uv": [0, 0, 5, 1], "rotation": 90, "texture": "#1"},
				"down": {"uv": [0, 0, 5, 1], "rotation": 270, "texture": "#1"}
			}
		},
		{
			"from": [6.13396, -15.104, -1.33018],
			"to": [9.86604, -15.004, 2.29586],
			"rotation": {"angle": 22.5, "axis": "y", "origin": [8, -14.505, 8]},
			"faces": {
				"north": {"uv": [0, 0, 1, 0.1], "texture": "#1"},
				"east": {"uv": [0, 0, 5, 0.1], "texture": "#1"},
				"south": {"uv": [0, 0, 1, 0.1], "texture": "#1"},
				"west": {"uv": [0, 0, 5, 0.1], "texture": "#1"},
				"up": {"uv": [0, 0, 5, 1], "rotation": 90, "texture": "#1"},
				"down": {"uv": [0, 0, 5, 1], "rotation": 270, "texture": "#1"}
			}
		},
		{
			"from": [6.13396, -15.104, -1.33018],
			"to": [9.86604, -15.004, 2.29586],
			"rotation": {"angle": 45, "axis": "y", "origin": [8, -14.505, 8]},
			"faces": {
				"north": {"uv": [0, 0, 1, 0.1], "texture": "#1"},
				"east": {"uv": [0, 0, 5, 0.1], "texture": "#1"},
				"south": {"uv": [0, 0, 1, 0.1], "texture": "#1"},
				"west": {"uv": [0, 0, 5, 0.1], "texture": "#1"},
				"up": {"uv": [0, 0, 5, 1], "rotation": 90, "texture": "#1"},
				"down": {"uv": [0, 0, 5, 1], "rotation": 270, "texture": "#1"}
			}
		},
		{
			"from": [-1.33018, -15.104, 6.13396],
			"to": [2.29586, -15.004, 9.86604],
			"rotation": {"angle": -22.5, "axis": "y", "origin": [8, -14.505, 8]},
			"faces": {
				"north": {"uv": [0, 0, 5, 0.1], "texture": "#1"},
				"east": {"uv": [0, 0, 1, 0.1], "texture": "#1"},
				"south": {"uv": [0, 0, 5, 0.1], "texture": "#1"},
				"west": {"uv": [0, 0, 1, 0.1], "texture": "#1"},
				"up": {"uv": [0, 0, 5, 1], "texture": "#1"},
				"down": {"uv": [0, 0, 5, 1], "texture": "#1"}
			}
		}
	],
	"display": {
		"head": {
			"translation": [0, -8.02, 0],
			"scale": [4, 1, 4]
		}
	},
	"groups": [
		{
			"name": "group",
			"origin": [8, -14.505, 8],
			"children": [0, 1, 2, 3, 4, 5, 6, 7]
		},
		{
			"name": "group",
			"origin": [8, -14.505, 8],
			"children": [8, 9, 10, 11, 12, 13, 14, 15, 16, 17, 18, 19, 20, 21, 22, 23]
		}
	]
}