{
    "parent": "item/handheld_rod",
    "textures": {
        "layer0": "item/carrot_on_a_stick"
    },
    "overrides": [
        {"predicate": {"custom_model_data": -6},"model": "c_o_a_s/-6"},
        {"predicate": {"custom_model_data": 0},"model": "c_o_a_s/0"},
        {"predicate": {"custom_model_data": 1},"model": "c_o_a_s/1"},
        {"predicate": {"custom_model_data": 2},"model": "c_o_a_s/2"},
        {"predicate": {"custom_model_data": 3},"model": "c_o_a_s/3"},
        {"predicate": {"custom_model_data": 4},"model": "c_o_a_s/4"},
        {"predicate": {"custom_model_data": 5},"model": "c_o_a_s/5"},
        {"predicate": {"custom_model_data": 6},"model": "c_o_a_s/6"},
        {"predicate": {"custom_model_data": 7},"model": "c_o_a_s/7"},
        {"predicate": {"custom_model_data": 8},"model": "c_o_a_s/8"},
        {"predicate": {"custom_model_data": 9},"model": "c_o_a_s/9"},
        {"predicate": {"custom_model_data": 10},"model": "c_o_a_s/10"},
        {"predicate": {"custom_model_data": 11},"model": "c_o_a_s/11"},
        {"predicate": {"custom_model_data": 12},"model": "c_o_a_s/12"},
        {"predicate": {"custom_model_data": 13},"model": "c_o_a_s/13"},
        {"predicate": {"custom_model_data": 14},"model": "c_o_a_s/14"},
        {"predicate": {"custom_model_data": 15},"model": "c_o_a_s/15"},
        {"predicate": {"custom_model_data": 16},"model": "c_o_a_s/16"},
        {"predicate": {"custom_model_data": 17},"model": "c_o_a_s/17"},
        {"predicate": {"custom_model_data": 18},"model": "c_o_a_s/18"},
        {"predicate": {"custom_model_data": 19},"model": "c_o_a_s/19"},
        {"predicate": {"custom_model_data": 20},"model": "c_o_a_s/20"},
        {"predicate": {"custom_model_data": 21},"model": "c_o_a_s/21"},
        {"predicate": {"custom_model_data": 22},"model": "c_o_a_s/22"},
        {"predicate": {"custom_model_data": 23},"model": "c_o_a_s/23"},
        {"predicate": {"custom_model_data": 24},"model": "c_o_a_s/24"},
        {"predicate": {"custom_model_data": 25},"model": "c_o_a_s/25"},
        {"predicate": {"custom_model_data": 26},"model": "c_o_a_s/26"},
        {"predicate": {"custom_model_data": 27},"model": "c_o_a_s/27"},
        {"predicate": {"custom_model_data": 28},"model": "c_o_a_s/28"},
        {"predicate": {"custom_model_data": 29},"model": "c_o_a_s/29"},
        {"predicate": {"custom_model_data": 30},"model": "c_o_a_s/30"},
        {"predicate": {"custom_model_data": 31},"model": "c_o_a_s/31"},
        {"predicate": {"custom_model_data": 32},"model": "c_o_a_s/32"},
        {"predicate": {"custom_model_data": 33},"model": "c_o_a_s/33"},
        {"predicate": {"custom_model_data": 34},"model": "c_o_a_s/34"},
        {"predicate": {"custom_model_data": 35},"model": "c_o_a_s/35"},
        {"predicate": {"custom_model_data": 36},"model": "c_o_a_s/36"},
        {"predicate": {"custom_model_data": 37},"model": "c_o_a_s/37"},
        {"predicate": {"custom_model_data": 38},"model": "c_o_a_s/38"},
        {"predicate": {"custom_model_data": 39},"model": "c_o_a_s/39"},
        {"predicate": {"custom_model_data": 40},"model": "c_o_a_s/40"},
        {"predicate": {"custom_model_data": 41},"model": "c_o_a_s/41"},
        {"predicate": {"custom_model_data": 42},"model": "c_o_a_s/42"},
        {"predicate": {"custom_model_data": 43},"model": "c_o_a_s/43"},
        {"predicate": {"custom_model_data": 44},"model": "c_o_a_s/44"},
        {"predicate": {"custom_model_data": 45},"model": "c_o_a_s/45"},
        {"predicate": {"custom_model_data": 46},"model": "c_o_a_s/46"},
        {"predicate": {"custom_model_data": 47},"model": "c_o_a_s/47"},
        {"predicate": {"custom_model_data": 48},"model": "c_o_a_s/48"},
        {"predicate": {"custom_model_data": 49},"model": "c_o_a_s/49"},
        {"predicate": {"custom_model_data": 50},"model": "c_o_a_s/50"},
        {"predicate": {"custom_model_data": 51},"model": "c_o_a_s/51"},
        {"predicate": {"custom_model_data": 52},"model": "c_o_a_s/52"},
        {"predicate": {"custom_model_data": 53},"model": "c_o_a_s/53"},
        {"predicate": {"custom_model_data": 54},"model": "c_o_a_s/54"},
        {"predicate": {"custom_model_data": 55},"model": "c_o_a_s/55"},
        {"predicate": {"custom_model_data": 56},"model": "c_o_a_s/56"},
        {"predicate": {"custom_model_data": 57},"model": "c_o_a_s/57"},
        {"predicate": {"custom_model_data": 58},"model": "c_o_a_s/58"},
        {"predicate": {"custom_model_data": 59},"model": "c_o_a_s/59"},
        {"predicate": {"custom_model_data": 60},"model": "c_o_a_s/60"},
        {"predicate": {"custom_model_data": 61},"model": "c_o_a_s/61"},
        {"predicate": {"custom_model_data": 62},"model": "c_o_a_s/62"},
        {"predicate": {"custom_model_data": 63},"model": "general/stone_pillar"},
        {"predicate": {"custom_model_data": 64},"model": "c_o_a_s/64"},
        {"predicate": {"custom_model_data": 65},"model": "c_o_a_s/65"},
        {"predicate": {"custom_model_data": 66},"model": "c_o_a_s/66"},
        {"predicate": {"custom_model_data": 67},"model": "c_o_a_s/67"},
        {"predicate": {"custom_model_data": 68},"model": "c_o_a_s/68"},
        {"predicate": {"custom_model_data": 69},"model": "c_o_a_s/69"},
        {"predicate": {"custom_model_data": 70},"model": "c_o_a_s/70"},
        {"predicate": {"custom_model_data": 71},"model": "c_o_a_s/71"},
        {"predicate": {"custom_model_data": 72},"model": "c_o_a_s/72"},
        {"predicate": {"custom_model_data": 73},"model": "c_o_a_s/73"},
        {"predicate": {"custom_model_data": 74},"model": "c_o_a_s/74"},
        {"predicate": {"custom_model_data": 75},"model": "c_o_a_s/75"},
        {"predicate": {"custom_model_data": 76},"model": "c_o_a_s/76"},
        {"predicate": {"custom_model_data": 77},"model": "c_o_a_s/77"},
        {"predicate": {"custom_model_data": 78},"model": "c_o_a_s/78"},
        {"predicate": {"custom_model_data": 79},"model": "c_o_a_s/79"},
        {"predicate": {"custom_model_data": 80},"model": "c_o_a_s/80"},
        {"predicate": {"custom_model_data": 81},"model": "c_o_a_s/81"},
        {"predicate": {"custom_model_data": 82},"model": "c_o_a_s/82"},
        {"predicate": {"custom_model_data": 83},"model": "c_o_a_s/83"},
        {"predicate": {"custom_model_data": 84},"model": "c_o_a_s/84"},
        {"predicate": {"custom_model_data": 85},"model": "c_o_a_s/85"},
        {"predicate": {"custom_model_data": 86},"model": "c_o_a_s/86"},
        {"predicate": {"custom_model_data": 87},"model": "c_o_a_s/87"},
        {"predicate": {"custom_model_data": 88},"model": "c_o_a_s/88"},
        {"predicate": {"custom_model_data": 89},"model": "c_o_a_s/89"},
        {"predicate": {"custom_model_data": 90},"model": "c_o_a_s/90"},
        {"predicate": {"custom_model_data": 91},"model": "c_o_a_s/91"},
        {"predicate": {"custom_model_data": 92},"model": "c_o_a_s/92"},
        {"predicate": {"custom_model_data": 93},"model": "c_o_a_s/93"},
        {"predicate": {"custom_model_data": 94},"model": "c_o_a_s/94"},
        {"predicate": {"custom_model_data": 95},"model": "c_o_a_s/95"},
        {"predicate": {"custom_model_data": 96},"model": "c_o_a_s/96"},
        {"predicate": {"custom_model_data": 97},"model": "c_o_a_s/97"},
        {"predicate": {"custom_model_data": 98},"model": "c_o_a_s/98"},
        {"predicate": {"custom_model_data": 99},"model": "c_o_a_s/99"},
        {"predicate": {"custom_model_data": 100},"model": "c_o_a_s/100"},
        {"predicate": {"custom_model_data": 101},"model": "c_o_a_s/101"},
        {"predicate": {"custom_model_data": 102},"model": "c_o_a_s/102"},
        {"predicate": {"custom_model_data": 103},"model": "c_o_a_s/103"},
        {"predicate": {"custom_model_data": 104},"model": "c_o_a_s/104-"},
        {"predicate": {"custom_model_data": 105},"model": "c_o_a_s/105"},
        {"predicate": {"custom_model_data": 106},"model": "c_o_a_s/106"},
        {"predicate": {"custom_model_data": 107},"model": "c_o_a_s/107"},
        {"predicate": {"custom_model_data": 108},"model": "c_o_a_s/108"},
        {"predicate": {"custom_model_data": 109},"model": "c_o_a_s/109"},
        {"predicate": {"custom_model_data": 110},"model": "c_o_a_s/110"},
        {"predicate": {"custom_model_data": 111},"model": "c_o_a_s/111"},
        {"predicate": {"custom_model_data": 112},"model": "c_o_a_s/112"},
        {"predicate": {"custom_model_data": 113},"model": "c_o_a_s/113"},
        {"predicate": {"custom_model_data": 114},"model": "c_o_a_s/114"},
        {"predicate": {"custom_model_data": 115},"model": "c_o_a_s/115"},
        {"predicate": {"custom_model_data": 116},"model": "c_o_a_s/116"},
        {"predicate": {"custom_model_data": 117},"model": "c_o_a_s/117"},
        {"predicate": {"custom_model_data": 118},"model": "c_o_a_s/118"},
        {"predicate": {"custom_model_data": 119},"model": "c_o_a_s/119"},
        {"predicate": {"custom_model_data": 120},"model": "c_o_a_s/120"},
        {"predicate": {"custom_model_data": 121},"model": "c_o_a_s/121"},
        {"predicate": {"custom_model_data": 122},"model": "c_o_a_s/122"},
        {"predicate": {"custom_model_data": 123},"model": "c_o_a_s/123"},
        {"predicate": {"custom_model_data": 124},"model": "c_o_a_s/124"},
        {"predicate": {"custom_model_data": 125},"model": "c_o_a_s/125"},
        {"predicate": {"custom_model_data": 126},"model": "c_o_a_s/126"},
        {"predicate": {"custom_model_data": 127},"model": "c_o_a_s/127"},
        {"predicate": {"custom_model_data": 128},"model": "c_o_a_s/128"},
        {"predicate": {"custom_model_data": 129},"model": "c_o_a_s/129"},
        {"predicate": {"custom_model_data": 130},"model": "c_o_a_s/130"},
        {"predicate": {"custom_model_data": 131},"model": "c_o_a_s/131"},
        {"predicate": {"custom_model_data": 132},"model": "c_o_a_s/132"},
        {"predicate": {"custom_model_data": 133},"model": "c_o_a_s/133"},
        {"predicate": {"custom_model_data": 134},"model": "c_o_a_s/134"},
        {"predicate": {"custom_model_data": 135},"model": "c_o_a_s/135"},
        {"predicate": {"custom_model_data": 136},"model": "c_o_a_s/136"},
        {"predicate": {"custom_model_data": 137},"model": "c_o_a_s/137"},
        {"predicate": {"custom_model_data": 138},"model": "c_o_a_s/138"},
        {"predicate": {"custom_model_data": 139},"model": "c_o_a_s/139"},
        {"predicate": {"custom_model_data": 140},"model": "c_o_a_s/140"},
        {"predicate": {"custom_model_data": 141},"model": "c_o_a_s/141"},
        {"predicate": {"custom_model_data": 142},"model": "c_o_a_s/142"},
        {"predicate": {"custom_model_data": 143},"model": "c_o_a_s/143"},
        {"predicate": {"custom_model_data": 144},"model": "c_o_a_s/144"},
        {"predicate": {"custom_model_data": 145},"model": "c_o_a_s/145"},
        {"predicate": {"custom_model_data": 146},"model": "c_o_a_s/146"},
        {"predicate": {"custom_model_data": 147},"model": "c_o_a_s/147"},
        {"predicate": {"custom_model_data": 148},"model": "c_o_a_s/148"},
        {"predicate": {"custom_model_data": 149},"model": "c_o_a_s/149"},
        {"predicate": {"custom_model_data": 150},"model": "c_o_a_s/150"},
        {"predicate": {"custom_model_data": 151},"model": "c_o_a_s/151"},
        {"predicate": {"custom_model_data": 152},"model": "c_o_a_s/152"},
        {"predicate": {"custom_model_data": 153},"model": "c_o_a_s/153"},
        {"predicate": {"custom_model_data": 154},"model": "c_o_a_s/154"},
        {"predicate": {"custom_model_data": 155},"model": "c_o_a_s/155"},
        {"predicate": {"custom_model_data": 156},"model": "c_o_a_s/156"},
        {"predicate": {"custom_model_data": 157},"model": "c_o_a_s/157"},
        {"predicate": {"custom_model_data": 158},"model": "c_o_a_s/158"},
        {"predicate": {"custom_model_data": 159},"model": "c_o_a_s/159"},
        {"predicate": {"custom_model_data": 160},"model": "c_o_a_s/160"},
        {"predicate": {"custom_model_data": 161},"model": "c_o_a_s/161"},
        {"predicate": {"custom_model_data": 162},"model": "c_o_a_s/162"},
        {"predicate": {"custom_model_data": 163},"model": "c_o_a_s/163"},
        {"predicate": {"custom_model_data": 164},"model": "c_o_a_s/164"},
        {"predicate": {"custom_model_data": 165},"model": "c_o_a_s/165"},
        {"predicate": {"custom_model_data": 166},"model": "c_o_a_s/166"},
        {"predicate": {"custom_model_data": 167},"model": "c_o_a_s/167"},
        {"predicate": {"custom_model_data": 168},"model": "c_o_a_s/168"},
        {"predicate": {"custom_model_data": 169},"model": "c_o_a_s/169"},
        {"predicate": {"custom_model_data": 170},"model": "c_o_a_s/170"},
        {"predicate": {"custom_model_data": 171},"model": "c_o_a_s/171"},
        {"predicate": {"custom_model_data": 172},"model": "c_o_a_s/172"},
        {"predicate": {"custom_model_data": 173},"model": "c_o_a_s/173"},
        {"predicate": {"custom_model_data": 174},"model": "c_o_a_s/174"},
        {"predicate": {"custom_model_data": 175},"model": "c_o_a_s/175"},
        {"predicate": {"custom_model_data": 176},"model": "c_o_a_s/176"},
        {"predicate": {"custom_model_data": 177},"model": "c_o_a_s/177"},
        {"predicate": {"custom_model_data": 178},"model": "c_o_a_s/178"},
        {"predicate": {"custom_model_data": 179},"model": "c_o_a_s/179"},
        {"predicate": {"custom_model_data": 180},"model": "c_o_a_s/180"},
        {"predicate": {"custom_model_data": 181},"model": "c_o_a_s/181"},
        {"predicate": {"custom_model_data": 182},"model": "c_o_a_s/182"},
        {"predicate": {"custom_model_data": 183},"model": "c_o_a_s/183"},
        {"predicate": {"custom_model_data": 184},"model": "c_o_a_s/184"},
        {"predicate": {"custom_model_data": 185},"model": "c_o_a_s/185"},
        {"predicate": {"custom_model_data": 186},"model": "c_o_a_s/186"},
        {"predicate": {"custom_model_data": 187},"model": "c_o_a_s/187"},
        {"predicate": {"custom_model_data": 188},"model": "c_o_a_s/188"},
        {"predicate": {"custom_model_data": 189},"model": "c_o_a_s/189"},
        {"predicate": {"custom_model_data": 190},"model": "c_o_a_s/190"},
        {"predicate": {"custom_model_data": 191},"model": "c_o_a_s/191"},
        {"predicate": {"custom_model_data": 192},"model": "c_o_a_s/192"},
        {"predicate": {"custom_model_data": 193},"model": "c_o_a_s/193"},
        {"predicate": {"custom_model_data": 194},"model": "c_o_a_s/194"},
        {"predicate": {"custom_model_data": 195},"model": "c_o_a_s/195"},
        {"predicate": {"custom_model_data": 196},"model": "c_o_a_s/196"},
        {"predicate": {"custom_model_data": 197},"model": "c_o_a_s/197"},
        {"predicate": {"custom_model_data": 198},"model": "c_o_a_s/198"},
        {"predicate": {"custom_model_data": 199},"model": "c_o_a_s/199"},
        {"predicate": {"custom_model_data": 200},"model": "c_o_a_s/200"},
        {"predicate": {"custom_model_data": 100002},"model": "c_o_a_s/100002"},
        {"predicate": {"custom_model_data": 100009},"model": "c_o_a_s/100009"},
        {"predicate": {"custom_model_data": 100010},"model": "c_o_a_s/100010"}
    ]   
}
