{
    "parent": "item/handheld",
    "textures": {"layer0": "item/iron_hoe"},
    "overrides": [
	{"predicate": {"custom_model_data": 108},"model": "c_o_a_s/108_amst"},
	{"predicate": {"custom_model_data": 1001},"model": "boss/squid_head"},
	{"predicate": {"custom_model_data": 1002},"model": "boss/squid_leg"},
	{"predicate": {"custom_model_data": 1003},"model": "boss/dusk"},
	{"predicate": {"custom_model_data": 1005},"model": "boss/sils_feather"},
	{"predicate": {"custom_model_data": 1031},"model": "boss/necr"},
	{"predicate": {"custom_model_data": 1032},"model": "boss/necr-body"},
	{"predicate": {"custom_model_data": 1033},"model": "boss/necr-hand"},
	{"predicate": {"custom_model_data": 1034},"model": "boss/necr-l-hand"},
	{"predicate": {"custom_model_data": 1035},"model": "boss/necr-r-hand"},
	{"predicate": {"custom_model_data": 1036},"model": "boss/necr-r-norod"},
	{"predicate": {"custom_model_data": 1037},"model": "boss/necr-rod"},
	{"predicate": {"custom_model_data": 1040},"model": "boss/dragon1/head"},
	{"predicate": {"custom_model_data": 1041},"model": "boss/dragon1/body"},
	{"predicate": {"custom_model_data": 1042},"model": "boss/dragon1/leg_left"},
	{"predicate": {"custom_model_data": 1043},"model": "boss/dragon1/leg_right"},
	{"predicate": {"custom_model_data": 1044},"model": "boss/dragon1/leg_back"},
	{"predicate": {"custom_model_data": 1045},"model": "boss/dragon1/wing_left"},
	{"predicate": {"custom_model_data": 1046},"model": "boss/dragon1/wing_right"},
	{"predicate": {"custom_model_data": 1047},"model": "boss/dragon1/tail"},
	{"predicate": {"custom_model_data": 1050},"model": "boss/dragon2/head"},
	{"predicate": {"custom_model_data": 1051},"model": "boss/dragon2/body"},
	{"predicate": {"custom_model_data": 1052},"model": "boss/dragon2/leg_left"},
	{"predicate": {"custom_model_data": 1053},"model": "boss/dragon2/leg_right"},
	{"predicate": {"custom_model_data": 1054},"model": "boss/dragon2/leg_back"},
	{"predicate": {"custom_model_data": 1055},"model": "boss/dragon2/wing_left"},
	{"predicate": {"custom_model_data": 1056},"model": "boss/dragon2/wing_right"},
	{"predicate": {"custom_model_data": 1057},"model": "boss/dragon2/tail"}
    ]
}
