{
	"credit": "Made with Blockbench",
	"elements": [
		{
			"from": [9, 0, 7],
			"to": [10, 8, 8],
			"rotation": {"angle": 0, "axis": "y", "origin": [9.5, 0.5, 7.5]},
			"color": 4,
			"faces": {
				"north": {"uv": [0, 0, 1, 8], "texture": "#missing"},
				"east": {"uv": [0, 0, 1, 8], "texture": "#missing"},
				"south": {"uv": [0, 0, 1, 8], "texture": "#missing"},
				"west": {"uv": [0, 0, 1, 8], "texture": "#missing"},
				"up": {"uv": [0, 0, 1, 1], "texture": "#missing"},
				"down": {"uv": [0, 0, 1, 1], "texture": "#missing"}
			}
		},
		{
			"from": [6, 0, 7],
			"to": [7, 8, 8],
			"rotation": {"angle": 0, "axis": "y", "origin": [6.5, 0.5, 7.5]},
			"color": 4,
			"faces": {
				"north": {"uv": [0, 0, 1, 8], "texture": "#missing"},
				"east": {"uv": [0, 0, 1, 8], "texture": "#missing"},
				"south": {"uv": [0, 0, 1, 8], "texture": "#missing"},
				"west": {"uv": [0, 0, 1, 8], "texture": "#missing"},
				"up": {"uv": [0, 0, 1, 1], "texture": "#missing"},
				"down": {"uv": [0, 0, 1, 1], "texture": "#missing"}
			}
		},
		{
			"from": [5.5, 8, 6.5],
			"to": [10.5, 8.5, 8.5],
			"rotation": {"angle": 0, "axis": "y", "origin": [6.5, 1.5, 7.5]},
			"color": 4,
			"faces": {
				"north": {"uv": [0, 0, 5, 0.5], "texture": "#missing"},
				"east": {"uv": [0, 0, 2, 0.5], "texture": "#missing"},
				"south": {"uv": [0, 0, 5, 0.5], "texture": "#missing"},
				"west": {"uv": [0, 0, 2, 0.5], "texture": "#missing"},
				"up": {"uv": [0, 0, 5, 2], "texture": "#missing"},
				"down": {"uv": [0, 0, 5, 2], "texture": "#missing"}
			}
		},
		{
			"from": [5.5, 8.5, 6.5],
			"to": [5.5, 9, 8.5],
			"rotation": {"angle": 0, "axis": "y", "origin": [6.5, 2, 7.5]},
			"color": 4,
			"faces": {
				"north": {"uv": [0, 0, 0, 0.5], "texture": "#missing"},
				"east": {"uv": [0, 0, 2, 0.5], "texture": "#missing"},
				"south": {"uv": [0, 0, 0, 0.5], "texture": "#missing"},
				"west": {"uv": [0, 0, 2, 0.5], "texture": "#missing"},
				"up": {"uv": [0, 0, 0, 2], "texture": "#missing"},
				"down": {"uv": [0, 0, 0, 2], "texture": "#missing"}
			}
		},
		{
			"from": [10.5, 8.5, 6.5],
			"to": [10.5, 9, 8.5],
			"rotation": {"angle": 0, "axis": "y", "origin": [6.5, 2, 7.5]},
			"color": 4,
			"faces": {
				"north": {"uv": [0, 0, 0, 0.5], "texture": "#missing"},
				"east": {"uv": [0, 0, 2, 0.5], "texture": "#missing"},
				"south": {"uv": [0, 0, 0, 0.5], "texture": "#missing"},
				"west": {"uv": [0, 0, 2, 0.5], "texture": "#missing"},
				"up": {"uv": [0, 0, 0, 2], "texture": "#missing"},
				"down": {"uv": [0, 0, 0, 2], "texture": "#missing"}
			}
		},
		{
			"from": [5.5, 8.5, 8.5],
			"to": [10.5, 9, 8.5],
			"rotation": {"angle": 0, "axis": "y", "origin": [6.5, 2, 7.5]},
			"color": 4,
			"faces": {
				"north": {"uv": [0, 0, 5, 0.5], "texture": "#missing"},
				"east": {"uv": [0, 0, 0, 0.5], "texture": "#missing"},
				"south": {"uv": [0, 0, 5, 0.5], "texture": "#missing"},
				"west": {"uv": [0, 0, 0, 0.5], "texture": "#missing"},
				"up": {"uv": [0, 0, 5, 0], "texture": "#missing"},
				"down": {"uv": [0, 0, 5, 0], "texture": "#missing"}
			}
		},
		{
			"from": [5.5, 8.5, 6.5],
			"to": [7.4, 9, 6.5],
			"rotation": {"angle": 0, "axis": "y", "origin": [3.5, 2, 5.5]},
			"color": 4,
			"faces": {
				"north": {"uv": [0, 0, 1.9, 0.5], "texture": "#missing"},
				"east": {"uv": [0, 0, 0, 0.5], "texture": "#missing"},
				"south": {"uv": [0, 0, 1.9, 0.5], "texture": "#missing"},
				"west": {"uv": [0, 0, 0, 0.5], "texture": "#missing"},
				"up": {"uv": [0, 0, 1.9, 0], "texture": "#missing"},
				"down": {"uv": [0, 0, 1.9, 0], "texture": "#missing"}
			}
		},
		{
			"from": [8.6, 8.5, 6.5],
			"to": [10.5, 9, 6.5],
			"rotation": {"angle": 0, "axis": "y", "origin": [6.5, 2, 5.5]},
			"color": 4,
			"faces": {
				"north": {"uv": [0, 0, 1.9, 0.5], "texture": "#missing"},
				"east": {"uv": [0, 0, 0, 0.5], "texture": "#missing"},
				"south": {"uv": [0, 0, 1.9, 0.5], "texture": "#missing"},
				"west": {"uv": [0, 0, 0, 0.5], "texture": "#missing"},
				"up": {"uv": [0, 0, 1.9, 0], "texture": "#missing"},
				"down": {"uv": [0, 0, 1.9, 0], "texture": "#missing"}
			}
		},
		{
			"from": [7.65, 8.5, 8.5],
			"to": [8.35, 16, 8.5],
			"rotation": {"angle": 0, "axis": "y", "origin": [6.5, 2, 7.5]},
			"color": 4,
			"faces": {
				"north": {"uv": [0, 0, 0.7, 7.5], "texture": "#missing"},
				"east": {"uv": [0, 0, 0, 7.5], "texture": "#missing"},
				"south": {"uv": [0, 0, 0.7, 7.5], "texture": "#missing"},
				"west": {"uv": [0, 0, 0, 7.5], "texture": "#missing"},
				"up": {"uv": [0, 0, 0.7, 0], "texture": "#missing"},
				"down": {"uv": [0, 0, 0.7, 0], "texture": "#missing"}
			}
		},
		{
			"from": [7.9, 8.5, 8.5],
			"to": [8.1, 16, 8.6],
			"rotation": {"angle": 0, "axis": "y", "origin": [6.5, 2, 7.5]},
			"color": 4,
			"faces": {
				"north": {"uv": [0, 0, 0.2, 7.5], "texture": "#missing"},
				"east": {"uv": [0, 0, 0.1, 7.5], "texture": "#missing"},
				"south": {"uv": [0, 0, 0.2, 7.5], "texture": "#missing"},
				"west": {"uv": [0, 0, 0.1, 7.5], "texture": "#missing"},
				"up": {"uv": [0, 0, 0.2, 0.1], "texture": "#missing"},
				"down": {"uv": [0, 0, 0.2, 0.1], "texture": "#missing"}
			}
		},
		{
			"from": [5.5, 16, 8.5],
			"to": [10.5, 16.5, 8.55],
			"rotation": {"angle": 0, "axis": "y", "origin": [6.5, 3, 7.5]},
			"color": 4,
			"faces": {
				"north": {"uv": [0, 0, 5, 0.5], "texture": "#missing"},
				"east": {"uv": [0, 0, 0.05, 0.5], "texture": "#missing"},
				"south": {"uv": [0, 0, 5, 0.5], "texture": "#missing"},
				"west": {"uv": [0, 0, 0.05, 0.5], "texture": "#missing"},
				"up": {"uv": [0, 0, 5, 0.05], "texture": "#missing"},
				"down": {"uv": [0, 0, 5, 0.05], "texture": "#missing"}
			}
		},
		{
			"from": [5.5, 15, 8.5],
			"to": [10.5, 15.5, 8.55],
			"rotation": {"angle": 0, "axis": "y", "origin": [6.5, 2, 7.5]},
			"color": 4,
			"faces": {
				"north": {"uv": [0, 0, 5, 0.5], "texture": "#missing"},
				"east": {"uv": [0, 0, 0.05, 0.5], "texture": "#missing"},
				"south": {"uv": [0, 0, 5, 0.5], "texture": "#missing"},
				"west": {"uv": [0, 0, 0.05, 0.5], "texture": "#missing"},
				"up": {"uv": [0, 0, 5, 0.05], "texture": "#missing"},
				"down": {"uv": [0, 0, 5, 0.05], "texture": "#missing"}
			}
		},
		{
			"from": [5.5, 14, 8.5],
			"to": [10.5, 14.5, 8.55],
			"rotation": {"angle": 0, "axis": "y", "origin": [6.5, 1, 7.5]},
			"color": 4,
			"faces": {
				"north": {"uv": [0, 0, 5, 0.5], "texture": "#missing"},
				"east": {"uv": [0, 0, 0.05, 0.5], "texture": "#missing"},
				"south": {"uv": [0, 0, 5, 0.5], "texture": "#missing"},
				"west": {"uv": [0, 0, 0.05, 0.5], "texture": "#missing"},
				"up": {"uv": [0, 0, 5, 0.05], "texture": "#missing"},
				"down": {"uv": [0, 0, 5, 0.05], "texture": "#missing"}
			}
		}
	]
}