{
	"credit": "Made with Blockbench",
	"textures": {
		"2": "block/iron_block",
		"9": "block/white_terracotta",
		"11": "block/black_shulker_box",
		"particle": "block/debug"
	},
	"elements": [
		{
			"from": [4.45599, 13.75599, 4.74809],
			"to": [4.45453, 15.57918, 6.65285],
			"rotation": {"angle": 0, "axis": "y", "origin": [4.45453, 14.40488, 3.78936]},
			"faces": {
				"north": {"uv": [3.5, 1.5, 3.516, 1.516], "texture": "#11"},
				"east": {"uv": [3.5, 1.5, 3.516, 1.516], "texture": "#11"},
				"south": {"uv": [3.5, 1.5, 3.516, 1.516], "texture": "#11"},
				"west": {"uv": [3.5, 1.5, 3.516, 1.516], "texture": "#11"},
				"up": {"uv": [3.5, 1.5, 3.516, 1.516], "rotation": 270, "texture": "#11"},
				"down": {"uv": [3.5, 1.5, 3.516, 1.516], "rotation": 90, "texture": "#11"}
			}
		},
		{
			"from": [5.85281, 13.75599, 4.74809],
			"to": [5.85135, 15.57918, 6.65285],
			"rotation": {"angle": 0, "axis": "y", "origin": [5.85135, 14.40488, 3.78936]},
			"faces": {
				"north": {"uv": [3.5, 1.5, 3.516, 1.516], "texture": "#11"},
				"east": {"uv": [3.5, 1.5, 3.516, 1.516], "texture": "#11"},
				"south": {"uv": [3.5, 1.5, 3.516, 1.516], "texture": "#11"},
				"west": {"uv": [3.5, 1.5, 3.516, 1.516], "texture": "#11"},
				"up": {"uv": [3.5, 1.5, 3.516, 1.516], "rotation": 270, "texture": "#11"},
				"down": {"uv": [3.5, 1.5, 3.516, 1.516], "rotation": 90, "texture": "#11"}
			}
		},
		{
			"from": [11.29151, 13.75599, 4.74809],
			"to": [11.29005, 15.57918, 6.65285],
			"rotation": {"angle": 0, "axis": "y", "origin": [11.29151, 14.40488, 3.78936]},
			"faces": {
				"north": {"uv": [3.516, 1.5, 3.5, 1.516], "texture": "#11"},
				"east": {"uv": [3.516, 1.5, 3.5, 1.516], "texture": "#11"},
				"south": {"uv": [3.516, 1.5, 3.5, 1.516], "texture": "#11"},
				"west": {"uv": [3.516, 1.5, 3.5, 1.516], "texture": "#11"},
				"up": {"uv": [3.5, 1.516, 3.516, 1.5], "rotation": 270, "texture": "#11"},
				"down": {"uv": [3.5, 1.516, 3.516, 1.5], "rotation": 90, "texture": "#11"}
			}
		},
		{
			"from": [9.89468, 13.75599, 4.74809],
			"to": [9.89322, 15.57918, 6.65285],
			"rotation": {"angle": 0, "axis": "y", "origin": [9.89468, 14.40488, 3.78936]},
			"faces": {
				"north": {"uv": [3.516, 1.5, 3.5, 1.516], "texture": "#11"},
				"east": {"uv": [3.516, 1.5, 3.5, 1.516], "texture": "#11"},
				"south": {"uv": [3.516, 1.5, 3.5, 1.516], "texture": "#11"},
				"west": {"uv": [3.516, 1.5, 3.5, 1.516], "texture": "#11"},
				"up": {"uv": [3.5, 1.516, 3.516, 1.5], "rotation": 270, "texture": "#11"},
				"down": {"uv": [3.5, 1.516, 3.516, 1.5], "rotation": 90, "texture": "#11"}
			}
		},
		{
			"from": [4.45307, 13.75599, 4.74809],
			"to": [5.87333, 15.57918, 4.74809],
			"rotation": {"angle": 0, "axis": "y", "origin": [5.40545, 14.66759, 4.74809]},
			"faces": {
				"north": {"uv": [3.5, 1.5, 3.516, 1.516], "texture": "#11"},
				"east": {"uv": [3.5, 1.5, 3.516, 1.516], "texture": "#11"},
				"south": {"uv": [3.5, 1.5, 3.516, 1.516], "texture": "#11"},
				"west": {"uv": [3.5, 1.5, 3.516, 1.516], "texture": "#11"},
				"up": {"uv": [3.5, 1.5, 3.516, 1.516], "texture": "#11"},
				"down": {"uv": [3.5, 1.5, 3.516, 1.516], "texture": "#11"}
			}
		},
		{
			"from": [9.8727, 13.75599, 4.74809],
			"to": [11.29297, 15.57918, 4.74809],
			"rotation": {"angle": 0, "axis": "y", "origin": [10.34058, 14.66759, 4.74809]},
			"faces": {
				"north": {"uv": [3.516, 1.5, 3.5, 1.516], "texture": "#11"},
				"east": {"uv": [3.516, 1.5, 3.5, 1.516], "texture": "#11"},
				"south": {"uv": [3.516, 1.5, 3.5, 1.516], "texture": "#11"},
				"west": {"uv": [3.516, 1.5, 3.5, 1.516], "texture": "#11"},
				"up": {"uv": [3.516, 1.5, 3.5, 1.516], "texture": "#11"},
				"down": {"uv": [3.516, 1.5, 3.5, 1.516], "texture": "#11"}
			}
		},
		{
			"from": [4.45307, 13.75599, 6.65431],
			"to": [5.87333, 15.57918, 6.65285],
			"rotation": {"angle": 0, "axis": "y", "origin": [5.40545, 14.66759, 6.65285]},
			"faces": {
				"north": {"uv": [3.5, 1.5, 3.516, 1.516], "texture": "#11"},
				"east": {"uv": [3.5, 1.5, 3.516, 1.516], "texture": "#11"},
				"south": {"uv": [3.5, 1.5, 3.516, 1.516], "texture": "#11"},
				"west": {"uv": [3.5, 1.5, 3.516, 1.516], "texture": "#11"},
				"up": {"uv": [3.5, 1.5, 3.516, 1.516], "texture": "#11"},
				"down": {"uv": [3.5, 1.5, 3.516, 1.516], "texture": "#11"}
			}
		},
		{
			"from": [9.8727, 13.75599, 6.65431],
			"to": [11.29297, 15.57918, 6.65285],
			"rotation": {"angle": 0, "axis": "y", "origin": [10.34058, 14.66759, 6.65285]},
			"faces": {
				"north": {"uv": [3.516, 1.5, 3.5, 1.516], "texture": "#11"},
				"east": {"uv": [3.516, 1.5, 3.5, 1.516], "texture": "#11"},
				"south": {"uv": [3.516, 1.5, 3.5, 1.516], "texture": "#11"},
				"west": {"uv": [3.516, 1.5, 3.5, 1.516], "texture": "#11"},
				"up": {"uv": [3.516, 1.5, 3.5, 1.516], "texture": "#11"},
				"down": {"uv": [3.516, 1.5, 3.5, 1.516], "texture": "#11"}
			}
		},
		{
			"from": [4.45453, 13.5706, 4.74809],
			"to": [4.45453, 13.75599, 6.65285],
			"rotation": {"angle": 0, "axis": "y", "origin": [4.26913, 12.73631, 3.78936]},
			"faces": {
				"north": {"uv": [2.125, 1.375, 2.141, 1.391], "texture": "#2"},
				"east": {"uv": [2.125, 1.375, 2.141, 1.391], "texture": "#2"},
				"south": {"uv": [2.125, 1.375, 2.141, 1.391], "texture": "#2"},
				"west": {"uv": [2.125, 1.375, 2.141, 1.391], "texture": "#2"},
				"up": {"uv": [2.125, 1.375, 2.141, 1.391], "texture": "#2"},
				"down": {"uv": [2.125, 1.375, 2.141, 1.391], "texture": "#2"}
			}
		},
		{
			"from": [5.85135, 13.5706, 4.74809],
			"to": [5.85135, 13.75599, 6.65285],
			"rotation": {"angle": 0, "axis": "y", "origin": [5.66595, 12.73631, 3.78936]},
			"faces": {
				"north": {"uv": [2.125, 1.375, 2.141, 1.391], "texture": "#2"},
				"east": {"uv": [2.125, 1.375, 2.141, 1.391], "texture": "#2"},
				"south": {"uv": [2.125, 1.375, 2.141, 1.391], "texture": "#2"},
				"west": {"uv": [2.125, 1.375, 2.141, 1.391], "texture": "#2"},
				"up": {"uv": [2.125, 1.375, 2.141, 1.391], "texture": "#2"},
				"down": {"uv": [2.125, 1.375, 2.141, 1.391], "texture": "#2"}
			}
		},
		{
			"from": [11.29151, 13.5706, 4.74809],
			"to": [11.29151, 13.75599, 6.65285],
			"rotation": {"angle": 0, "axis": "y", "origin": [11.4769, 12.73631, 3.78936]},
			"faces": {
				"north": {"uv": [2.141, 1.375, 2.125, 1.391], "texture": "#2"},
				"east": {"uv": [2.141, 1.375, 2.125, 1.391], "texture": "#2"},
				"south": {"uv": [2.141, 1.375, 2.125, 1.391], "texture": "#2"},
				"west": {"uv": [2.141, 1.375, 2.125, 1.391], "texture": "#2"},
				"up": {"uv": [2.141, 1.375, 2.125, 1.391], "texture": "#2"},
				"down": {"uv": [2.141, 1.375, 2.125, 1.391], "texture": "#2"}
			}
		},
		{
			"from": [9.89468, 13.5706, 4.74809],
			"to": [9.89468, 13.75599, 6.65285],
			"rotation": {"angle": 0, "axis": "y", "origin": [10.08008, 12.73631, 3.78936]},
			"faces": {
				"north": {"uv": [2.141, 1.375, 2.125, 1.391], "texture": "#2"},
				"east": {"uv": [2.141, 1.375, 2.125, 1.391], "texture": "#2"},
				"south": {"uv": [2.141, 1.375, 2.125, 1.391], "texture": "#2"},
				"west": {"uv": [2.141, 1.375, 2.125, 1.391], "texture": "#2"},
				"up": {"uv": [2.141, 1.375, 2.125, 1.391], "texture": "#2"},
				"down": {"uv": [2.141, 1.375, 2.125, 1.391], "texture": "#2"}
			}
		},
		{
			"from": [4.45307, 13.5706, 4.74809],
			"to": [5.87333, 13.75599, 4.74809],
			"rotation": {"angle": 0, "axis": "y", "origin": [5.40545, 14.66759, 4.74809]},
			"faces": {
				"north": {"uv": [2.125, 1.375, 2.141, 1.391], "texture": "#2"},
				"east": {"uv": [2.125, 1.375, 2.141, 1.391], "texture": "#2"},
				"south": {"uv": [2.125, 1.375, 2.141, 1.391], "texture": "#2"},
				"west": {"uv": [2.125, 1.375, 2.141, 1.391], "texture": "#2"},
				"up": {"uv": [2.125, 1.375, 2.141, 1.391], "rotation": 90, "texture": "#2"},
				"down": {"uv": [2.125, 1.375, 2.141, 1.391], "rotation": 270, "texture": "#2"}
			}
		},
		{
			"from": [9.8727, 13.5706, 4.74809],
			"to": [11.29297, 13.75599, 4.74809],
			"rotation": {"angle": 0, "axis": "y", "origin": [10.34058, 14.66759, 4.74809]},
			"faces": {
				"north": {"uv": [2.141, 1.375, 2.125, 1.391], "texture": "#2"},
				"east": {"uv": [2.141, 1.375, 2.125, 1.391], "texture": "#2"},
				"south": {"uv": [2.141, 1.375, 2.125, 1.391], "texture": "#2"},
				"west": {"uv": [2.141, 1.375, 2.125, 1.391], "texture": "#2"},
				"up": {"uv": [2.125, 1.391, 2.141, 1.375], "rotation": 90, "texture": "#2"},
				"down": {"uv": [2.125, 1.391, 2.141, 1.375], "rotation": 270, "texture": "#2"}
			}
		},
		{
			"from": [4.45307, 13.5706, 6.65285],
			"to": [5.87333, 13.75599, 6.65285],
			"rotation": {"angle": 0, "axis": "y", "origin": [5.40545, 14.66759, 6.65285]},
			"faces": {
				"north": {"uv": [2.125, 1.375, 2.141, 1.391], "texture": "#2"},
				"east": {"uv": [2.125, 1.375, 2.141, 1.391], "texture": "#2"},
				"south": {"uv": [2.125, 1.375, 2.141, 1.391], "texture": "#2"},
				"west": {"uv": [2.125, 1.375, 2.141, 1.391], "texture": "#2"},
				"up": {"uv": [2.125, 1.375, 2.141, 1.391], "rotation": 90, "texture": "#2"},
				"down": {"uv": [2.125, 1.375, 2.141, 1.391], "rotation": 270, "texture": "#2"}
			}
		},
		{
			"from": [9.8727, 13.5706, 6.65285],
			"to": [11.29297, 13.75599, 6.65285],
			"rotation": {"angle": 0, "axis": "y", "origin": [10.34058, 14.66759, 6.65285]},
			"faces": {
				"north": {"uv": [2.141, 1.375, 2.125, 1.391], "texture": "#2"},
				"east": {"uv": [2.141, 1.375, 2.125, 1.391], "texture": "#2"},
				"south": {"uv": [2.141, 1.375, 2.125, 1.391], "texture": "#2"},
				"west": {"uv": [2.141, 1.375, 2.125, 1.391], "texture": "#2"},
				"up": {"uv": [2.125, 1.391, 2.141, 1.375], "rotation": 90, "texture": "#2"},
				"down": {"uv": [2.125, 1.391, 2.141, 1.375], "rotation": 270, "texture": "#2"}
			}
		},
		{
			"from": [4.45453, 15.58001, 4.74809],
			"to": [5.84989, 15.58001, 6.65285],
			"rotation": {"angle": 0, "axis": "y", "origin": [4.45453, 14.18954, 3.01493]},
			"faces": {
				"north": {"uv": [3.875, 1.625, 3.891, 1.641], "texture": "#11"},
				"east": {"uv": [3.875, 1.625, 3.891, 1.641], "texture": "#11"},
				"south": {"uv": [3.875, 1.625, 3.891, 1.641], "texture": "#11"},
				"west": {"uv": [3.875, 1.625, 3.891, 1.641], "texture": "#11"},
				"up": {"uv": [3.875, 1.625, 3.891, 1.641], "texture": "#11"},
				"down": {"uv": [3.875, 1.625, 3.891, 1.641], "texture": "#11"}
			}
		},
		{
			"from": [9.89614, 15.58001, 4.74809],
			"to": [11.29151, 15.58001, 6.65285],
			"rotation": {"angle": 0, "axis": "y", "origin": [11.29151, 14.18954, 3.01493]},
			"faces": {
				"north": {"uv": [3.891, 1.625, 3.875, 1.641], "texture": "#11"},
				"east": {"uv": [3.891, 1.625, 3.875, 1.641], "texture": "#11"},
				"south": {"uv": [3.891, 1.625, 3.875, 1.641], "texture": "#11"},
				"west": {"uv": [3.891, 1.625, 3.875, 1.641], "texture": "#11"},
				"up": {"uv": [3.891, 1.625, 3.875, 1.641], "texture": "#11"},
				"down": {"uv": [3.891, 1.625, 3.875, 1.641], "texture": "#11"}
			}
		},
		{
			"from": [9.94745, 10.55282, 4.90692],
			"to": [11.22586, 15.01026, 6.47712],
			"rotation": {"angle": 0, "axis": "y", "origin": [9.87105, 10.21986, 6.44017]},
			"faces": {
				"north": {"uv": [11, 4, 11.016, 4.016], "texture": "#9"},
				"east": {"uv": [11, 4, 11.016, 4.016], "texture": "#9"},
				"south": {"uv": [11, 4, 11.016, 4.016], "texture": "#9"},
				"west": {"uv": [11, 4, 11.016, 4.016], "texture": "#9"},
				"up": {"uv": [11, 4, 11.016, 4.016], "texture": "#9"},
				"down": {"uv": [11, 4, 11.016, 4.016], "texture": "#9"}
			}
		},
		{
			"from": [4.55162, 10.55282, 4.90692],
			"to": [5.83002, 15.01026, 6.47712],
			"rotation": {"angle": 0, "axis": "y", "origin": [4.47522, 10.21986, 6.44017]},
			"faces": {
				"north": {"uv": [11, 4, 11.016, 4.016], "texture": "#9"},
				"east": {"uv": [11, 4, 11.016, 4.016], "texture": "#9"},
				"south": {"uv": [11, 4, 11.016, 4.016], "texture": "#9"},
				"west": {"uv": [11, 4, 11.016, 4.016], "texture": "#9"},
				"up": {"uv": [11, 4, 11.016, 4.016], "texture": "#9"},
				"down": {"uv": [11, 4, 11.016, 4.016], "texture": "#9"}
			}
		}
	],
	"display": {
		"thirdperson_righthand": {
			"rotation": [101, 0, 0],
			"translation": [-5.5, -4, -7.75],
			"scale": [4, 4, 4]
		},
		"thirdperson_lefthand": {
			"rotation": [101, 0, 0],
			"translation": [-5.5, -4, -7.75],
			"scale": [4, 4, 4]
		},
		"firstperson_righthand": {
			"rotation": [0, 116, 0],
			"translation": [4.5, 0, 0.5]
		},
		"firstperson_lefthand": {
			"rotation": [0, 116, 0],
			"translation": [4.5, 0, 0.5]
		},
		"ground": {
			"translation": [0, 9.5, 8],
			"scale": [4, 4, 4]
		},
		"gui": {
			"rotation": [0, 180, 0],
			"translation": [0, -5, 0]
		},
		"head": {
			"translation": [0.5, -31.25, 6.75],
			"scale": [3.47, 3.47, 3.47]
		},
		"fixed": {
			"translation": [0, -13.5, 6],
			"scale": [4, 4, 4]
		}
	},
	"groups": [
		{
			"name": "group",
			"origin": [8, 8, 8],
			"children": [
				{
					"name": "group",
					"origin": [7.93484, 23.73095, 6.36531],
					"children": [
						{
							"name": "group",
							"origin": [8.01519, 15.5597, 6.05801],
							"children": []
						}
					]
				}, 0, 1, 2, 3, 4, 5, 6, 7, 8, 9, 10, 11, 12, 13, 14, 15, 16, 17, 18, 19]
		},
		{
			"name": "group",
			"origin": [8, 8, 8],
			"children": []
		},
		{
			"name": "group",
			"origin": [7.93484, 23.73095, 6.36531],
			"children": []
		},
		{
			"name": "group",
			"origin": [8, 8, 8],
			"children": [
				{
					"name": "group",
					"origin": [8.05317, 16.44776, 25.18681],
					"children": []
				},
				{
					"name": "group",
					"origin": [8.05317, 16.44776, 25.18681],
					"children": []
				},
				{
					"name": "group",
					"origin": [11.67817, 16.44776, 5.50427],
					"children": []
				}
			]
		}
	]
}