{
	"credit": "Made with Blockbench",
	"textures": {
		"4": "block/daylight_detector_top",
		"6": "block/gray_concrete_powder",
		"1_10": "block/bone_block_top",
		"1_12": "block/black_glazed_terracotta"
	},
	"elements": [
		{
			"from": [7.50486, 8.88934, 7.9109],
			"to": [7.76937, 9.15827, 9.02376],
			"rotation": {"angle": 0, "axis": "y", "origin": [7.49294, 7.85895, 12.94117]},
			"faces": {
				"north": {"uv": [0.375, 0.75, 0.391, 0.766], "texture": "#6"},
				"east": {"uv": [0.375, 0.75, 0.391, 0.766], "texture": "#6"},
				"south": {"uv": [0.375, 0.75, 0.391, 0.766], "texture": "#6"},
				"west": {"uv": [0.375, 0.75, 0.391, 0.766], "texture": "#6"},
				"up": {"uv": [0.375, 0.75, 0.391, 0.766], "texture": "#6"},
				"down": {"uv": [0.375, 0.75, 0.391, 0.766], "texture": "#6"}
			}
		},
		{
			"from": [8.13978, 8.88934, 7.9109],
			"to": [8.40429, 9.15827, 9.02376],
			"rotation": {"angle": 0, "axis": "y", "origin": [8.12786, 7.85895, 12.94117]},
			"faces": {
				"north": {"uv": [0.375, 0.75, 0.391, 0.766], "texture": "#6"},
				"east": {"uv": [0.375, 0.75, 0.391, 0.766], "texture": "#6"},
				"south": {"uv": [0.375, 0.75, 0.391, 0.766], "texture": "#6"},
				"west": {"uv": [0.375, 0.75, 0.391, 0.766], "texture": "#6"},
				"up": {"uv": [0.375, 0.75, 0.391, 0.766], "texture": "#6"},
				"down": {"uv": [0.375, 0.75, 0.391, 0.766], "texture": "#6"}
			}
		},
		{
			"from": [7.50486, 8.25441, 7.9109],
			"to": [7.76937, 8.52335, 9.02376],
			"rotation": {"angle": 0, "axis": "y", "origin": [7.49294, 7.22403, 12.94117]},
			"faces": {
				"north": {"uv": [0.375, 0.75, 0.391, 0.766], "texture": "#6"},
				"east": {"uv": [0.375, 0.75, 0.391, 0.766], "texture": "#6"},
				"south": {"uv": [0.375, 0.75, 0.391, 0.766], "texture": "#6"},
				"west": {"uv": [0.375, 0.75, 0.391, 0.766], "texture": "#6"},
				"up": {"uv": [0.375, 0.75, 0.391, 0.766], "texture": "#6"},
				"down": {"uv": [0.375, 0.75, 0.391, 0.766], "texture": "#6"}
			}
		},
		{
			"from": [8.13978, 8.25441, 7.9109],
			"to": [8.40429, 8.52335, 9.02376],
			"rotation": {"angle": 0, "axis": "y", "origin": [8.12786, 7.22403, 12.94117]},
			"faces": {
				"north": {"uv": [0.375, 0.75, 0.391, 0.766], "texture": "#6"},
				"east": {"uv": [0.375, 0.75, 0.391, 0.766], "texture": "#6"},
				"south": {"uv": [0.375, 0.75, 0.391, 0.766], "texture": "#6"},
				"west": {"uv": [0.375, 0.75, 0.391, 0.766], "texture": "#6"},
				"up": {"uv": [0.375, 0.75, 0.391, 0.766], "texture": "#6"},
				"down": {"uv": [0.375, 0.75, 0.391, 0.766], "texture": "#6"}
			}
		},
		{
			"from": [7.50486, 8.25441, 6.13312],
			"to": [8.40429, 9.15827, 8.26185],
			"rotation": {"angle": 0, "axis": "y", "origin": [7.49294, 7.85895, 12.94117]},
			"faces": {
				"north": {"uv": [0.375, 0.75, 0.391, 0.766], "texture": "#6"},
				"east": {"uv": [0.375, 0.75, 0.391, 0.766], "texture": "#6"},
				"south": {"uv": [0.375, 0.75, 0.391, 0.766], "texture": "#6"},
				"west": {"uv": [0.375, 0.75, 0.391, 0.766], "texture": "#6"},
				"up": {"uv": [0.375, 0.75, 0.391, 0.766], "texture": "#6"},
				"down": {"uv": [0.375, 0.75, 0.391, 0.766], "texture": "#6"}
			}
		},
		{
			"from": [7.50486, 8.25441, 10.64006],
			"to": [8.40429, 9.15827, 10.67653],
			"rotation": {"angle": 0, "axis": "y", "origin": [7.49294, 7.85895, 15.35386]},
			"faces": {
				"north": {"uv": [0.375, 0.75, 0.391, 0.766], "texture": "#6"},
				"east": {"uv": [0.375, 0.75, 0.391, 0.766], "texture": "#6"},
				"south": {"uv": [0.375, 0.75, 0.391, 0.766], "texture": "#6"},
				"west": {"uv": [0.375, 0.75, 0.391, 0.766], "texture": "#6"},
				"up": {"uv": [0.375, 0.75, 0.391, 0.766], "texture": "#6"},
				"down": {"uv": [0.375, 0.75, 0.391, 0.766], "texture": "#6"}
			}
		},
		{
			"from": [7.50486, 8.25441, 8.90276],
			"to": [8.40429, 9.15827, 9.20766],
			"rotation": {"angle": 0, "axis": "y", "origin": [7.49294, 7.85895, 13.88499]},
			"faces": {
				"north": {"uv": [0.375, 0.75, 0.391, 0.766], "texture": "#6"},
				"east": {"uv": [0.375, 0.75, 0.391, 0.766], "texture": "#6"},
				"south": {"uv": [0.375, 0.75, 0.391, 0.766], "texture": "#6"},
				"west": {"uv": [0.375, 0.75, 0.391, 0.766], "texture": "#6"},
				"up": {"uv": [0.375, 0.75, 0.391, 0.766], "texture": "#6"},
				"down": {"uv": [0.375, 0.75, 0.391, 0.766], "texture": "#6"}
			}
		},
		{
			"from": [7.50486, 8.25441, 10.77849],
			"to": [8.40429, 9.15827, 10.81496],
			"rotation": {"angle": 0, "axis": "y", "origin": [7.49294, 7.85895, 15.49229]},
			"faces": {
				"north": {"uv": [0.375, 0.75, 0.391, 0.766], "texture": "#6"},
				"east": {"uv": [0.375, 0.75, 0.391, 0.766], "texture": "#6"},
				"south": {"uv": [0.375, 0.75, 0.391, 0.766], "texture": "#6"},
				"west": {"uv": [0.375, 0.75, 0.391, 0.766], "texture": "#6"},
				"up": {"uv": [0.375, 0.75, 0.391, 0.766], "texture": "#6"},
				"down": {"uv": [0.375, 0.75, 0.391, 0.766], "texture": "#6"}
			}
		},
		{
			"from": [7.56736, 8.31691, 10.57756],
			"to": [8.34179, 9.09577, 10.80153],
			"rotation": {"angle": 0, "axis": "y", "origin": [7.49294, 7.85895, 15.35386]},
			"faces": {
				"north": {"uv": [0.375, 0.75, 0.391, 0.766], "texture": "#6"},
				"east": {"uv": [0.375, 0.75, 0.391, 0.766], "texture": "#6"},
				"south": {"uv": [0.375, 0.75, 0.391, 0.766], "texture": "#6"},
				"west": {"uv": [0.375, 0.75, 0.391, 0.766], "texture": "#6"},
				"up": {"uv": [0.375, 0.75, 0.391, 0.766], "texture": "#6"},
				"down": {"uv": [0.375, 0.75, 0.391, 0.766], "texture": "#6"}
			}
		},
		{
			"from": [7.56736, 8.31691, 9.05375],
			"to": [8.34179, 9.09577, 9.27772],
			"rotation": {"angle": 0, "axis": "y", "origin": [7.49294, 7.85895, 13.83005]},
			"faces": {
				"north": {"uv": [0.375, 0.75, 0.391, 0.766], "texture": "#6"},
				"east": {"uv": [0.375, 0.75, 0.391, 0.766], "texture": "#6"},
				"south": {"uv": [0.375, 0.75, 0.391, 0.766], "texture": "#6"},
				"west": {"uv": [0.375, 0.75, 0.391, 0.766], "texture": "#6"},
				"up": {"uv": [0.375, 0.75, 0.391, 0.766], "texture": "#6"},
				"down": {"uv": [0.375, 0.75, 0.391, 0.766], "texture": "#6"}
			}
		},
		{
			"from": [7.56736, 8.37941, 10.3236],
			"to": [8.34179, 9.03327, 10.80153],
			"rotation": {"angle": 0, "axis": "y", "origin": [7.49294, 7.85895, 15.35386]},
			"faces": {
				"north": {"uv": [0.375, 0.75, 0.391, 0.766], "texture": "#6"},
				"east": {"uv": [0.375, 0.75, 0.391, 0.766], "texture": "#6"},
				"south": {"uv": [0.375, 0.75, 0.391, 0.766], "texture": "#6"},
				"west": {"uv": [0.375, 0.75, 0.391, 0.766], "texture": "#6"},
				"up": {"uv": [0.375, 0.75, 0.391, 0.766], "texture": "#6"},
				"down": {"uv": [0.375, 0.75, 0.391, 0.766], "texture": "#6"}
			}
		},
		{
			"from": [7.56736, 8.37941, 9.05375],
			"to": [8.34179, 9.03327, 9.53169],
			"rotation": {"angle": 0, "axis": "y", "origin": [7.49294, 7.85895, 14.08402]},
			"faces": {
				"north": {"uv": [0.375, 0.75, 0.391, 0.766], "texture": "#6"},
				"east": {"uv": [0.375, 0.75, 0.391, 0.766], "texture": "#6"},
				"south": {"uv": [0.375, 0.75, 0.391, 0.766], "texture": "#6"},
				"west": {"uv": [0.375, 0.75, 0.391, 0.766], "texture": "#6"},
				"up": {"uv": [0.375, 0.75, 0.391, 0.766], "texture": "#6"},
				"down": {"uv": [0.375, 0.75, 0.391, 0.766], "texture": "#6"}
			}
		},
		{
			"from": [7.56736, 8.44191, 9.05375],
			"to": [8.34179, 8.97077, 10.53169],
			"rotation": {"angle": 0, "axis": "y", "origin": [7.49294, 7.85895, 14.08402]},
			"faces": {
				"north": {"uv": [0.375, 0.75, 0.391, 0.766], "texture": "#6"},
				"east": {"uv": [0.375, 0.75, 0.391, 0.766], "texture": "#6"},
				"south": {"uv": [0.375, 0.75, 0.391, 0.766], "texture": "#6"},
				"west": {"uv": [0.375, 0.75, 0.391, 0.766], "texture": "#6"},
				"up": {"uv": [0.375, 0.75, 0.391, 0.766], "texture": "#6"},
				"down": {"uv": [0.375, 0.75, 0.391, 0.766], "texture": "#6"}
			}
		},
		{
			"from": [7.56736, 8.37941, 9.3861],
			"to": [8.27929, 9.03327, 10.80153],
			"rotation": {"angle": 0, "axis": "y", "origin": [7.49294, 7.85895, 15.35386]},
			"faces": {
				"north": {"uv": [0.375, 0.75, 0.391, 0.766], "texture": "#6"},
				"east": {"uv": [0.375, 0.75, 0.391, 0.766], "texture": "#6"},
				"south": {"uv": [0.375, 0.75, 0.391, 0.766], "texture": "#6"},
				"west": {"uv": [0.375, 0.75, 0.391, 0.766], "texture": "#6"},
				"up": {"uv": [0.375, 0.75, 0.391, 0.766], "texture": "#6"},
				"down": {"uv": [0.375, 0.75, 0.391, 0.766], "texture": "#6"}
			}
		},
		{
			"from": [7.69236, 8.31691, 9.3861],
			"to": [8.21679, 9.09577, 10.80153],
			"rotation": {"angle": 0, "axis": "y", "origin": [7.49294, 7.85895, 15.35386]},
			"faces": {
				"north": {"uv": [0.375, 0.75, 0.391, 0.766], "texture": "#6"},
				"east": {"uv": [0.375, 0.75, 0.391, 0.766], "texture": "#6"},
				"south": {"uv": [0.375, 0.75, 0.391, 0.766], "texture": "#6"},
				"west": {"uv": [0.375, 0.75, 0.391, 0.766], "texture": "#6"},
				"up": {"uv": [0.375, 0.75, 0.391, 0.766], "texture": "#6"},
				"down": {"uv": [0.375, 0.75, 0.391, 0.766], "texture": "#6"}
			}
		},
		{
			"from": [7.62986, 8.31691, 10.3236],
			"to": [8.27929, 9.09577, 10.80153],
			"rotation": {"angle": 0, "axis": "y", "origin": [7.49294, 7.85895, 15.35386]},
			"faces": {
				"north": {"uv": [0.375, 0.75, 0.391, 0.766], "texture": "#6"},
				"east": {"uv": [0.375, 0.75, 0.391, 0.766], "texture": "#6"},
				"south": {"uv": [0.375, 0.75, 0.391, 0.766], "texture": "#6"},
				"west": {"uv": [0.375, 0.75, 0.391, 0.766], "texture": "#6"},
				"up": {"uv": [0.375, 0.75, 0.391, 0.766], "texture": "#6"},
				"down": {"uv": [0.375, 0.75, 0.391, 0.766], "texture": "#6"}
			}
		},
		{
			"from": [7.62986, 8.31691, 9.05375],
			"to": [8.27929, 9.09577, 9.53169],
			"rotation": {"angle": 0, "axis": "y", "origin": [7.49294, 7.85895, 14.08402]},
			"faces": {
				"north": {"uv": [0.375, 0.75, 0.391, 0.766], "texture": "#6"},
				"east": {"uv": [0.375, 0.75, 0.391, 0.766], "texture": "#6"},
				"south": {"uv": [0.375, 0.75, 0.391, 0.766], "texture": "#6"},
				"west": {"uv": [0.375, 0.75, 0.391, 0.766], "texture": "#6"},
				"up": {"uv": [0.375, 0.75, 0.391, 0.766], "texture": "#6"},
				"down": {"uv": [0.375, 0.75, 0.391, 0.766], "texture": "#6"}
			}
		},
		{
			"from": [7.56736, 8.31691, 17.56169],
			"to": [8.34179, 9.09577, 19.81741],
			"rotation": {"angle": 0, "axis": "y", "origin": [7.49294, 7.85895, 24.36974]},
			"faces": {
				"north": {"uv": [0.375, 0.75, 0.391, 0.766], "texture": "#6"},
				"east": {"uv": [0.375, 0.75, 0.391, 0.766], "texture": "#6"},
				"south": {"uv": [0.375, 0.75, 0.391, 0.766], "texture": "#6"},
				"west": {"uv": [0.375, 0.75, 0.391, 0.766], "texture": "#6"},
				"up": {"uv": [0.375, 0.75, 0.391, 0.766], "texture": "#6"},
				"down": {"uv": [0.375, 0.75, 0.391, 0.766], "texture": "#6"}
			}
		},
		{
			"from": [7.37986, 8.12941, 5.94562],
			"to": [8.52929, 9.28327, 6.88883],
			"rotation": {"angle": 0, "axis": "y", "origin": [7.49294, 7.85895, 12.94117]},
			"faces": {
				"north": {"uv": [4.75, 1.5, 4.766, 1.516], "texture": "#6"},
				"east": {"uv": [4.75, 1.5, 4.766, 1.516], "texture": "#6"},
				"south": {"uv": [4.75, 1.5, 4.766, 1.516], "texture": "#6"},
				"west": {"uv": [4.75, 1.5, 4.766, 1.516], "texture": "#6"},
				"up": {"uv": [4.75, 1.5, 4.766, 1.516], "texture": "#6"},
				"down": {"uv": [4.75, 1.5, 4.766, 1.516], "texture": "#6"}
			}
		},
		{
			"from": [7.44236, 8.19191, 5.94562],
			"to": [8.46679, 9.22077, 7.13883],
			"rotation": {"angle": 0, "axis": "y", "origin": [7.49294, 7.85895, 12.94117]},
			"faces": {
				"north": {"uv": [2.625, 0.375, 2.641, 0.391], "texture": "#6"},
				"east": {"uv": [2.625, 0.375, 2.641, 0.391], "texture": "#6"},
				"south": {"uv": [2.625, 0.375, 2.641, 0.391], "texture": "#6"},
				"west": {"uv": [2.625, 0.375, 2.641, 0.391], "texture": "#6"},
				"up": {"uv": [2.625, 0.375, 2.641, 0.391], "texture": "#6"},
				"down": {"uv": [2.625, 0.375, 2.641, 0.391], "texture": "#6"}
			}
		},
		{
			"from": [8.20426, 8.19191, 7.97737],
			"to": [8.46679, 8.45887, 9.17058],
			"rotation": {"angle": 0, "axis": "y", "origin": [7.49294, 7.85895, 14.97291]},
			"faces": {
				"north": {"uv": [2.625, 0.375, 2.641, 0.391], "texture": "#6"},
				"east": {"uv": [2.625, 0.375, 2.641, 0.391], "texture": "#6"},
				"south": {"uv": [2.625, 0.375, 2.641, 0.391], "texture": "#6"},
				"west": {"uv": [2.625, 0.375, 2.641, 0.391], "texture": "#6"},
				"up": {"uv": [2.625, 0.375, 2.641, 0.391], "texture": "#6"},
				"down": {"uv": [2.625, 0.375, 2.641, 0.391], "texture": "#6"}
			}
		},
		{
			"from": [7.44236, 8.19191, 7.97737],
			"to": [7.70489, 8.45887, 9.17058],
			"rotation": {"angle": 0, "axis": "y", "origin": [6.73104, 7.85895, 14.97291]},
			"faces": {
				"north": {"uv": [2.625, 0.375, 2.641, 0.391], "texture": "#6"},
				"east": {"uv": [2.625, 0.375, 2.641, 0.391], "texture": "#6"},
				"south": {"uv": [2.625, 0.375, 2.641, 0.391], "texture": "#6"},
				"west": {"uv": [2.625, 0.375, 2.641, 0.391], "texture": "#6"},
				"up": {"uv": [2.625, 0.375, 2.641, 0.391], "texture": "#6"},
				"down": {"uv": [2.625, 0.375, 2.641, 0.391], "texture": "#6"}
			}
		},
		{
			"from": [8.33125, 9.0808, 6.83451],
			"to": [8.46679, 9.22077, 9.17058],
			"rotation": {"angle": 0, "axis": "y", "origin": [7.49294, 7.85895, 14.97291]},
			"faces": {
				"north": {"uv": [2.625, 0.375, 2.641, 0.391], "texture": "#6"},
				"east": {"uv": [2.625, 0.375, 2.641, 0.391], "texture": "#6"},
				"south": {"uv": [2.625, 0.375, 2.641, 0.391], "texture": "#6"},
				"west": {"uv": [2.625, 0.375, 2.641, 0.391], "texture": "#6"},
				"up": {"uv": [2.625, 0.375, 2.641, 0.391], "texture": "#6"},
				"down": {"uv": [2.625, 0.375, 2.641, 0.391], "texture": "#6"}
			}
		},
		{
			"from": [8.33125, 8.19191, 6.83451],
			"to": [8.46679, 8.33189, 9.17058],
			"rotation": {"angle": 0, "axis": "y", "origin": [7.49294, 6.97006, 14.97291]},
			"faces": {
				"north": {"uv": [2.625, 0.375, 2.641, 0.391], "texture": "#6"},
				"east": {"uv": [2.625, 0.375, 2.641, 0.391], "texture": "#6"},
				"south": {"uv": [2.625, 0.375, 2.641, 0.391], "texture": "#6"},
				"west": {"uv": [2.625, 0.375, 2.641, 0.391], "texture": "#6"},
				"up": {"uv": [2.625, 0.375, 2.641, 0.391], "texture": "#6"},
				"down": {"uv": [2.625, 0.375, 2.641, 0.391], "texture": "#6"}
			}
		},
		{
			"from": [8.20426, 8.95382, 7.97737],
			"to": [8.46679, 9.22077, 9.17058],
			"rotation": {"angle": 0, "axis": "y", "origin": [7.49294, 7.85895, 14.97291]},
			"faces": {
				"north": {"uv": [2.625, 0.375, 2.641, 0.391], "texture": "#6"},
				"east": {"uv": [2.625, 0.375, 2.641, 0.391], "texture": "#6"},
				"south": {"uv": [2.625, 0.375, 2.641, 0.391], "texture": "#6"},
				"west": {"uv": [2.625, 0.375, 2.641, 0.391], "texture": "#6"},
				"up": {"uv": [2.625, 0.375, 2.641, 0.391], "texture": "#6"},
				"down": {"uv": [2.625, 0.375, 2.641, 0.391], "texture": "#6"}
			}
		},
		{
			"from": [7.44236, 8.19191, 8.99324],
			"to": [8.46679, 9.22077, 9.10808],
			"rotation": {"angle": 0, "axis": "y", "origin": [6.73104, 7.85895, 14.97291]},
			"faces": {
				"north": {"uv": [2.625, 0.375, 2.641, 0.391], "texture": "#6"},
				"east": {"uv": [2.625, 0.375, 2.641, 0.391], "texture": "#6"},
				"south": {"uv": [2.625, 0.375, 2.641, 0.391], "texture": "#6"},
				"west": {"uv": [2.625, 0.375, 2.641, 0.391], "texture": "#6"},
				"up": {"uv": [2.625, 0.375, 2.641, 0.391], "texture": "#6"},
				"down": {"uv": [2.625, 0.375, 2.641, 0.391], "texture": "#6"}
			}
		},
		{
			"from": [7.44236, 8.19191, 8.05574],
			"to": [8.46679, 9.22077, 8.17058],
			"rotation": {"angle": 0, "axis": "y", "origin": [6.73104, 7.85895, 14.03541]},
			"faces": {
				"north": {"uv": [2.625, 0.375, 2.641, 0.391], "texture": "#6"},
				"east": {"uv": [2.625, 0.375, 2.641, 0.391], "texture": "#6"},
				"south": {"uv": [2.625, 0.375, 2.641, 0.391], "texture": "#6"},
				"west": {"uv": [2.625, 0.375, 2.641, 0.391], "texture": "#6"},
				"up": {"uv": [2.625, 0.375, 2.641, 0.391], "texture": "#6"},
				"down": {"uv": [2.625, 0.375, 2.641, 0.391], "texture": "#6"}
			}
		},
		{
			"from": [7.44236, 9.0808, 7.08848],
			"to": [7.57791, 9.22077, 9.17058],
			"rotation": {"angle": 0, "axis": "y", "origin": [6.73104, 7.85895, 14.97291]},
			"faces": {
				"north": {"uv": [2.625, 0.375, 2.641, 0.391], "texture": "#6"},
				"east": {"uv": [2.625, 0.375, 2.641, 0.391], "texture": "#6"},
				"south": {"uv": [2.625, 0.375, 2.641, 0.391], "texture": "#6"},
				"west": {"uv": [2.625, 0.375, 2.641, 0.391], "texture": "#6"},
				"up": {"uv": [2.625, 0.375, 2.641, 0.391], "texture": "#6"},
				"down": {"uv": [2.625, 0.375, 2.641, 0.391], "texture": "#6"}
			}
		},
		{
			"from": [7.44236, 8.19191, 7.08848],
			"to": [7.57791, 8.33189, 9.17058],
			"rotation": {"angle": 0, "axis": "y", "origin": [6.73104, 6.97006, 14.97291]},
			"faces": {
				"north": {"uv": [2.625, 0.375, 2.641, 0.391], "texture": "#6"},
				"east": {"uv": [2.625, 0.375, 2.641, 0.391], "texture": "#6"},
				"south": {"uv": [2.625, 0.375, 2.641, 0.391], "texture": "#6"},
				"west": {"uv": [2.625, 0.375, 2.641, 0.391], "texture": "#6"},
				"up": {"uv": [2.625, 0.375, 2.641, 0.391], "texture": "#6"},
				"down": {"uv": [2.625, 0.375, 2.641, 0.391], "texture": "#6"}
			}
		},
		{
			"from": [7.44236, 8.95382, 7.97737],
			"to": [7.70489, 9.22077, 9.17058],
			"rotation": {"angle": 0, "axis": "y", "origin": [6.73104, 7.85895, 14.97291]},
			"faces": {
				"north": {"uv": [2.625, 0.375, 2.641, 0.391], "texture": "#6"},
				"east": {"uv": [2.625, 0.375, 2.641, 0.391], "texture": "#6"},
				"south": {"uv": [2.625, 0.375, 2.641, 0.391], "texture": "#6"},
				"west": {"uv": [2.625, 0.375, 2.641, 0.391], "texture": "#6"},
				"up": {"uv": [2.625, 0.375, 2.641, 0.391], "texture": "#6"},
				"down": {"uv": [2.625, 0.375, 2.641, 0.391], "texture": "#6"}
			}
		},
		{
			"from": [7.44236, 8.19191, 18.26308],
			"to": [8.46679, 9.22077, 19.45629],
			"rotation": {"angle": 0, "axis": "y", "origin": [7.49294, 7.85895, 25.25863]},
			"faces": {
				"north": {"uv": [2.625, 0.375, 2.641, 0.391], "texture": "#6"},
				"east": {"uv": [2.625, 0.375, 2.641, 0.391], "texture": "#6"},
				"south": {"uv": [2.625, 0.375, 2.641, 0.391], "texture": "#6"},
				"west": {"uv": [2.625, 0.375, 2.641, 0.391], "texture": "#6"},
				"up": {"uv": [2.625, 0.375, 2.641, 0.391], "texture": "#6"},
				"down": {"uv": [2.625, 0.375, 2.641, 0.391], "texture": "#6"}
			}
		},
		{
			"from": [7.31736, 8.06691, 18.77102],
			"to": [8.59179, 9.34577, 19.58328],
			"rotation": {"angle": 0, "axis": "y", "origin": [7.49294, 7.85895, 26.02053]},
			"faces": {
				"north": {"uv": [4.5, 1.5, 4.516, 1.516], "texture": "#6"},
				"east": {"uv": [4.5, 1.5, 4.516, 1.516], "texture": "#6"},
				"south": {"uv": [4.5, 1.5, 4.516, 1.516], "texture": "#6"},
				"west": {"uv": [4.5, 1.5, 4.516, 1.516], "texture": "#6"},
				"up": {"uv": [4.5, 1.5, 4.516, 1.516], "texture": "#6"},
				"down": {"uv": [4.5, 1.5, 4.516, 1.516], "texture": "#6"}
			}
		},
		{
			"from": [7.69632, 8.44588, 8.99324],
			"to": [8.21283, 8.96681, 18.31344],
			"rotation": {"angle": 0, "axis": "y", "origin": [7.49294, 7.85895, 12.94117]},
			"faces": {
				"north": {"uv": [5.625, 0.375, 5.641, 0.391], "texture": "#4"},
				"east": {"uv": [5.625, 0.375, 5.641, 0.391], "texture": "#4"},
				"south": {"uv": [5.625, 0.375, 5.641, 0.391], "texture": "#4"},
				"west": {"uv": [5.625, 0.375, 5.641, 0.391], "texture": "#4"},
				"up": {"uv": [5.625, 0.375, 5.641, 0.391], "texture": "#4"},
				"down": {"uv": [5.625, 0.375, 5.641, 0.391], "texture": "#4"}
			}
		},
		{
			"from": [8.55972, 6.77761, 5.50043],
			"to": [9.24748, 9.59562, 6.18316],
			"rotation": {"angle": 0, "axis": "x", "origin": [8.03643, 7.44501, 6.47176]},
			"faces": {
				"north": {"uv": [0, 0, 16, 16], "rotation": 180, "texture": "#1_10"},
				"east": {"uv": [0, 8, 16, 16], "rotation": 90, "texture": "#1_10"},
				"south": {"uv": [0, 0, 16, 16], "texture": "#1_10"},
				"west": {"uv": [0, 0, 16, 9], "rotation": 270, "texture": "#1_10"},
				"up": {"uv": [0, 0, 16, 16], "texture": "#1_10"},
				"down": {"uv": [0, 10, 5, 15], "rotation": 180, "texture": "#1_10"}
			}
		},
		{
			"from": [7.49814, 6.77761, 5.88646],
			"to": [8.55972, 9.49911, 6.42368],
			"rotation": {"angle": 0, "axis": "x", "origin": [8.03643, 7.44501, 6.47176]},
			"faces": {
				"north": {"uv": [0, 0, 16, 16], "rotation": 180, "texture": "#1_10"},
				"east": {"uv": [0, 0, 16, 8], "rotation": 90, "texture": "#1_10"},
				"south": {"uv": [0, 0, 16, 16], "texture": "#1_10"},
				"west": {"uv": [0, 0, 16, 9], "rotation": 270, "texture": "#1_10"},
				"up": {"uv": [0, 0, 16, 16], "texture": "#1_10"},
				"down": {"uv": [5, 12, 10, 16], "rotation": 180, "texture": "#1_10"}
			}
		},
		{
			"from": [7.45064, 6.87411, 5.98297],
			"to": [8.63097, 9.49911, 6.42368],
			"rotation": {"angle": 0, "axis": "x", "origin": [8.03643, 7.44501, 6.47176]},
			"faces": {
				"north": {"uv": [0, 0, 16, 16], "rotation": 180, "texture": "#1_10"},
				"east": {"uv": [0, 0, 16, 8], "rotation": 90, "texture": "#1_10"},
				"south": {"uv": [0, 0, 16, 16], "texture": "#1_10"},
				"west": {"uv": [0, 0, 16, 9], "rotation": 270, "texture": "#1_10"},
				"up": {"uv": [0, 0, 16, 16], "texture": "#1_10"},
				"down": {"uv": [5, 12, 10, 16], "rotation": 180, "texture": "#1_10"}
			}
		},
		{
			"from": [7.49814, 7.06713, 5.30742],
			"to": [8.55972, 9.3061, 6.37618],
			"rotation": {"angle": 0, "axis": "x", "origin": [8.03643, 7.44501, 6.47176]},
			"faces": {
				"north": {"uv": [6, 6, 9, 7], "rotation": 180, "texture": "#1_12"},
				"east": {"uv": [6, 6, 9, 7], "rotation": 90, "texture": "#1_12"},
				"south": {"uv": [6, 6, 9, 7], "texture": "#1_12"},
				"west": {"uv": [6, 6, 9, 7], "rotation": 270, "texture": "#1_12"},
				"up": {"uv": [6, 6, 9, 7], "texture": "#1_12"},
				"down": {"uv": [6, 6, 9, 7], "rotation": 180, "texture": "#1_12"}
			}
		},
		{
			"from": [6.82258, 6.77761, 5.50043],
			"to": [7.51034, 9.59562, 6.18316],
			"rotation": {"angle": 0, "axis": "x", "origin": [8.03643, 7.44501, 6.47176]},
			"faces": {
				"north": {"uv": [0, 0, 16, 16], "rotation": 180, "texture": "#1_10"},
				"east": {"uv": [0, 0, 16, 8], "rotation": 90, "texture": "#1_10"},
				"south": {"uv": [0, 0, 16, 16], "texture": "#1_10"},
				"west": {"uv": [0, 7, 16, 16], "rotation": 270, "texture": "#1_10"},
				"up": {"uv": [0, 0, 16, 16], "texture": "#1_10"},
				"down": {"uv": [11, 10, 16, 15], "rotation": 180, "texture": "#1_10"}
			}
		},
		{
			"from": [6.82258, 6.77761, 4.38418],
			"to": [9.24748, 10.17467, 5.50761],
			"rotation": {"angle": 0, "axis": "x", "origin": [8.03643, 7.44501, 6.47176]},
			"faces": {
				"north": {"uv": [0, 0, 16, 16], "rotation": 180, "texture": "#1_10"},
				"east": {"uv": [0, 0, 16, 8], "rotation": 90, "texture": "#1_10"},
				"south": {"uv": [0, 0, 16, 16], "texture": "#1_10"},
				"west": {"uv": [0, 0, 16, 9], "rotation": 270, "texture": "#1_10"},
				"up": {"uv": [0, 0, 16, 6], "texture": "#1_10"},
				"down": {"uv": [0, 0, 16, 5], "rotation": 180, "texture": "#1_10"}
			}
		},
		{
			"from": [6.91909, 7.45448, 5.50043],
			"to": [9.15097, 10.17467, 6.37449],
			"rotation": {"angle": 0, "axis": "x", "origin": [8.03643, 7.44501, 6.47176]},
			"faces": {
				"north": {"uv": [0, 0, 16, 16], "rotation": 180, "texture": "#1_10"},
				"east": {"uv": [0, 8, 16, 16], "rotation": 90, "texture": "#1_10"},
				"south": {"uv": [0, 0, 16, 16], "texture": "#1_10"},
				"west": {"uv": [0, 7, 16, 16], "rotation": 270, "texture": "#1_10"},
				"up": {"uv": [0, 7, 16, 16], "texture": "#1_10"},
				"down": {"uv": [0, 0, 16, 5], "rotation": 180, "texture": "#1_10"}
			}
		},
		{
			"from": [7.40163, 7.64618, 4.19117],
			"to": [8.66843, 9.59562, 4.48069],
			"rotation": {"angle": 0, "axis": "x", "origin": [8.03643, 7.44501, 6.47176]},
			"faces": {
				"north": {"uv": [4, 4, 11, 13], "rotation": 180, "texture": "#1_10"},
				"east": {"uv": [4, 4, 11, 13], "rotation": 90, "texture": "#1_10"},
				"south": {"uv": [4, 4, 11, 13], "texture": "#1_10"},
				"west": {"uv": [4, 4, 11, 13], "rotation": 270, "texture": "#1_10"},
				"up": {"uv": [4, 4, 11, 13], "texture": "#1_10"},
				"down": {"uv": [4, 4, 11, 13], "rotation": 180, "texture": "#1_10"}
			}
		},
		{
			"from": [7.40163, 6.77761, 6.95523],
			"to": [8.66843, 7.95499, 7.53428],
			"rotation": {"angle": 0, "axis": "x", "origin": [8.03643, 7.44501, 6.47176]},
			"faces": {
				"north": {"uv": [5, 7, 11, 12], "rotation": 180, "texture": "#1_10"},
				"east": {"uv": [5, 7, 11, 12], "rotation": 90, "texture": "#1_10"},
				"south": {"uv": [5, 7, 11, 12], "texture": "#1_10"},
				"west": {"uv": [5, 7, 11, 12], "rotation": 270, "texture": "#1_10"},
				"up": {"uv": [5, 7, 11, 12], "texture": "#1_10"},
				"down": {"uv": [4, 11, 10, 16], "rotation": 180, "texture": "#1_10"}
			}
		},
		{
			"from": [8.48847, 6.89636, 6.70585],
			"to": [8.59718, 7.01215, 7.2849],
			"rotation": {"angle": 0, "axis": "x", "origin": [8.03643, 7.44501, 6.47176]},
			"faces": {
				"north": {"uv": [5, 7, 11, 12], "rotation": 180, "texture": "#1_10"},
				"east": {"uv": [5, 7, 11, 12], "rotation": 90, "texture": "#1_10"},
				"south": {"uv": [5, 7, 11, 12], "texture": "#1_10"},
				"west": {"uv": [5, 7, 11, 12], "rotation": 270, "texture": "#1_10"},
				"up": {"uv": [5, 7, 11, 12], "texture": "#1_10"},
				"down": {"uv": [4, 11, 10, 16], "rotation": 180, "texture": "#1_10"}
			}
		},
		{
			"from": [8.53597, 7.08937, 6.70585],
			"to": [8.64468, 7.20517, 7.2849],
			"rotation": {"angle": 0, "axis": "x", "origin": [8.03643, 7.44501, 6.47176]},
			"faces": {
				"north": {"uv": [5, 7, 11, 12], "rotation": 180, "texture": "#1_10"},
				"east": {"uv": [5, 7, 11, 12], "rotation": 90, "texture": "#1_10"},
				"south": {"uv": [5, 7, 11, 12], "texture": "#1_10"},
				"west": {"uv": [5, 7, 11, 12], "rotation": 270, "texture": "#1_10"},
				"up": {"uv": [5, 7, 11, 12], "texture": "#1_10"},
				"down": {"uv": [4, 11, 10, 16], "rotation": 180, "texture": "#1_10"}
			}
		},
		{
			"from": [8.53597, 7.28239, 6.70585],
			"to": [8.64468, 7.39818, 7.2849],
			"rotation": {"angle": 0, "axis": "x", "origin": [8.03643, 7.44501, 6.47176]},
			"faces": {
				"north": {"uv": [5, 7, 11, 12], "rotation": 180, "texture": "#1_10"},
				"east": {"uv": [5, 7, 11, 12], "rotation": 90, "texture": "#1_10"},
				"south": {"uv": [5, 7, 11, 12], "texture": "#1_10"},
				"west": {"uv": [5, 7, 11, 12], "rotation": 270, "texture": "#1_10"},
				"up": {"uv": [5, 7, 11, 12], "texture": "#1_10"},
				"down": {"uv": [4, 11, 10, 16], "rotation": 180, "texture": "#1_10"}
			}
		},
		{
			"from": [8.48847, 6.89636, 6.12681],
			"to": [8.59718, 7.01215, 6.60935],
			"rotation": {"angle": 0, "axis": "x", "origin": [8.03643, 7.44501, 6.47176]},
			"faces": {
				"north": {"uv": [5, 7, 11, 12], "rotation": 180, "texture": "#1_10"},
				"east": {"uv": [5, 7, 11, 12], "rotation": 90, "texture": "#1_10"},
				"south": {"uv": [5, 7, 11, 12], "texture": "#1_10"},
				"west": {"uv": [5, 7, 11, 12], "rotation": 270, "texture": "#1_10"},
				"up": {"uv": [5, 7, 11, 12], "texture": "#1_10"},
				"down": {"uv": [4, 11, 10, 16], "rotation": 180, "texture": "#1_10"}
			}
		},
		{
			"from": [8.53597, 7.08937, 6.12681],
			"to": [8.64468, 7.20517, 6.60935],
			"rotation": {"angle": 0, "axis": "x", "origin": [8.03643, 7.44501, 6.47176]},
			"faces": {
				"north": {"uv": [5, 7, 11, 12], "rotation": 180, "texture": "#1_10"},
				"east": {"uv": [5, 7, 11, 12], "rotation": 90, "texture": "#1_10"},
				"south": {"uv": [5, 7, 11, 12], "texture": "#1_10"},
				"west": {"uv": [5, 7, 11, 12], "rotation": 270, "texture": "#1_10"},
				"up": {"uv": [5, 7, 11, 12], "texture": "#1_10"},
				"down": {"uv": [4, 11, 10, 16], "rotation": 180, "texture": "#1_10"}
			}
		},
		{
			"from": [8.53597, 7.28239, 6.12681],
			"to": [8.64468, 7.39818, 6.60935],
			"rotation": {"angle": 0, "axis": "x", "origin": [8.03643, 7.44501, 6.47176]},
			"faces": {
				"north": {"uv": [5, 7, 11, 12], "rotation": 180, "texture": "#1_10"},
				"east": {"uv": [5, 7, 11, 12], "rotation": 90, "texture": "#1_10"},
				"south": {"uv": [5, 7, 11, 12], "texture": "#1_10"},
				"west": {"uv": [5, 7, 11, 12], "rotation": 270, "texture": "#1_10"},
				"up": {"uv": [5, 7, 11, 12], "texture": "#1_10"},
				"down": {"uv": [4, 11, 10, 16], "rotation": 180, "texture": "#1_10"}
			}
		},
		{
			"from": [7.90943, 6.80136, 6.70585],
			"to": [8.01813, 6.88624, 7.2849],
			"rotation": {"angle": 0, "axis": "x", "origin": [8.03643, 7.44501, 6.47176]},
			"faces": {
				"north": {"uv": [5, 7, 11, 12], "rotation": 180, "texture": "#1_10"},
				"east": {"uv": [5, 7, 11, 12], "rotation": 90, "texture": "#1_10"},
				"south": {"uv": [5, 7, 11, 12], "texture": "#1_10"},
				"west": {"uv": [5, 7, 11, 12], "rotation": 270, "texture": "#1_10"},
				"up": {"uv": [5, 7, 11, 12], "texture": "#1_10"},
				"down": {"uv": [4, 11, 10, 16], "rotation": 180, "texture": "#1_10"}
			}
		},
		{
			"from": [7.90943, 6.80136, 6.12681],
			"to": [8.01813, 6.88624, 6.60935],
			"rotation": {"angle": 0, "axis": "x", "origin": [8.03643, 7.44501, 6.47176]},
			"faces": {
				"north": {"uv": [5, 7, 11, 12], "rotation": 180, "texture": "#1_10"},
				"east": {"uv": [5, 7, 11, 12], "rotation": 90, "texture": "#1_10"},
				"south": {"uv": [5, 7, 11, 12], "texture": "#1_10"},
				"west": {"uv": [5, 7, 11, 12], "rotation": 270, "texture": "#1_10"},
				"up": {"uv": [5, 7, 11, 12], "texture": "#1_10"},
				"down": {"uv": [4, 11, 10, 16], "rotation": 180, "texture": "#1_10"}
			}
		},
		{
			"from": [8.20347, 6.84886, 6.70585],
			"to": [8.31218, 6.93374, 7.2849],
			"rotation": {"angle": 0, "axis": "x", "origin": [8.03643, 7.44501, 6.47176]},
			"faces": {
				"north": {"uv": [5, 7, 11, 12], "rotation": 180, "texture": "#1_10"},
				"east": {"uv": [5, 7, 11, 12], "rotation": 90, "texture": "#1_10"},
				"south": {"uv": [5, 7, 11, 12], "texture": "#1_10"},
				"west": {"uv": [5, 7, 11, 12], "rotation": 270, "texture": "#1_10"},
				"up": {"uv": [5, 7, 11, 12], "texture": "#1_10"},
				"down": {"uv": [4, 11, 10, 16], "rotation": 180, "texture": "#1_10"}
			}
		},
		{
			"from": [8.20347, 6.84886, 6.12681],
			"to": [8.31218, 6.93374, 6.60935],
			"rotation": {"angle": 0, "axis": "x", "origin": [8.03643, 7.44501, 6.47176]},
			"faces": {
				"north": {"uv": [5, 7, 11, 12], "rotation": 180, "texture": "#1_10"},
				"east": {"uv": [5, 7, 11, 12], "rotation": 90, "texture": "#1_10"},
				"south": {"uv": [5, 7, 11, 12], "texture": "#1_10"},
				"west": {"uv": [5, 7, 11, 12], "rotation": 270, "texture": "#1_10"},
				"up": {"uv": [5, 7, 11, 12], "texture": "#1_10"},
				"down": {"uv": [4, 11, 10, 16], "rotation": 180, "texture": "#1_10"}
			}
		},
		{
			"from": [7.62443, 6.84886, 6.70585],
			"to": [7.73313, 6.93374, 7.2849],
			"rotation": {"angle": 0, "axis": "x", "origin": [8.03643, 7.44501, 6.47176]},
			"faces": {
				"north": {"uv": [5, 7, 11, 12], "rotation": 180, "texture": "#1_10"},
				"east": {"uv": [5, 7, 11, 12], "rotation": 90, "texture": "#1_10"},
				"south": {"uv": [5, 7, 11, 12], "texture": "#1_10"},
				"west": {"uv": [5, 7, 11, 12], "rotation": 270, "texture": "#1_10"},
				"up": {"uv": [5, 7, 11, 12], "texture": "#1_10"},
				"down": {"uv": [4, 11, 10, 16], "rotation": 180, "texture": "#1_10"}
			}
		},
		{
			"from": [7.62443, 6.84886, 6.12681],
			"to": [7.73313, 6.93374, 6.60935],
			"rotation": {"angle": 0, "axis": "x", "origin": [8.03643, 7.44501, 6.47176]},
			"faces": {
				"north": {"uv": [5, 7, 11, 12], "rotation": 180, "texture": "#1_10"},
				"east": {"uv": [5, 7, 11, 12], "rotation": 90, "texture": "#1_10"},
				"south": {"uv": [5, 7, 11, 12], "texture": "#1_10"},
				"west": {"uv": [5, 7, 11, 12], "rotation": 270, "texture": "#1_10"},
				"up": {"uv": [5, 7, 11, 12], "texture": "#1_10"},
				"down": {"uv": [4, 11, 10, 16], "rotation": 180, "texture": "#1_10"}
			}
		},
		{
			"from": [8.34597, 6.84886, 6.70585],
			"to": [8.45468, 6.93374, 7.2849],
			"rotation": {"angle": 0, "axis": "x", "origin": [8.03643, 7.44501, 6.47176]},
			"faces": {
				"north": {"uv": [5, 7, 11, 12], "rotation": 180, "texture": "#1_10"},
				"east": {"uv": [5, 7, 11, 12], "rotation": 90, "texture": "#1_10"},
				"south": {"uv": [5, 7, 11, 12], "texture": "#1_10"},
				"west": {"uv": [5, 7, 11, 12], "rotation": 270, "texture": "#1_10"},
				"up": {"uv": [5, 7, 11, 12], "texture": "#1_10"},
				"down": {"uv": [4, 11, 10, 16], "rotation": 180, "texture": "#1_10"}
			}
		},
		{
			"from": [8.34597, 6.84886, 6.12681],
			"to": [8.45468, 6.93374, 6.60935],
			"rotation": {"angle": 0, "axis": "x", "origin": [8.03643, 7.44501, 6.47176]},
			"faces": {
				"north": {"uv": [5, 7, 11, 12], "rotation": 180, "texture": "#1_10"},
				"east": {"uv": [5, 7, 11, 12], "rotation": 90, "texture": "#1_10"},
				"south": {"uv": [5, 7, 11, 12], "texture": "#1_10"},
				"west": {"uv": [5, 7, 11, 12], "rotation": 270, "texture": "#1_10"},
				"up": {"uv": [5, 7, 11, 12], "texture": "#1_10"},
				"down": {"uv": [4, 11, 10, 16], "rotation": 180, "texture": "#1_10"}
			}
		},
		{
			"from": [7.76693, 6.84886, 6.70585],
			"to": [7.87563, 6.93374, 7.2849],
			"rotation": {"angle": 0, "axis": "x", "origin": [8.03643, 7.44501, 6.47176]},
			"faces": {
				"north": {"uv": [5, 7, 11, 12], "rotation": 180, "texture": "#1_10"},
				"east": {"uv": [5, 7, 11, 12], "rotation": 90, "texture": "#1_10"},
				"south": {"uv": [5, 7, 11, 12], "texture": "#1_10"},
				"west": {"uv": [5, 7, 11, 12], "rotation": 270, "texture": "#1_10"},
				"up": {"uv": [5, 7, 11, 12], "texture": "#1_10"},
				"down": {"uv": [4, 11, 10, 16], "rotation": 180, "texture": "#1_10"}
			}
		},
		{
			"from": [7.76693, 6.84886, 6.12681],
			"to": [7.87563, 6.93374, 6.60935],
			"rotation": {"angle": 0, "axis": "x", "origin": [8.03643, 7.44501, 6.47176]},
			"faces": {
				"north": {"uv": [5, 7, 11, 12], "rotation": 180, "texture": "#1_10"},
				"east": {"uv": [5, 7, 11, 12], "rotation": 90, "texture": "#1_10"},
				"south": {"uv": [5, 7, 11, 12], "texture": "#1_10"},
				"west": {"uv": [5, 7, 11, 12], "rotation": 270, "texture": "#1_10"},
				"up": {"uv": [5, 7, 11, 12], "texture": "#1_10"},
				"down": {"uv": [4, 11, 10, 16], "rotation": 180, "texture": "#1_10"}
			}
		},
		{
			"from": [8.06097, 6.80136, 6.70585],
			"to": [8.16968, 6.88624, 7.2849],
			"rotation": {"angle": 0, "axis": "x", "origin": [8.03643, 7.44501, 6.47176]},
			"faces": {
				"north": {"uv": [5, 7, 11, 12], "rotation": 180, "texture": "#1_10"},
				"east": {"uv": [5, 7, 11, 12], "rotation": 90, "texture": "#1_10"},
				"south": {"uv": [5, 7, 11, 12], "texture": "#1_10"},
				"west": {"uv": [5, 7, 11, 12], "rotation": 270, "texture": "#1_10"},
				"up": {"uv": [5, 7, 11, 12], "texture": "#1_10"},
				"down": {"uv": [4, 11, 10, 16], "rotation": 180, "texture": "#1_10"}
			}
		},
		{
			"from": [8.06097, 6.80136, 6.12681],
			"to": [8.16968, 6.88624, 6.60935],
			"rotation": {"angle": 0, "axis": "x", "origin": [8.03643, 7.44501, 6.47176]},
			"faces": {
				"north": {"uv": [5, 7, 11, 12], "rotation": 180, "texture": "#1_10"},
				"east": {"uv": [5, 7, 11, 12], "rotation": 90, "texture": "#1_10"},
				"south": {"uv": [5, 7, 11, 12], "texture": "#1_10"},
				"west": {"uv": [5, 7, 11, 12], "rotation": 270, "texture": "#1_10"},
				"up": {"uv": [5, 7, 11, 12], "texture": "#1_10"},
				"down": {"uv": [4, 11, 10, 16], "rotation": 180, "texture": "#1_10"}
			}
		},
		{
			"from": [7.48193, 6.89636, 6.70585],
			"to": [7.59063, 7.01215, 7.2849],
			"rotation": {"angle": 0, "axis": "x", "origin": [8.03643, 7.44501, 6.47176]},
			"faces": {
				"north": {"uv": [5, 7, 11, 12], "rotation": 180, "texture": "#1_10"},
				"east": {"uv": [5, 7, 11, 12], "rotation": 90, "texture": "#1_10"},
				"south": {"uv": [5, 7, 11, 12], "texture": "#1_10"},
				"west": {"uv": [5, 7, 11, 12], "rotation": 270, "texture": "#1_10"},
				"up": {"uv": [5, 7, 11, 12], "texture": "#1_10"},
				"down": {"uv": [4, 11, 10, 16], "rotation": 180, "texture": "#1_10"}
			}
		},
		{
			"from": [7.43443, 7.08937, 6.70585],
			"to": [7.54313, 7.20517, 7.2849],
			"rotation": {"angle": 0, "axis": "x", "origin": [8.03643, 7.44501, 6.47176]},
			"faces": {
				"north": {"uv": [5, 7, 11, 12], "rotation": 180, "texture": "#1_10"},
				"east": {"uv": [5, 7, 11, 12], "rotation": 90, "texture": "#1_10"},
				"south": {"uv": [5, 7, 11, 12], "texture": "#1_10"},
				"west": {"uv": [5, 7, 11, 12], "rotation": 270, "texture": "#1_10"},
				"up": {"uv": [5, 7, 11, 12], "texture": "#1_10"},
				"down": {"uv": [4, 11, 10, 16], "rotation": 180, "texture": "#1_10"}
			}
		},
		{
			"from": [7.43443, 7.28239, 6.70585],
			"to": [7.54313, 7.39818, 7.2849],
			"rotation": {"angle": 0, "axis": "x", "origin": [8.03643, 7.44501, 6.47176]},
			"faces": {
				"north": {"uv": [5, 7, 11, 12], "rotation": 180, "texture": "#1_10"},
				"east": {"uv": [5, 7, 11, 12], "rotation": 90, "texture": "#1_10"},
				"south": {"uv": [5, 7, 11, 12], "texture": "#1_10"},
				"west": {"uv": [5, 7, 11, 12], "rotation": 270, "texture": "#1_10"},
				"up": {"uv": [5, 7, 11, 12], "texture": "#1_10"},
				"down": {"uv": [4, 11, 10, 16], "rotation": 180, "texture": "#1_10"}
			}
		},
		{
			"from": [7.48193, 6.89636, 6.12681],
			"to": [7.59063, 7.01215, 6.60935],
			"rotation": {"angle": 0, "axis": "x", "origin": [8.03643, 7.44501, 6.47176]},
			"faces": {
				"north": {"uv": [5, 7, 11, 12], "rotation": 180, "texture": "#1_10"},
				"east": {"uv": [5, 7, 11, 12], "rotation": 90, "texture": "#1_10"},
				"south": {"uv": [5, 7, 11, 12], "texture": "#1_10"},
				"west": {"uv": [5, 7, 11, 12], "rotation": 270, "texture": "#1_10"},
				"up": {"uv": [5, 7, 11, 12], "texture": "#1_10"},
				"down": {"uv": [4, 11, 10, 16], "rotation": 180, "texture": "#1_10"}
			}
		},
		{
			"from": [7.43443, 7.08937, 6.12681],
			"to": [7.54313, 7.20517, 6.60935],
			"rotation": {"angle": 0, "axis": "x", "origin": [8.03643, 7.44501, 6.47176]},
			"faces": {
				"north": {"uv": [5, 7, 11, 12], "rotation": 180, "texture": "#1_10"},
				"east": {"uv": [5, 7, 11, 12], "rotation": 90, "texture": "#1_10"},
				"south": {"uv": [5, 7, 11, 12], "texture": "#1_10"},
				"west": {"uv": [5, 7, 11, 12], "rotation": 270, "texture": "#1_10"},
				"up": {"uv": [5, 7, 11, 12], "texture": "#1_10"},
				"down": {"uv": [4, 11, 10, 16], "rotation": 180, "texture": "#1_10"}
			}
		},
		{
			"from": [7.43443, 7.28239, 6.12681],
			"to": [7.54313, 7.39818, 6.60935],
			"rotation": {"angle": 0, "axis": "x", "origin": [8.03643, 7.44501, 6.47176]},
			"faces": {
				"north": {"uv": [5, 7, 11, 12], "rotation": 180, "texture": "#1_10"},
				"east": {"uv": [5, 7, 11, 12], "rotation": 90, "texture": "#1_10"},
				"south": {"uv": [5, 7, 11, 12], "texture": "#1_10"},
				"west": {"uv": [5, 7, 11, 12], "rotation": 270, "texture": "#1_10"},
				"up": {"uv": [5, 7, 11, 12], "texture": "#1_10"},
				"down": {"uv": [4, 11, 10, 16], "rotation": 180, "texture": "#1_10"}
			}
		},
		{
			"from": [7.30512, 6.97062, 7.05323],
			"to": [8.76494, 7.66546, 7.59761],
			"rotation": {"angle": 0, "axis": "x", "origin": [8.03643, 7.44501, 6.47176]},
			"faces": {
				"north": {"uv": [0, 0, 16, 16], "rotation": 180, "texture": "#1_10"},
				"east": {"uv": [8, 9, 16, 16], "rotation": 90, "texture": "#1_10"},
				"south": {"uv": [0, 0, 16, 16], "texture": "#1_10"},
				"west": {"uv": [0, 9, 8, 16], "rotation": 270, "texture": "#1_10"},
				"up": {"uv": [0, 0, 16, 16], "texture": "#1_10"},
				"down": {"uv": [0, 8, 16, 16], "rotation": 180, "texture": "#1_10"}
			}
		},
		{
			"from": [8.65624, 7.35665, 6.8244],
			"to": [8.86144, 7.85848, 7.5011],
			"rotation": {"angle": 0, "axis": "x", "origin": [8.03643, 7.44501, 6.47176]},
			"faces": {
				"north": {"uv": [0, 0, 16, 16], "rotation": 180, "texture": "#1_10"},
				"east": {"uv": [8, 9, 16, 16], "rotation": 90, "texture": "#1_10"},
				"south": {"uv": [0, 0, 16, 16], "texture": "#1_10"},
				"west": {"uv": [0, 9, 8, 16], "rotation": 270, "texture": "#1_10"},
				"up": {"uv": [0, 0, 16, 16], "texture": "#1_10"},
				"down": {"uv": [0, 11, 8, 16], "rotation": 180, "texture": "#1_10"}
			}
		},
		{
			"from": [8.65624, 7.35665, 6.08815],
			"to": [9.05446, 7.85848, 6.82555],
			"rotation": {"angle": 0, "axis": "x", "origin": [8.03643, 7.44501, 6.47176]},
			"faces": {
				"north": {"uv": [0, 0, 16, 16], "rotation": 180, "texture": "#1_10"},
				"east": {"uv": [8, 9, 16, 16], "rotation": 90, "texture": "#1_10"},
				"south": {"uv": [0, 0, 16, 16], "texture": "#1_10"},
				"west": {"uv": [0, 9, 8, 16], "rotation": 270, "texture": "#1_10"},
				"up": {"uv": [0, 0, 16, 16], "texture": "#1_10"},
				"down": {"uv": [0, 0, 10, 6], "rotation": 180, "texture": "#1_10"}
			}
		},
		{
			"from": [8.53597, 7.74268, 6.63459],
			"to": [8.93421, 8.24451, 7.17897],
			"rotation": {"angle": 0, "axis": "x", "origin": [8.03643, 7.44501, 6.47176]},
			"faces": {
				"north": {"uv": [0, 0, 16, 16], "rotation": 180, "texture": "#1_10"},
				"east": {"uv": [8, 9, 16, 16], "rotation": 90, "texture": "#1_10"},
				"south": {"uv": [0, 0, 16, 16], "texture": "#1_10"},
				"west": {"uv": [0, 9, 8, 16], "rotation": 270, "texture": "#1_10"},
				"up": {"uv": [0, 0, 16, 16], "texture": "#1_10"},
				"down": {"uv": [0, 8, 16, 16], "rotation": 180, "texture": "#1_10"}
			}
		},
		{
			"from": [7.08836, 7.74268, 6.63459],
			"to": [7.48659, 8.24451, 7.17897],
			"rotation": {"angle": 0, "axis": "x", "origin": [8.03643, 7.44501, 6.47176]},
			"faces": {
				"north": {"uv": [0, 0, 16, 16], "rotation": 180, "texture": "#1_10"},
				"east": {"uv": [8, 9, 16, 16], "rotation": 90, "texture": "#1_10"},
				"south": {"uv": [0, 0, 16, 16], "texture": "#1_10"},
				"west": {"uv": [0, 9, 8, 16], "rotation": 270, "texture": "#1_10"},
				"up": {"uv": [0, 0, 16, 16], "texture": "#1_10"},
				"down": {"uv": [0, 8, 16, 16], "rotation": 180, "texture": "#1_10"}
			}
		},
		{
			"from": [7.20861, 7.35665, 6.8244],
			"to": [7.41383, 7.85848, 7.5011],
			"rotation": {"angle": 0, "axis": "x", "origin": [8.03643, 7.44501, 6.47176]},
			"faces": {
				"north": {"uv": [0, 0, 16, 16], "rotation": 180, "texture": "#1_10"},
				"east": {"uv": [8, 9, 16, 16], "rotation": 90, "texture": "#1_10"},
				"south": {"uv": [0, 0, 16, 16], "texture": "#1_10"},
				"west": {"uv": [0, 9, 8, 16], "rotation": 270, "texture": "#1_10"},
				"up": {"uv": [0, 0, 16, 16], "texture": "#1_10"},
				"down": {"uv": [9, 8, 16, 16], "rotation": 180, "texture": "#1_10"}
			}
		},
		{
			"from": [7.0156, 7.35665, 6.08815],
			"to": [7.41383, 7.85848, 6.82555],
			"rotation": {"angle": 0, "axis": "x", "origin": [8.03643, 7.44501, 6.47176]},
			"faces": {
				"north": {"uv": [0, 0, 16, 16], "rotation": 180, "texture": "#1_10"},
				"east": {"uv": [8, 9, 16, 16], "rotation": 90, "texture": "#1_10"},
				"south": {"uv": [0, 0, 16, 16], "texture": "#1_10"},
				"west": {"uv": [0, 9, 8, 16], "rotation": 270, "texture": "#1_10"},
				"up": {"uv": [0, 0, 16, 16], "texture": "#1_10"},
				"down": {"uv": [5, 0, 16, 8], "rotation": 180, "texture": "#1_10"}
			}
		},
		{
			"from": [6.62957, 7.26014, 4.48069],
			"to": [9.44049, 9.49911, 5.89364],
			"rotation": {"angle": 0, "axis": "x", "origin": [8.03643, 7.44501, 6.47176]},
			"faces": {
				"north": {"uv": [0, 0, 16, 16], "rotation": 180, "texture": "#1_10"},
				"east": {"uv": [0, 0, 16, 16], "rotation": 90, "texture": "#1_10"},
				"south": {"uv": [0, 0, 16, 16], "texture": "#1_10"},
				"west": {"uv": [0, 0, 16, 16], "rotation": 270, "texture": "#1_10"},
				"up": {"uv": [0, 0, 16, 16], "texture": "#1_10"},
				"down": {"uv": [0, 0, 16, 16], "rotation": 180, "texture": "#1_10"}
			}
		},
		{
			"from": [7.36436, 7.46635, 4.75053],
			"to": [8.71381, 8.81349, 6.32792],
			"rotation": {"angle": 0, "axis": "x", "origin": [8.03643, 7.44501, 6.47176]},
			"faces": {
				"north": {"uv": [10, 1, 10.016, 1.016], "rotation": 180, "texture": "#1_12"},
				"east": {"uv": [10, 1, 10.016, 1.016], "rotation": 90, "texture": "#1_12"},
				"south": {"uv": [10, 1, 10.016, 1.016], "texture": "#1_12"},
				"west": {"uv": [10, 1, 10.016, 1.016], "rotation": 270, "texture": "#1_12"},
				"up": {"uv": [10, 1, 10.016, 1.016], "texture": "#1_12"},
				"down": {"uv": [10, 1, 10.016, 1.016], "rotation": 180, "texture": "#1_12"}
			}
		}
	],
	"display": {
		"thirdperson_righthand": {
			"translation": [0, -3.25, 3]
		},
		"thirdperson_lefthand": {
			"translation": [0, -3.25, 3]
		},
		"firstperson_righthand": {
			"rotation": [0, 116, 0],
			"translation": [4.5, 0, 0.5]
		},
		"firstperson_lefthand": {
			"rotation": [0, 116, 0],
			"translation": [4.5, 0, 0.5]
		},
		"ground": {
			"translation": [0, 0, 9.5],
			"scale": [4, 4, 4]
		},
		"gui": {
			"rotation": [0, 180, 0],
			"translation": [0, -5.75, 0]
		},
		"head": {
			"translation": [0, 0, -27],
			"scale": [4, 4, 4]
		},
		"fixed": {
			"translation": [0, -13.5, -3],
			"scale": [4, 4, 4]
		}
	},
	"groups": [
		{
			"name": "group",
			"origin": [8, 8, 8],
			"children": [0, 1, 2, 3, 4, 5, 6, 7, 8, 9, 10, 11, 12, 13, 14, 15, 16, 17, 18, 19, 20, 21, 22, 23, 24, 25, 26, 27, 28, 29, 30, 31, 32]
		},
		{
			"name": "group",
			"origin": [8, 8, 8],
			"children": []
		},
		{
			"name": "group",
			"origin": [7.93484, 23.73095, 6.36531],
			"children": []
		},
		{
			"name": "group",
			"origin": [8, 8, 8],
			"children": [
				{
					"name": "group",
					"origin": [8.05317, 16.44776, 25.18681],
					"children": []
				},
				{
					"name": "group",
					"origin": [8.05317, 16.44776, 25.18681],
					"children": []
				},
				{
					"name": "group",
					"origin": [11.67817, 16.44776, 5.50427],
					"children": []
				}
			]
		},
		{
			"name": "骸骨戦士",
			"origin": [8, 8, 8],
			"children": [
				{
					"name": "group",
					"origin": [8, 8, 8],
					"children": [33, 34, 35, 36, 37, 38, 39, 40, 41, 42, 43, 44, 45, 46, 47, 48, 49, 50, 51, 52, 53, 54, 55, 56, 57, 58, 59, 60, 61, 62, 63, 64, 65, 66, 67, 68, 69, 70, 71, 72, 73,
						{
							"name": "group",
							"origin": [3.54946, 13.77115, 5.17159],
							"children": []
						}, 74]
				}
			]
		}
	]
}