{
	"credit": "Made with Blockbench",
	"textures": {
		"2": "block/iron_block",
		"4": "block/daylight_detector_top",
		"6": "block/gray_concrete_powder",
		"9": "block/white_terracotta",
		"11": "block/black_shulker_box",
		"1_10": "block/bone_block_top",
		"1_12": "block/black_glazed_terracotta"
	},
	"elements": [
		{
			"from": [11.29151, 13.75599, 4.74809],
			"to": [11.29005, 15.57918, 6.65285],
			"rotation": {"angle": 0, "axis": "y", "origin": [11.29151, 14.40488, 3.78936]},
			"faces": {
				"north": {"uv": [3.516, 1.5, 3.5, 1.516], "texture": "#11"},
				"east": {"uv": [3.516, 1.5, 3.5, 1.516], "texture": "#11"},
				"south": {"uv": [3.516, 1.5, 3.5, 1.516], "texture": "#11"},
				"west": {"uv": [3.516, 1.5, 3.5, 1.516], "texture": "#11"},
				"up": {"uv": [3.5, 1.516, 3.516, 1.5], "rotation": 270, "texture": "#11"},
				"down": {"uv": [3.5, 1.516, 3.516, 1.5], "rotation": 90, "texture": "#11"}
			}
		},
		{
			"from": [9.87647, 13.75599, 4.74809],
			"to": [9.87501, 15.57918, 6.65285],
			"rotation": {"angle": 0, "axis": "y", "origin": [9.87647, 14.40488, 3.78936]},
			"faces": {
				"north": {"uv": [3.516, 1.5, 3.5, 1.516], "texture": "#11"},
				"east": {"uv": [3.516, 1.5, 3.5, 1.516], "texture": "#11"},
				"south": {"uv": [3.516, 1.5, 3.5, 1.516], "texture": "#11"},
				"west": {"uv": [3.516, 1.5, 3.5, 1.516], "texture": "#11"},
				"up": {"uv": [3.5, 1.516, 3.516, 1.5], "rotation": 270, "texture": "#11"},
				"down": {"uv": [3.5, 1.516, 3.516, 1.5], "rotation": 90, "texture": "#11"}
			}
		},
		{
			"from": [9.8727, 13.75599, 4.74809],
			"to": [11.29297, 15.57918, 4.74809],
			"rotation": {"angle": 0, "axis": "y", "origin": [10.34058, 14.66759, 4.74809]},
			"faces": {
				"north": {"uv": [3.516, 1.5, 3.5, 1.516], "texture": "#11"},
				"east": {"uv": [3.516, 1.5, 3.5, 1.516], "texture": "#11"},
				"south": {"uv": [3.516, 1.5, 3.5, 1.516], "texture": "#11"},
				"west": {"uv": [3.516, 1.5, 3.5, 1.516], "texture": "#11"},
				"up": {"uv": [3.516, 1.5, 3.5, 1.516], "texture": "#11"},
				"down": {"uv": [3.516, 1.5, 3.5, 1.516], "texture": "#11"}
			}
		},
		{
			"from": [9.8727, 13.75599, 6.65431],
			"to": [11.29297, 15.57918, 6.65285],
			"rotation": {"angle": 0, "axis": "y", "origin": [10.34058, 14.66759, 6.65285]},
			"faces": {
				"north": {"uv": [3.516, 1.5, 3.5, 1.516], "texture": "#11"},
				"east": {"uv": [3.516, 1.5, 3.5, 1.516], "texture": "#11"},
				"south": {"uv": [3.516, 1.5, 3.5, 1.516], "texture": "#11"},
				"west": {"uv": [3.516, 1.5, 3.5, 1.516], "texture": "#11"},
				"up": {"uv": [3.516, 1.5, 3.5, 1.516], "texture": "#11"},
				"down": {"uv": [3.516, 1.5, 3.5, 1.516], "texture": "#11"}
			}
		},
		{
			"from": [11.29151, 13.5706, 4.74809],
			"to": [11.29151, 13.75599, 6.65285],
			"rotation": {"angle": 0, "axis": "y", "origin": [11.4769, 12.73631, 3.78936]},
			"faces": {
				"north": {"uv": [2.141, 1.375, 2.125, 1.391], "texture": "#2"},
				"east": {"uv": [2.141, 1.375, 2.125, 1.391], "texture": "#2"},
				"south": {"uv": [2.141, 1.375, 2.125, 1.391], "texture": "#2"},
				"west": {"uv": [2.141, 1.375, 2.125, 1.391], "texture": "#2"},
				"up": {"uv": [2.141, 1.375, 2.125, 1.391], "texture": "#2"},
				"down": {"uv": [2.141, 1.375, 2.125, 1.391], "texture": "#2"}
			}
		},
		{
			"from": [9.87647, 13.5706, 4.74809],
			"to": [9.87647, 13.75599, 6.65285],
			"rotation": {"angle": 0, "axis": "y", "origin": [10.06186, 12.73631, 3.78936]},
			"faces": {
				"north": {"uv": [2.141, 1.375, 2.125, 1.391], "texture": "#2"},
				"east": {"uv": [2.141, 1.375, 2.125, 1.391], "texture": "#2"},
				"south": {"uv": [2.141, 1.375, 2.125, 1.391], "texture": "#2"},
				"west": {"uv": [2.141, 1.375, 2.125, 1.391], "texture": "#2"},
				"up": {"uv": [2.141, 1.375, 2.125, 1.391], "texture": "#2"},
				"down": {"uv": [2.141, 1.375, 2.125, 1.391], "texture": "#2"}
			}
		},
		{
			"from": [9.8727, 13.5706, 4.74809],
			"to": [11.29297, 13.75599, 4.74809],
			"rotation": {"angle": 0, "axis": "y", "origin": [10.34058, 14.66759, 4.74809]},
			"faces": {
				"north": {"uv": [2.141, 1.375, 2.125, 1.391], "texture": "#2"},
				"east": {"uv": [2.141, 1.375, 2.125, 1.391], "texture": "#2"},
				"south": {"uv": [2.141, 1.375, 2.125, 1.391], "texture": "#2"},
				"west": {"uv": [2.141, 1.375, 2.125, 1.391], "texture": "#2"},
				"up": {"uv": [2.125, 1.391, 2.141, 1.375], "rotation": 90, "texture": "#2"},
				"down": {"uv": [2.125, 1.391, 2.141, 1.375], "rotation": 270, "texture": "#2"}
			}
		},
		{
			"from": [9.8727, 13.5706, 6.65285],
			"to": [11.29297, 13.75599, 6.65285],
			"rotation": {"angle": 0, "axis": "y", "origin": [10.34058, 14.66759, 6.65285]},
			"faces": {
				"north": {"uv": [2.141, 1.375, 2.125, 1.391], "texture": "#2"},
				"east": {"uv": [2.141, 1.375, 2.125, 1.391], "texture": "#2"},
				"south": {"uv": [2.141, 1.375, 2.125, 1.391], "texture": "#2"},
				"west": {"uv": [2.141, 1.375, 2.125, 1.391], "texture": "#2"},
				"up": {"uv": [2.125, 1.391, 2.141, 1.375], "rotation": 90, "texture": "#2"},
				"down": {"uv": [2.125, 1.391, 2.141, 1.375], "rotation": 270, "texture": "#2"}
			}
		},
		{
			"from": [9.89614, 15.58001, 4.74809],
			"to": [11.29151, 15.58001, 6.65285],
			"rotation": {"angle": 0, "axis": "y", "origin": [11.29151, 14.18954, 3.01493]},
			"faces": {
				"north": {"uv": [3.891, 1.625, 3.875, 1.641], "texture": "#11"},
				"east": {"uv": [3.891, 1.625, 3.875, 1.641], "texture": "#11"},
				"south": {"uv": [3.891, 1.625, 3.875, 1.641], "texture": "#11"},
				"west": {"uv": [3.891, 1.625, 3.875, 1.641], "texture": "#11"},
				"up": {"uv": [3.891, 1.625, 3.875, 1.641], "texture": "#11"},
				"down": {"uv": [3.891, 1.625, 3.875, 1.641], "texture": "#11"}
			}
		},
		{
			"from": [10.07245, 10.55282, 5.28192],
			"to": [10.97586, 15.01026, 6.16462],
			"rotation": {"angle": 0, "axis": "y", "origin": [9.87105, 10.21986, 6.44017]},
			"faces": {
				"north": {"uv": [11, 4, 11.016, 4.016], "texture": "#9"},
				"east": {"uv": [11, 4, 11.016, 4.016], "texture": "#9"},
				"south": {"uv": [11, 4, 11.016, 4.016], "texture": "#9"},
				"west": {"uv": [11, 4, 11.016, 4.016], "texture": "#9"},
				"up": {"uv": [11, 4, 11.016, 4.016], "texture": "#9"},
				"down": {"uv": [11, 4, 11.016, 4.016], "texture": "#9"}
			}
		},
		{
			"from": [9.88297, 11.25025, 1.4099],
			"to": [10.14748, 11.51918, 2.52276],
			"rotation": {"angle": 0, "axis": "y", "origin": [9.87105, 10.21986, 6.44017]},
			"faces": {
				"north": {"uv": [0.375, 0.75, 0.391, 0.766], "texture": "#6"},
				"east": {"uv": [0.375, 0.75, 0.391, 0.766], "texture": "#6"},
				"south": {"uv": [0.375, 0.75, 0.391, 0.766], "texture": "#6"},
				"west": {"uv": [0.375, 0.75, 0.391, 0.766], "texture": "#6"},
				"up": {"uv": [0.375, 0.75, 0.391, 0.766], "texture": "#6"},
				"down": {"uv": [0.375, 0.75, 0.391, 0.766], "texture": "#6"}
			}
		},
		{
			"from": [10.51789, 11.25025, 1.4099],
			"to": [10.7824, 11.51918, 2.52276],
			"rotation": {"angle": 0, "axis": "y", "origin": [10.50597, 10.21986, 6.44017]},
			"faces": {
				"north": {"uv": [0.375, 0.75, 0.391, 0.766], "texture": "#6"},
				"east": {"uv": [0.375, 0.75, 0.391, 0.766], "texture": "#6"},
				"south": {"uv": [0.375, 0.75, 0.391, 0.766], "texture": "#6"},
				"west": {"uv": [0.375, 0.75, 0.391, 0.766], "texture": "#6"},
				"up": {"uv": [0.375, 0.75, 0.391, 0.766], "texture": "#6"},
				"down": {"uv": [0.375, 0.75, 0.391, 0.766], "texture": "#6"}
			}
		},
		{
			"from": [9.88297, 10.61532, 1.4099],
			"to": [10.14748, 10.88426, 2.52276],
			"rotation": {"angle": 0, "axis": "y", "origin": [9.87105, 9.58494, 6.44017]},
			"faces": {
				"north": {"uv": [0.375, 0.75, 0.391, 0.766], "texture": "#6"},
				"east": {"uv": [0.375, 0.75, 0.391, 0.766], "texture": "#6"},
				"south": {"uv": [0.375, 0.75, 0.391, 0.766], "texture": "#6"},
				"west": {"uv": [0.375, 0.75, 0.391, 0.766], "texture": "#6"},
				"up": {"uv": [0.375, 0.75, 0.391, 0.766], "texture": "#6"},
				"down": {"uv": [0.375, 0.75, 0.391, 0.766], "texture": "#6"}
			}
		},
		{
			"from": [10.51789, 10.61532, 1.4099],
			"to": [10.7824, 10.88426, 2.52276],
			"rotation": {"angle": 0, "axis": "y", "origin": [10.50597, 9.58494, 6.44017]},
			"faces": {
				"north": {"uv": [0.375, 0.75, 0.391, 0.766], "texture": "#6"},
				"east": {"uv": [0.375, 0.75, 0.391, 0.766], "texture": "#6"},
				"south": {"uv": [0.375, 0.75, 0.391, 0.766], "texture": "#6"},
				"west": {"uv": [0.375, 0.75, 0.391, 0.766], "texture": "#6"},
				"up": {"uv": [0.375, 0.75, 0.391, 0.766], "texture": "#6"},
				"down": {"uv": [0.375, 0.75, 0.391, 0.766], "texture": "#6"}
			}
		},
		{
			"from": [9.88297, 10.61532, -0.36788],
			"to": [10.7824, 11.51918, 1.76085],
			"rotation": {"angle": 0, "axis": "y", "origin": [9.87105, 10.21986, 6.44017]},
			"faces": {
				"north": {"uv": [0.375, 0.75, 0.391, 0.766], "texture": "#6"},
				"east": {"uv": [0.375, 0.75, 0.391, 0.766], "texture": "#6"},
				"south": {"uv": [0.375, 0.75, 0.391, 0.766], "texture": "#6"},
				"west": {"uv": [0.375, 0.75, 0.391, 0.766], "texture": "#6"},
				"up": {"uv": [0.375, 0.75, 0.391, 0.766], "texture": "#6"},
				"down": {"uv": [0.375, 0.75, 0.391, 0.766], "texture": "#6"}
			}
		},
		{
			"from": [9.88297, 10.61532, 4.13906],
			"to": [10.7824, 11.51918, 4.17553],
			"rotation": {"angle": 0, "axis": "y", "origin": [9.87105, 10.21986, 8.85286]},
			"faces": {
				"north": {"uv": [0.375, 0.75, 0.391, 0.766], "texture": "#6"},
				"east": {"uv": [0.375, 0.75, 0.391, 0.766], "texture": "#6"},
				"south": {"uv": [0.375, 0.75, 0.391, 0.766], "texture": "#6"},
				"west": {"uv": [0.375, 0.75, 0.391, 0.766], "texture": "#6"},
				"up": {"uv": [0.375, 0.75, 0.391, 0.766], "texture": "#6"},
				"down": {"uv": [0.375, 0.75, 0.391, 0.766], "texture": "#6"}
			}
		},
		{
			"from": [9.88297, 10.61532, 2.40176],
			"to": [10.7824, 11.51918, 2.70666],
			"rotation": {"angle": 0, "axis": "y", "origin": [9.87105, 10.21986, 7.38399]},
			"faces": {
				"north": {"uv": [0.375, 0.75, 0.391, 0.766], "texture": "#6"},
				"east": {"uv": [0.375, 0.75, 0.391, 0.766], "texture": "#6"},
				"south": {"uv": [0.375, 0.75, 0.391, 0.766], "texture": "#6"},
				"west": {"uv": [0.375, 0.75, 0.391, 0.766], "texture": "#6"},
				"up": {"uv": [0.375, 0.75, 0.391, 0.766], "texture": "#6"},
				"down": {"uv": [0.375, 0.75, 0.391, 0.766], "texture": "#6"}
			}
		},
		{
			"from": [9.88297, 10.61532, 4.27749],
			"to": [10.7824, 11.51918, 4.31396],
			"rotation": {"angle": 0, "axis": "y", "origin": [9.87105, 10.21986, 8.99129]},
			"faces": {
				"north": {"uv": [0.375, 0.75, 0.391, 0.766], "texture": "#6"},
				"east": {"uv": [0.375, 0.75, 0.391, 0.766], "texture": "#6"},
				"south": {"uv": [0.375, 0.75, 0.391, 0.766], "texture": "#6"},
				"west": {"uv": [0.375, 0.75, 0.391, 0.766], "texture": "#6"},
				"up": {"uv": [0.375, 0.75, 0.391, 0.766], "texture": "#6"},
				"down": {"uv": [0.375, 0.75, 0.391, 0.766], "texture": "#6"}
			}
		},
		{
			"from": [9.94547, 10.67782, 4.07656],
			"to": [10.7199, 11.45668, 4.30053],
			"rotation": {"angle": 0, "axis": "y", "origin": [9.87105, 10.21986, 8.85286]},
			"faces": {
				"north": {"uv": [0.375, 0.75, 0.391, 0.766], "texture": "#6"},
				"east": {"uv": [0.375, 0.75, 0.391, 0.766], "texture": "#6"},
				"south": {"uv": [0.375, 0.75, 0.391, 0.766], "texture": "#6"},
				"west": {"uv": [0.375, 0.75, 0.391, 0.766], "texture": "#6"},
				"up": {"uv": [0.375, 0.75, 0.391, 0.766], "texture": "#6"},
				"down": {"uv": [0.375, 0.75, 0.391, 0.766], "texture": "#6"}
			}
		},
		{
			"from": [9.94547, 10.67782, 2.55275],
			"to": [10.7199, 11.45668, 2.77672],
			"rotation": {"angle": 0, "axis": "y", "origin": [9.87105, 10.21986, 7.32905]},
			"faces": {
				"north": {"uv": [0.375, 0.75, 0.391, 0.766], "texture": "#6"},
				"east": {"uv": [0.375, 0.75, 0.391, 0.766], "texture": "#6"},
				"south": {"uv": [0.375, 0.75, 0.391, 0.766], "texture": "#6"},
				"west": {"uv": [0.375, 0.75, 0.391, 0.766], "texture": "#6"},
				"up": {"uv": [0.375, 0.75, 0.391, 0.766], "texture": "#6"},
				"down": {"uv": [0.375, 0.75, 0.391, 0.766], "texture": "#6"}
			}
		},
		{
			"from": [9.94547, 10.74032, 3.8226],
			"to": [10.7199, 11.39418, 4.30053],
			"rotation": {"angle": 0, "axis": "y", "origin": [9.87105, 10.21986, 8.85286]},
			"faces": {
				"north": {"uv": [0.375, 0.75, 0.391, 0.766], "texture": "#6"},
				"east": {"uv": [0.375, 0.75, 0.391, 0.766], "texture": "#6"},
				"south": {"uv": [0.375, 0.75, 0.391, 0.766], "texture": "#6"},
				"west": {"uv": [0.375, 0.75, 0.391, 0.766], "texture": "#6"},
				"up": {"uv": [0.375, 0.75, 0.391, 0.766], "texture": "#6"},
				"down": {"uv": [0.375, 0.75, 0.391, 0.766], "texture": "#6"}
			}
		},
		{
			"from": [9.94547, 10.74032, 2.55275],
			"to": [10.7199, 11.39418, 3.03069],
			"rotation": {"angle": 0, "axis": "y", "origin": [9.87105, 10.21986, 7.58302]},
			"faces": {
				"north": {"uv": [0.375, 0.75, 0.391, 0.766], "texture": "#6"},
				"east": {"uv": [0.375, 0.75, 0.391, 0.766], "texture": "#6"},
				"south": {"uv": [0.375, 0.75, 0.391, 0.766], "texture": "#6"},
				"west": {"uv": [0.375, 0.75, 0.391, 0.766], "texture": "#6"},
				"up": {"uv": [0.375, 0.75, 0.391, 0.766], "texture": "#6"},
				"down": {"uv": [0.375, 0.75, 0.391, 0.766], "texture": "#6"}
			}
		},
		{
			"from": [9.94547, 10.80282, 2.55275],
			"to": [10.7199, 11.33168, 4.03069],
			"rotation": {"angle": 0, "axis": "y", "origin": [9.87105, 10.21986, 7.58302]},
			"faces": {
				"north": {"uv": [0.375, 0.75, 0.391, 0.766], "texture": "#6"},
				"east": {"uv": [0.375, 0.75, 0.391, 0.766], "texture": "#6"},
				"south": {"uv": [0.375, 0.75, 0.391, 0.766], "texture": "#6"},
				"west": {"uv": [0.375, 0.75, 0.391, 0.766], "texture": "#6"},
				"up": {"uv": [0.375, 0.75, 0.391, 0.766], "texture": "#6"},
				"down": {"uv": [0.375, 0.75, 0.391, 0.766], "texture": "#6"}
			}
		},
		{
			"from": [9.94547, 10.74032, 2.8851],
			"to": [10.6574, 11.39418, 4.30053],
			"rotation": {"angle": 0, "axis": "y", "origin": [9.87105, 10.21986, 8.85286]},
			"faces": {
				"north": {"uv": [0.375, 0.75, 0.391, 0.766], "texture": "#6"},
				"east": {"uv": [0.375, 0.75, 0.391, 0.766], "texture": "#6"},
				"south": {"uv": [0.375, 0.75, 0.391, 0.766], "texture": "#6"},
				"west": {"uv": [0.375, 0.75, 0.391, 0.766], "texture": "#6"},
				"up": {"uv": [0.375, 0.75, 0.391, 0.766], "texture": "#6"},
				"down": {"uv": [0.375, 0.75, 0.391, 0.766], "texture": "#6"}
			}
		},
		{
			"from": [10.07047, 10.67782, 2.8851],
			"to": [10.5949, 11.45668, 4.30053],
			"rotation": {"angle": 0, "axis": "y", "origin": [9.87105, 10.21986, 8.85286]},
			"faces": {
				"north": {"uv": [0.375, 0.75, 0.391, 0.766], "texture": "#6"},
				"east": {"uv": [0.375, 0.75, 0.391, 0.766], "texture": "#6"},
				"south": {"uv": [0.375, 0.75, 0.391, 0.766], "texture": "#6"},
				"west": {"uv": [0.375, 0.75, 0.391, 0.766], "texture": "#6"},
				"up": {"uv": [0.375, 0.75, 0.391, 0.766], "texture": "#6"},
				"down": {"uv": [0.375, 0.75, 0.391, 0.766], "texture": "#6"}
			}
		},
		{
			"from": [10.00797, 10.67782, 3.8226],
			"to": [10.6574, 11.45668, 4.30053],
			"rotation": {"angle": 0, "axis": "y", "origin": [9.87105, 10.21986, 8.85286]},
			"faces": {
				"north": {"uv": [0.375, 0.75, 0.391, 0.766], "texture": "#6"},
				"east": {"uv": [0.375, 0.75, 0.391, 0.766], "texture": "#6"},
				"south": {"uv": [0.375, 0.75, 0.391, 0.766], "texture": "#6"},
				"west": {"uv": [0.375, 0.75, 0.391, 0.766], "texture": "#6"},
				"up": {"uv": [0.375, 0.75, 0.391, 0.766], "texture": "#6"},
				"down": {"uv": [0.375, 0.75, 0.391, 0.766], "texture": "#6"}
			}
		},
		{
			"from": [10.00797, 10.67782, 2.55275],
			"to": [10.6574, 11.45668, 3.03069],
			"rotation": {"angle": 0, "axis": "y", "origin": [9.87105, 10.21986, 7.58302]},
			"faces": {
				"north": {"uv": [0.375, 0.75, 0.391, 0.766], "texture": "#6"},
				"east": {"uv": [0.375, 0.75, 0.391, 0.766], "texture": "#6"},
				"south": {"uv": [0.375, 0.75, 0.391, 0.766], "texture": "#6"},
				"west": {"uv": [0.375, 0.75, 0.391, 0.766], "texture": "#6"},
				"up": {"uv": [0.375, 0.75, 0.391, 0.766], "texture": "#6"},
				"down": {"uv": [0.375, 0.75, 0.391, 0.766], "texture": "#6"}
			}
		},
		{
			"from": [9.94547, 10.67782, 11.06069],
			"to": [10.7199, 11.45668, 13.31641],
			"rotation": {"angle": 0, "axis": "y", "origin": [9.87105, 10.21986, 17.86874]},
			"faces": {
				"north": {"uv": [0.375, 0.75, 0.391, 0.766], "texture": "#6"},
				"east": {"uv": [0.375, 0.75, 0.391, 0.766], "texture": "#6"},
				"south": {"uv": [0.375, 0.75, 0.391, 0.766], "texture": "#6"},
				"west": {"uv": [0.375, 0.75, 0.391, 0.766], "texture": "#6"},
				"up": {"uv": [0.375, 0.75, 0.391, 0.766], "texture": "#6"},
				"down": {"uv": [0.375, 0.75, 0.391, 0.766], "texture": "#6"}
			}
		},
		{
			"from": [9.75797, 10.49032, -0.55538],
			"to": [10.9074, 11.64418, 0.38783],
			"rotation": {"angle": 0, "axis": "y", "origin": [9.87105, 10.21986, 6.44017]},
			"faces": {
				"north": {"uv": [4.75, 1.5, 4.766, 1.516], "texture": "#6"},
				"east": {"uv": [4.75, 1.5, 4.766, 1.516], "texture": "#6"},
				"south": {"uv": [4.75, 1.5, 4.766, 1.516], "texture": "#6"},
				"west": {"uv": [4.75, 1.5, 4.766, 1.516], "texture": "#6"},
				"up": {"uv": [4.75, 1.5, 4.766, 1.516], "texture": "#6"},
				"down": {"uv": [4.75, 1.5, 4.766, 1.516], "texture": "#6"}
			}
		},
		{
			"from": [9.82047, 10.55282, -0.55538],
			"to": [10.8449, 11.58168, 0.63783],
			"rotation": {"angle": 0, "axis": "y", "origin": [9.87105, 10.21986, 6.44017]},
			"faces": {
				"north": {"uv": [2.625, 0.375, 2.641, 0.391], "texture": "#6"},
				"east": {"uv": [2.625, 0.375, 2.641, 0.391], "texture": "#6"},
				"south": {"uv": [2.625, 0.375, 2.641, 0.391], "texture": "#6"},
				"west": {"uv": [2.625, 0.375, 2.641, 0.391], "texture": "#6"},
				"up": {"uv": [2.625, 0.375, 2.641, 0.391], "texture": "#6"},
				"down": {"uv": [2.625, 0.375, 2.641, 0.391], "texture": "#6"}
			}
		},
		{
			"from": [10.58237, 10.55282, 1.47637],
			"to": [10.8449, 10.81978, 2.66958],
			"rotation": {"angle": 0, "axis": "y", "origin": [9.87105, 10.21986, 8.47191]},
			"faces": {
				"north": {"uv": [2.625, 0.375, 2.641, 0.391], "texture": "#6"},
				"east": {"uv": [2.625, 0.375, 2.641, 0.391], "texture": "#6"},
				"south": {"uv": [2.625, 0.375, 2.641, 0.391], "texture": "#6"},
				"west": {"uv": [2.625, 0.375, 2.641, 0.391], "texture": "#6"},
				"up": {"uv": [2.625, 0.375, 2.641, 0.391], "texture": "#6"},
				"down": {"uv": [2.625, 0.375, 2.641, 0.391], "texture": "#6"}
			}
		},
		{
			"from": [9.82047, 10.55282, 1.47637],
			"to": [10.083, 10.81978, 2.66958],
			"rotation": {"angle": 0, "axis": "y", "origin": [9.10915, 10.21986, 8.47191]},
			"faces": {
				"north": {"uv": [2.625, 0.375, 2.641, 0.391], "texture": "#6"},
				"east": {"uv": [2.625, 0.375, 2.641, 0.391], "texture": "#6"},
				"south": {"uv": [2.625, 0.375, 2.641, 0.391], "texture": "#6"},
				"west": {"uv": [2.625, 0.375, 2.641, 0.391], "texture": "#6"},
				"up": {"uv": [2.625, 0.375, 2.641, 0.391], "texture": "#6"},
				"down": {"uv": [2.625, 0.375, 2.641, 0.391], "texture": "#6"}
			}
		},
		{
			"from": [10.70936, 11.44171, 0.33351],
			"to": [10.8449, 11.58168, 2.66958],
			"rotation": {"angle": 0, "axis": "y", "origin": [9.87105, 10.21986, 8.47191]},
			"faces": {
				"north": {"uv": [2.625, 0.375, 2.641, 0.391], "texture": "#6"},
				"east": {"uv": [2.625, 0.375, 2.641, 0.391], "texture": "#6"},
				"south": {"uv": [2.625, 0.375, 2.641, 0.391], "texture": "#6"},
				"west": {"uv": [2.625, 0.375, 2.641, 0.391], "texture": "#6"},
				"up": {"uv": [2.625, 0.375, 2.641, 0.391], "texture": "#6"},
				"down": {"uv": [2.625, 0.375, 2.641, 0.391], "texture": "#6"}
			}
		},
		{
			"from": [10.70936, 10.55282, 0.33351],
			"to": [10.8449, 10.6928, 2.66958],
			"rotation": {"angle": 0, "axis": "y", "origin": [9.87105, 9.33097, 8.47191]},
			"faces": {
				"north": {"uv": [2.625, 0.375, 2.641, 0.391], "texture": "#6"},
				"east": {"uv": [2.625, 0.375, 2.641, 0.391], "texture": "#6"},
				"south": {"uv": [2.625, 0.375, 2.641, 0.391], "texture": "#6"},
				"west": {"uv": [2.625, 0.375, 2.641, 0.391], "texture": "#6"},
				"up": {"uv": [2.625, 0.375, 2.641, 0.391], "texture": "#6"},
				"down": {"uv": [2.625, 0.375, 2.641, 0.391], "texture": "#6"}
			}
		},
		{
			"from": [10.58237, 11.31473, 1.47637],
			"to": [10.8449, 11.58168, 2.66958],
			"rotation": {"angle": 0, "axis": "y", "origin": [9.87105, 10.21986, 8.47191]},
			"faces": {
				"north": {"uv": [2.625, 0.375, 2.641, 0.391], "texture": "#6"},
				"east": {"uv": [2.625, 0.375, 2.641, 0.391], "texture": "#6"},
				"south": {"uv": [2.625, 0.375, 2.641, 0.391], "texture": "#6"},
				"west": {"uv": [2.625, 0.375, 2.641, 0.391], "texture": "#6"},
				"up": {"uv": [2.625, 0.375, 2.641, 0.391], "texture": "#6"},
				"down": {"uv": [2.625, 0.375, 2.641, 0.391], "texture": "#6"}
			}
		},
		{
			"from": [9.82047, 10.55282, 2.49224],
			"to": [10.8449, 11.58168, 2.60708],
			"rotation": {"angle": 0, "axis": "y", "origin": [9.10915, 10.21986, 8.47191]},
			"faces": {
				"north": {"uv": [2.625, 0.375, 2.641, 0.391], "texture": "#6"},
				"east": {"uv": [2.625, 0.375, 2.641, 0.391], "texture": "#6"},
				"south": {"uv": [2.625, 0.375, 2.641, 0.391], "texture": "#6"},
				"west": {"uv": [2.625, 0.375, 2.641, 0.391], "texture": "#6"},
				"up": {"uv": [2.625, 0.375, 2.641, 0.391], "texture": "#6"},
				"down": {"uv": [2.625, 0.375, 2.641, 0.391], "texture": "#6"}
			}
		},
		{
			"from": [9.82047, 10.55282, 1.55474],
			"to": [10.8449, 11.58168, 1.66958],
			"rotation": {"angle": 0, "axis": "y", "origin": [9.10915, 10.21986, 7.53441]},
			"faces": {
				"north": {"uv": [2.625, 0.375, 2.641, 0.391], "texture": "#6"},
				"east": {"uv": [2.625, 0.375, 2.641, 0.391], "texture": "#6"},
				"south": {"uv": [2.625, 0.375, 2.641, 0.391], "texture": "#6"},
				"west": {"uv": [2.625, 0.375, 2.641, 0.391], "texture": "#6"},
				"up": {"uv": [2.625, 0.375, 2.641, 0.391], "texture": "#6"},
				"down": {"uv": [2.625, 0.375, 2.641, 0.391], "texture": "#6"}
			}
		},
		{
			"from": [9.82047, 11.44171, 0.58748],
			"to": [9.95602, 11.58168, 2.66958],
			"rotation": {"angle": 0, "axis": "y", "origin": [9.10915, 10.21986, 8.47191]},
			"faces": {
				"north": {"uv": [2.625, 0.375, 2.641, 0.391], "texture": "#6"},
				"east": {"uv": [2.625, 0.375, 2.641, 0.391], "texture": "#6"},
				"south": {"uv": [2.625, 0.375, 2.641, 0.391], "texture": "#6"},
				"west": {"uv": [2.625, 0.375, 2.641, 0.391], "texture": "#6"},
				"up": {"uv": [2.625, 0.375, 2.641, 0.391], "texture": "#6"},
				"down": {"uv": [2.625, 0.375, 2.641, 0.391], "texture": "#6"}
			}
		},
		{
			"from": [9.82047, 10.55282, 0.58748],
			"to": [9.95602, 10.6928, 2.66958],
			"rotation": {"angle": 0, "axis": "y", "origin": [9.10915, 9.33097, 8.47191]},
			"faces": {
				"north": {"uv": [2.625, 0.375, 2.641, 0.391], "texture": "#6"},
				"east": {"uv": [2.625, 0.375, 2.641, 0.391], "texture": "#6"},
				"south": {"uv": [2.625, 0.375, 2.641, 0.391], "texture": "#6"},
				"west": {"uv": [2.625, 0.375, 2.641, 0.391], "texture": "#6"},
				"up": {"uv": [2.625, 0.375, 2.641, 0.391], "texture": "#6"},
				"down": {"uv": [2.625, 0.375, 2.641, 0.391], "texture": "#6"}
			}
		},
		{
			"from": [9.82047, 11.31473, 1.47637],
			"to": [10.083, 11.58168, 2.66958],
			"rotation": {"angle": 0, "axis": "y", "origin": [9.10915, 10.21986, 8.47191]},
			"faces": {
				"north": {"uv": [2.625, 0.375, 2.641, 0.391], "texture": "#6"},
				"east": {"uv": [2.625, 0.375, 2.641, 0.391], "texture": "#6"},
				"south": {"uv": [2.625, 0.375, 2.641, 0.391], "texture": "#6"},
				"west": {"uv": [2.625, 0.375, 2.641, 0.391], "texture": "#6"},
				"up": {"uv": [2.625, 0.375, 2.641, 0.391], "texture": "#6"},
				"down": {"uv": [2.625, 0.375, 2.641, 0.391], "texture": "#6"}
			}
		},
		{
			"from": [9.82047, 10.55282, 11.76208],
			"to": [10.8449, 11.58168, 12.95529],
			"rotation": {"angle": 0, "axis": "y", "origin": [9.87105, 10.21986, 18.75763]},
			"faces": {
				"north": {"uv": [2.625, 0.375, 2.641, 0.391], "texture": "#6"},
				"east": {"uv": [2.625, 0.375, 2.641, 0.391], "texture": "#6"},
				"south": {"uv": [2.625, 0.375, 2.641, 0.391], "texture": "#6"},
				"west": {"uv": [2.625, 0.375, 2.641, 0.391], "texture": "#6"},
				"up": {"uv": [2.625, 0.375, 2.641, 0.391], "texture": "#6"},
				"down": {"uv": [2.625, 0.375, 2.641, 0.391], "texture": "#6"}
			}
		},
		{
			"from": [9.69547, 10.42782, 12.27002],
			"to": [10.9699, 11.70668, 13.08228],
			"rotation": {"angle": 0, "axis": "y", "origin": [9.87105, 10.21986, 19.51953]},
			"faces": {
				"north": {"uv": [4.5, 1.5, 4.516, 1.516], "texture": "#6"},
				"east": {"uv": [4.5, 1.5, 4.516, 1.516], "texture": "#6"},
				"south": {"uv": [4.5, 1.5, 4.516, 1.516], "texture": "#6"},
				"west": {"uv": [4.5, 1.5, 4.516, 1.516], "texture": "#6"},
				"up": {"uv": [4.5, 1.5, 4.516, 1.516], "texture": "#6"},
				"down": {"uv": [4.5, 1.5, 4.516, 1.516], "texture": "#6"}
			}
		},
		{
			"from": [10.07443, 10.80679, 2.49224],
			"to": [10.59094, 11.32772, 11.81244],
			"rotation": {"angle": 0, "axis": "y", "origin": [9.87105, 10.21986, 6.44017]},
			"faces": {
				"north": {"uv": [5.625, 0.375, 5.641, 0.391], "texture": "#4"},
				"east": {"uv": [5.625, 0.375, 5.641, 0.391], "texture": "#4"},
				"south": {"uv": [5.625, 0.375, 5.641, 0.391], "texture": "#4"},
				"west": {"uv": [5.625, 0.375, 5.641, 0.391], "texture": "#4"},
				"up": {"uv": [5.625, 0.375, 5.641, 0.391], "texture": "#4"},
				"down": {"uv": [5.625, 0.375, 5.641, 0.391], "texture": "#4"}
			}
		},
		{
			"from": [10.93783, 9.13852, -1.00057],
			"to": [11.62559, 11.95653, -0.31784],
			"rotation": {"angle": 0, "axis": "x", "origin": [10.41454, 9.80592, -0.02924]},
			"faces": {
				"north": {"uv": [0, 0, 16, 16], "rotation": 180, "texture": "#1_10"},
				"east": {"uv": [0, 8, 16, 16], "rotation": 90, "texture": "#1_10"},
				"south": {"uv": [0, 0, 16, 16], "texture": "#1_10"},
				"west": {"uv": [0, 0, 16, 9], "rotation": 270, "texture": "#1_10"},
				"up": {"uv": [0, 0, 16, 16], "texture": "#1_10"},
				"down": {"uv": [0, 10, 5, 15], "rotation": 180, "texture": "#1_10"}
			}
		},
		{
			"from": [9.87625, 9.13852, -0.61454],
			"to": [10.93783, 11.86002, -0.07732],
			"rotation": {"angle": 0, "axis": "x", "origin": [10.41454, 9.80592, -0.02924]},
			"faces": {
				"north": {"uv": [0, 0, 16, 16], "rotation": 180, "texture": "#1_10"},
				"east": {"uv": [0, 0, 16, 8], "rotation": 90, "texture": "#1_10"},
				"south": {"uv": [0, 0, 16, 16], "texture": "#1_10"},
				"west": {"uv": [0, 0, 16, 9], "rotation": 270, "texture": "#1_10"},
				"up": {"uv": [0, 0, 16, 16], "texture": "#1_10"},
				"down": {"uv": [5, 12, 10, 16], "rotation": 180, "texture": "#1_10"}
			}
		},
		{
			"from": [9.82875, 9.23502, -0.51803],
			"to": [11.00908, 11.86002, -0.07732],
			"rotation": {"angle": 0, "axis": "x", "origin": [10.41454, 9.80592, -0.02924]},
			"faces": {
				"north": {"uv": [0, 0, 16, 16], "rotation": 180, "texture": "#1_10"},
				"east": {"uv": [0, 0, 16, 8], "rotation": 90, "texture": "#1_10"},
				"south": {"uv": [0, 0, 16, 16], "texture": "#1_10"},
				"west": {"uv": [0, 0, 16, 9], "rotation": 270, "texture": "#1_10"},
				"up": {"uv": [0, 0, 16, 16], "texture": "#1_10"},
				"down": {"uv": [5, 12, 10, 16], "rotation": 180, "texture": "#1_10"}
			}
		},
		{
			"from": [9.87625, 9.42804, -1.19358],
			"to": [10.93783, 11.66701, -0.12482],
			"rotation": {"angle": 0, "axis": "x", "origin": [10.41454, 9.80592, -0.02924]},
			"faces": {
				"north": {"uv": [6, 6, 9, 7], "rotation": 180, "texture": "#1_12"},
				"east": {"uv": [6, 6, 9, 7], "rotation": 90, "texture": "#1_12"},
				"south": {"uv": [6, 6, 9, 7], "texture": "#1_12"},
				"west": {"uv": [6, 6, 9, 7], "rotation": 270, "texture": "#1_12"},
				"up": {"uv": [6, 6, 9, 7], "texture": "#1_12"},
				"down": {"uv": [6, 6, 9, 7], "rotation": 180, "texture": "#1_12"}
			}
		},
		{
			"from": [9.20069, 9.13852, -1.00057],
			"to": [9.88845, 11.95653, -0.31784],
			"rotation": {"angle": 0, "axis": "x", "origin": [10.41454, 9.80592, -0.02924]},
			"faces": {
				"north": {"uv": [0, 0, 16, 16], "rotation": 180, "texture": "#1_10"},
				"east": {"uv": [0, 0, 16, 8], "rotation": 90, "texture": "#1_10"},
				"south": {"uv": [0, 0, 16, 16], "texture": "#1_10"},
				"west": {"uv": [0, 7, 16, 16], "rotation": 270, "texture": "#1_10"},
				"up": {"uv": [0, 0, 16, 16], "texture": "#1_10"},
				"down": {"uv": [11, 10, 16, 15], "rotation": 180, "texture": "#1_10"}
			}
		},
		{
			"from": [9.20069, 9.13852, -2.11682],
			"to": [11.62559, 12.53558, -0.99339],
			"rotation": {"angle": 0, "axis": "x", "origin": [10.41454, 9.80592, -0.02924]},
			"faces": {
				"north": {"uv": [0, 0, 16, 16], "rotation": 180, "texture": "#1_10"},
				"east": {"uv": [0, 0, 16, 8], "rotation": 90, "texture": "#1_10"},
				"south": {"uv": [0, 0, 16, 16], "texture": "#1_10"},
				"west": {"uv": [0, 0, 16, 9], "rotation": 270, "texture": "#1_10"},
				"up": {"uv": [0, 0, 16, 6], "texture": "#1_10"},
				"down": {"uv": [0, 0, 16, 5], "rotation": 180, "texture": "#1_10"}
			}
		},
		{
			"from": [9.2972, 9.81539, -1.00057],
			"to": [11.52908, 12.53558, -0.12651],
			"rotation": {"angle": 0, "axis": "x", "origin": [10.41454, 9.80592, -0.02924]},
			"faces": {
				"north": {"uv": [0, 0, 16, 16], "rotation": 180, "texture": "#1_10"},
				"east": {"uv": [0, 8, 16, 16], "rotation": 90, "texture": "#1_10"},
				"south": {"uv": [0, 0, 16, 16], "texture": "#1_10"},
				"west": {"uv": [0, 7, 16, 16], "rotation": 270, "texture": "#1_10"},
				"up": {"uv": [0, 7, 16, 16], "texture": "#1_10"},
				"down": {"uv": [0, 0, 16, 5], "rotation": 180, "texture": "#1_10"}
			}
		},
		{
			"from": [9.77974, 10.00709, -2.30983],
			"to": [11.04654, 11.95653, -2.02031],
			"rotation": {"angle": 0, "axis": "x", "origin": [10.41454, 9.80592, -0.02924]},
			"faces": {
				"north": {"uv": [4, 4, 11, 13], "rotation": 180, "texture": "#1_10"},
				"east": {"uv": [4, 4, 11, 13], "rotation": 90, "texture": "#1_10"},
				"south": {"uv": [4, 4, 11, 13], "texture": "#1_10"},
				"west": {"uv": [4, 4, 11, 13], "rotation": 270, "texture": "#1_10"},
				"up": {"uv": [4, 4, 11, 13], "texture": "#1_10"},
				"down": {"uv": [4, 4, 11, 13], "rotation": 180, "texture": "#1_10"}
			}
		},
		{
			"from": [9.77974, 9.13852, 0.45423],
			"to": [11.04654, 10.3159, 1.03328],
			"rotation": {"angle": 0, "axis": "x", "origin": [10.41454, 9.80592, -0.02924]},
			"faces": {
				"north": {"uv": [5, 7, 11, 12], "rotation": 180, "texture": "#1_10"},
				"east": {"uv": [5, 7, 11, 12], "rotation": 90, "texture": "#1_10"},
				"south": {"uv": [5, 7, 11, 12], "texture": "#1_10"},
				"west": {"uv": [5, 7, 11, 12], "rotation": 270, "texture": "#1_10"},
				"up": {"uv": [5, 7, 11, 12], "texture": "#1_10"},
				"down": {"uv": [4, 11, 10, 16], "rotation": 180, "texture": "#1_10"}
			}
		},
		{
			"from": [10.86658, 9.25727, 0.20485],
			"to": [10.97529, 9.37306, 0.7839],
			"rotation": {"angle": 0, "axis": "x", "origin": [10.41454, 9.80592, -0.02924]},
			"faces": {
				"north": {"uv": [5, 7, 11, 12], "rotation": 180, "texture": "#1_10"},
				"east": {"uv": [5, 7, 11, 12], "rotation": 90, "texture": "#1_10"},
				"south": {"uv": [5, 7, 11, 12], "texture": "#1_10"},
				"west": {"uv": [5, 7, 11, 12], "rotation": 270, "texture": "#1_10"},
				"up": {"uv": [5, 7, 11, 12], "texture": "#1_10"},
				"down": {"uv": [4, 11, 10, 16], "rotation": 180, "texture": "#1_10"}
			}
		},
		{
			"from": [10.91408, 9.45028, 0.20485],
			"to": [11.02279, 9.56608, 0.7839],
			"rotation": {"angle": 0, "axis": "x", "origin": [10.41454, 9.80592, -0.02924]},
			"faces": {
				"north": {"uv": [5, 7, 11, 12], "rotation": 180, "texture": "#1_10"},
				"east": {"uv": [5, 7, 11, 12], "rotation": 90, "texture": "#1_10"},
				"south": {"uv": [5, 7, 11, 12], "texture": "#1_10"},
				"west": {"uv": [5, 7, 11, 12], "rotation": 270, "texture": "#1_10"},
				"up": {"uv": [5, 7, 11, 12], "texture": "#1_10"},
				"down": {"uv": [4, 11, 10, 16], "rotation": 180, "texture": "#1_10"}
			}
		},
		{
			"from": [10.91408, 9.6433, 0.20485],
			"to": [11.02279, 9.75909, 0.7839],
			"rotation": {"angle": 0, "axis": "x", "origin": [10.41454, 9.80592, -0.02924]},
			"faces": {
				"north": {"uv": [5, 7, 11, 12], "rotation": 180, "texture": "#1_10"},
				"east": {"uv": [5, 7, 11, 12], "rotation": 90, "texture": "#1_10"},
				"south": {"uv": [5, 7, 11, 12], "texture": "#1_10"},
				"west": {"uv": [5, 7, 11, 12], "rotation": 270, "texture": "#1_10"},
				"up": {"uv": [5, 7, 11, 12], "texture": "#1_10"},
				"down": {"uv": [4, 11, 10, 16], "rotation": 180, "texture": "#1_10"}
			}
		},
		{
			"from": [10.86658, 9.25727, -0.37419],
			"to": [10.97529, 9.37306, 0.10835],
			"rotation": {"angle": 0, "axis": "x", "origin": [10.41454, 9.80592, -0.02924]},
			"faces": {
				"north": {"uv": [5, 7, 11, 12], "rotation": 180, "texture": "#1_10"},
				"east": {"uv": [5, 7, 11, 12], "rotation": 90, "texture": "#1_10"},
				"south": {"uv": [5, 7, 11, 12], "texture": "#1_10"},
				"west": {"uv": [5, 7, 11, 12], "rotation": 270, "texture": "#1_10"},
				"up": {"uv": [5, 7, 11, 12], "texture": "#1_10"},
				"down": {"uv": [4, 11, 10, 16], "rotation": 180, "texture": "#1_10"}
			}
		},
		{
			"from": [10.91408, 9.45028, -0.37419],
			"to": [11.02279, 9.56608, 0.10835],
			"rotation": {"angle": 0, "axis": "x", "origin": [10.41454, 9.80592, -0.02924]},
			"faces": {
				"north": {"uv": [5, 7, 11, 12], "rotation": 180, "texture": "#1_10"},
				"east": {"uv": [5, 7, 11, 12], "rotation": 90, "texture": "#1_10"},
				"south": {"uv": [5, 7, 11, 12], "texture": "#1_10"},
				"west": {"uv": [5, 7, 11, 12], "rotation": 270, "texture": "#1_10"},
				"up": {"uv": [5, 7, 11, 12], "texture": "#1_10"},
				"down": {"uv": [4, 11, 10, 16], "rotation": 180, "texture": "#1_10"}
			}
		},
		{
			"from": [10.91408, 9.6433, -0.37419],
			"to": [11.02279, 9.75909, 0.10835],
			"rotation": {"angle": 0, "axis": "x", "origin": [10.41454, 9.80592, -0.02924]},
			"faces": {
				"north": {"uv": [5, 7, 11, 12], "rotation": 180, "texture": "#1_10"},
				"east": {"uv": [5, 7, 11, 12], "rotation": 90, "texture": "#1_10"},
				"south": {"uv": [5, 7, 11, 12], "texture": "#1_10"},
				"west": {"uv": [5, 7, 11, 12], "rotation": 270, "texture": "#1_10"},
				"up": {"uv": [5, 7, 11, 12], "texture": "#1_10"},
				"down": {"uv": [4, 11, 10, 16], "rotation": 180, "texture": "#1_10"}
			}
		},
		{
			"from": [10.28754, 9.16227, 0.20485],
			"to": [10.39624, 9.24715, 0.7839],
			"rotation": {"angle": 0, "axis": "x", "origin": [10.41454, 9.80592, -0.02924]},
			"faces": {
				"north": {"uv": [5, 7, 11, 12], "rotation": 180, "texture": "#1_10"},
				"east": {"uv": [5, 7, 11, 12], "rotation": 90, "texture": "#1_10"},
				"south": {"uv": [5, 7, 11, 12], "texture": "#1_10"},
				"west": {"uv": [5, 7, 11, 12], "rotation": 270, "texture": "#1_10"},
				"up": {"uv": [5, 7, 11, 12], "texture": "#1_10"},
				"down": {"uv": [4, 11, 10, 16], "rotation": 180, "texture": "#1_10"}
			}
		},
		{
			"from": [10.28754, 9.16227, -0.37419],
			"to": [10.39624, 9.24715, 0.10835],
			"rotation": {"angle": 0, "axis": "x", "origin": [10.41454, 9.80592, -0.02924]},
			"faces": {
				"north": {"uv": [5, 7, 11, 12], "rotation": 180, "texture": "#1_10"},
				"east": {"uv": [5, 7, 11, 12], "rotation": 90, "texture": "#1_10"},
				"south": {"uv": [5, 7, 11, 12], "texture": "#1_10"},
				"west": {"uv": [5, 7, 11, 12], "rotation": 270, "texture": "#1_10"},
				"up": {"uv": [5, 7, 11, 12], "texture": "#1_10"},
				"down": {"uv": [4, 11, 10, 16], "rotation": 180, "texture": "#1_10"}
			}
		},
		{
			"from": [10.58158, 9.20977, 0.20485],
			"to": [10.69029, 9.29465, 0.7839],
			"rotation": {"angle": 0, "axis": "x", "origin": [10.41454, 9.80592, -0.02924]},
			"faces": {
				"north": {"uv": [5, 7, 11, 12], "rotation": 180, "texture": "#1_10"},
				"east": {"uv": [5, 7, 11, 12], "rotation": 90, "texture": "#1_10"},
				"south": {"uv": [5, 7, 11, 12], "texture": "#1_10"},
				"west": {"uv": [5, 7, 11, 12], "rotation": 270, "texture": "#1_10"},
				"up": {"uv": [5, 7, 11, 12], "texture": "#1_10"},
				"down": {"uv": [4, 11, 10, 16], "rotation": 180, "texture": "#1_10"}
			}
		},
		{
			"from": [10.58158, 9.20977, -0.37419],
			"to": [10.69029, 9.29465, 0.10835],
			"rotation": {"angle": 0, "axis": "x", "origin": [10.41454, 9.80592, -0.02924]},
			"faces": {
				"north": {"uv": [5, 7, 11, 12], "rotation": 180, "texture": "#1_10"},
				"east": {"uv": [5, 7, 11, 12], "rotation": 90, "texture": "#1_10"},
				"south": {"uv": [5, 7, 11, 12], "texture": "#1_10"},
				"west": {"uv": [5, 7, 11, 12], "rotation": 270, "texture": "#1_10"},
				"up": {"uv": [5, 7, 11, 12], "texture": "#1_10"},
				"down": {"uv": [4, 11, 10, 16], "rotation": 180, "texture": "#1_10"}
			}
		},
		{
			"from": [10.00254, 9.20977, 0.20485],
			"to": [10.11124, 9.29465, 0.7839],
			"rotation": {"angle": 0, "axis": "x", "origin": [10.41454, 9.80592, -0.02924]},
			"faces": {
				"north": {"uv": [5, 7, 11, 12], "rotation": 180, "texture": "#1_10"},
				"east": {"uv": [5, 7, 11, 12], "rotation": 90, "texture": "#1_10"},
				"south": {"uv": [5, 7, 11, 12], "texture": "#1_10"},
				"west": {"uv": [5, 7, 11, 12], "rotation": 270, "texture": "#1_10"},
				"up": {"uv": [5, 7, 11, 12], "texture": "#1_10"},
				"down": {"uv": [4, 11, 10, 16], "rotation": 180, "texture": "#1_10"}
			}
		},
		{
			"from": [10.00254, 9.20977, -0.37419],
			"to": [10.11124, 9.29465, 0.10835],
			"rotation": {"angle": 0, "axis": "x", "origin": [10.41454, 9.80592, -0.02924]},
			"faces": {
				"north": {"uv": [5, 7, 11, 12], "rotation": 180, "texture": "#1_10"},
				"east": {"uv": [5, 7, 11, 12], "rotation": 90, "texture": "#1_10"},
				"south": {"uv": [5, 7, 11, 12], "texture": "#1_10"},
				"west": {"uv": [5, 7, 11, 12], "rotation": 270, "texture": "#1_10"},
				"up": {"uv": [5, 7, 11, 12], "texture": "#1_10"},
				"down": {"uv": [4, 11, 10, 16], "rotation": 180, "texture": "#1_10"}
			}
		},
		{
			"from": [10.72408, 9.20977, 0.20485],
			"to": [10.83279, 9.29465, 0.7839],
			"rotation": {"angle": 0, "axis": "x", "origin": [10.41454, 9.80592, -0.02924]},
			"faces": {
				"north": {"uv": [5, 7, 11, 12], "rotation": 180, "texture": "#1_10"},
				"east": {"uv": [5, 7, 11, 12], "rotation": 90, "texture": "#1_10"},
				"south": {"uv": [5, 7, 11, 12], "texture": "#1_10"},
				"west": {"uv": [5, 7, 11, 12], "rotation": 270, "texture": "#1_10"},
				"up": {"uv": [5, 7, 11, 12], "texture": "#1_10"},
				"down": {"uv": [4, 11, 10, 16], "rotation": 180, "texture": "#1_10"}
			}
		},
		{
			"from": [10.72408, 9.20977, -0.37419],
			"to": [10.83279, 9.29465, 0.10835],
			"rotation": {"angle": 0, "axis": "x", "origin": [10.41454, 9.80592, -0.02924]},
			"faces": {
				"north": {"uv": [5, 7, 11, 12], "rotation": 180, "texture": "#1_10"},
				"east": {"uv": [5, 7, 11, 12], "rotation": 90, "texture": "#1_10"},
				"south": {"uv": [5, 7, 11, 12], "texture": "#1_10"},
				"west": {"uv": [5, 7, 11, 12], "rotation": 270, "texture": "#1_10"},
				"up": {"uv": [5, 7, 11, 12], "texture": "#1_10"},
				"down": {"uv": [4, 11, 10, 16], "rotation": 180, "texture": "#1_10"}
			}
		},
		{
			"from": [10.14504, 9.20977, 0.20485],
			"to": [10.25374, 9.29465, 0.7839],
			"rotation": {"angle": 0, "axis": "x", "origin": [10.41454, 9.80592, -0.02924]},
			"faces": {
				"north": {"uv": [5, 7, 11, 12], "rotation": 180, "texture": "#1_10"},
				"east": {"uv": [5, 7, 11, 12], "rotation": 90, "texture": "#1_10"},
				"south": {"uv": [5, 7, 11, 12], "texture": "#1_10"},
				"west": {"uv": [5, 7, 11, 12], "rotation": 270, "texture": "#1_10"},
				"up": {"uv": [5, 7, 11, 12], "texture": "#1_10"},
				"down": {"uv": [4, 11, 10, 16], "rotation": 180, "texture": "#1_10"}
			}
		},
		{
			"from": [10.14504, 9.20977, -0.37419],
			"to": [10.25374, 9.29465, 0.10835],
			"rotation": {"angle": 0, "axis": "x", "origin": [10.41454, 9.80592, -0.02924]},
			"faces": {
				"north": {"uv": [5, 7, 11, 12], "rotation": 180, "texture": "#1_10"},
				"east": {"uv": [5, 7, 11, 12], "rotation": 90, "texture": "#1_10"},
				"south": {"uv": [5, 7, 11, 12], "texture": "#1_10"},
				"west": {"uv": [5, 7, 11, 12], "rotation": 270, "texture": "#1_10"},
				"up": {"uv": [5, 7, 11, 12], "texture": "#1_10"},
				"down": {"uv": [4, 11, 10, 16], "rotation": 180, "texture": "#1_10"}
			}
		},
		{
			"from": [10.43908, 9.16227, 0.20485],
			"to": [10.54779, 9.24715, 0.7839],
			"rotation": {"angle": 0, "axis": "x", "origin": [10.41454, 9.80592, -0.02924]},
			"faces": {
				"north": {"uv": [5, 7, 11, 12], "rotation": 180, "texture": "#1_10"},
				"east": {"uv": [5, 7, 11, 12], "rotation": 90, "texture": "#1_10"},
				"south": {"uv": [5, 7, 11, 12], "texture": "#1_10"},
				"west": {"uv": [5, 7, 11, 12], "rotation": 270, "texture": "#1_10"},
				"up": {"uv": [5, 7, 11, 12], "texture": "#1_10"},
				"down": {"uv": [4, 11, 10, 16], "rotation": 180, "texture": "#1_10"}
			}
		},
		{
			"from": [10.43908, 9.16227, -0.37419],
			"to": [10.54779, 9.24715, 0.10835],
			"rotation": {"angle": 0, "axis": "x", "origin": [10.41454, 9.80592, -0.02924]},
			"faces": {
				"north": {"uv": [5, 7, 11, 12], "rotation": 180, "texture": "#1_10"},
				"east": {"uv": [5, 7, 11, 12], "rotation": 90, "texture": "#1_10"},
				"south": {"uv": [5, 7, 11, 12], "texture": "#1_10"},
				"west": {"uv": [5, 7, 11, 12], "rotation": 270, "texture": "#1_10"},
				"up": {"uv": [5, 7, 11, 12], "texture": "#1_10"},
				"down": {"uv": [4, 11, 10, 16], "rotation": 180, "texture": "#1_10"}
			}
		},
		{
			"from": [9.86004, 9.25727, 0.20485],
			"to": [9.96874, 9.37306, 0.7839],
			"rotation": {"angle": 0, "axis": "x", "origin": [10.41454, 9.80592, -0.02924]},
			"faces": {
				"north": {"uv": [5, 7, 11, 12], "rotation": 180, "texture": "#1_10"},
				"east": {"uv": [5, 7, 11, 12], "rotation": 90, "texture": "#1_10"},
				"south": {"uv": [5, 7, 11, 12], "texture": "#1_10"},
				"west": {"uv": [5, 7, 11, 12], "rotation": 270, "texture": "#1_10"},
				"up": {"uv": [5, 7, 11, 12], "texture": "#1_10"},
				"down": {"uv": [4, 11, 10, 16], "rotation": 180, "texture": "#1_10"}
			}
		},
		{
			"from": [9.81254, 9.45028, 0.20485],
			"to": [9.92124, 9.56608, 0.7839],
			"rotation": {"angle": 0, "axis": "x", "origin": [10.41454, 9.80592, -0.02924]},
			"faces": {
				"north": {"uv": [5, 7, 11, 12], "rotation": 180, "texture": "#1_10"},
				"east": {"uv": [5, 7, 11, 12], "rotation": 90, "texture": "#1_10"},
				"south": {"uv": [5, 7, 11, 12], "texture": "#1_10"},
				"west": {"uv": [5, 7, 11, 12], "rotation": 270, "texture": "#1_10"},
				"up": {"uv": [5, 7, 11, 12], "texture": "#1_10"},
				"down": {"uv": [4, 11, 10, 16], "rotation": 180, "texture": "#1_10"}
			}
		},
		{
			"from": [9.81254, 9.6433, 0.20485],
			"to": [9.92124, 9.75909, 0.7839],
			"rotation": {"angle": 0, "axis": "x", "origin": [10.41454, 9.80592, -0.02924]},
			"faces": {
				"north": {"uv": [5, 7, 11, 12], "rotation": 180, "texture": "#1_10"},
				"east": {"uv": [5, 7, 11, 12], "rotation": 90, "texture": "#1_10"},
				"south": {"uv": [5, 7, 11, 12], "texture": "#1_10"},
				"west": {"uv": [5, 7, 11, 12], "rotation": 270, "texture": "#1_10"},
				"up": {"uv": [5, 7, 11, 12], "texture": "#1_10"},
				"down": {"uv": [4, 11, 10, 16], "rotation": 180, "texture": "#1_10"}
			}
		},
		{
			"from": [9.86004, 9.25727, -0.37419],
			"to": [9.96874, 9.37306, 0.10835],
			"rotation": {"angle": 0, "axis": "x", "origin": [10.41454, 9.80592, -0.02924]},
			"faces": {
				"north": {"uv": [5, 7, 11, 12], "rotation": 180, "texture": "#1_10"},
				"east": {"uv": [5, 7, 11, 12], "rotation": 90, "texture": "#1_10"},
				"south": {"uv": [5, 7, 11, 12], "texture": "#1_10"},
				"west": {"uv": [5, 7, 11, 12], "rotation": 270, "texture": "#1_10"},
				"up": {"uv": [5, 7, 11, 12], "texture": "#1_10"},
				"down": {"uv": [4, 11, 10, 16], "rotation": 180, "texture": "#1_10"}
			}
		},
		{
			"from": [9.81254, 9.45028, -0.37419],
			"to": [9.92124, 9.56608, 0.10835],
			"rotation": {"angle": 0, "axis": "x", "origin": [10.41454, 9.80592, -0.02924]},
			"faces": {
				"north": {"uv": [5, 7, 11, 12], "rotation": 180, "texture": "#1_10"},
				"east": {"uv": [5, 7, 11, 12], "rotation": 90, "texture": "#1_10"},
				"south": {"uv": [5, 7, 11, 12], "texture": "#1_10"},
				"west": {"uv": [5, 7, 11, 12], "rotation": 270, "texture": "#1_10"},
				"up": {"uv": [5, 7, 11, 12], "texture": "#1_10"},
				"down": {"uv": [4, 11, 10, 16], "rotation": 180, "texture": "#1_10"}
			}
		},
		{
			"from": [9.81254, 9.6433, -0.37419],
			"to": [9.92124, 9.75909, 0.10835],
			"rotation": {"angle": 0, "axis": "x", "origin": [10.41454, 9.80592, -0.02924]},
			"faces": {
				"north": {"uv": [5, 7, 11, 12], "rotation": 180, "texture": "#1_10"},
				"east": {"uv": [5, 7, 11, 12], "rotation": 90, "texture": "#1_10"},
				"south": {"uv": [5, 7, 11, 12], "texture": "#1_10"},
				"west": {"uv": [5, 7, 11, 12], "rotation": 270, "texture": "#1_10"},
				"up": {"uv": [5, 7, 11, 12], "texture": "#1_10"},
				"down": {"uv": [4, 11, 10, 16], "rotation": 180, "texture": "#1_10"}
			}
		},
		{
			"from": [9.68323, 9.33153, 0.55223],
			"to": [11.14305, 10.02637, 1.09661],
			"rotation": {"angle": 0, "axis": "x", "origin": [10.41454, 9.80592, -0.02924]},
			"faces": {
				"north": {"uv": [0, 0, 16, 16], "rotation": 180, "texture": "#1_10"},
				"east": {"uv": [8, 9, 16, 16], "rotation": 90, "texture": "#1_10"},
				"south": {"uv": [0, 0, 16, 16], "texture": "#1_10"},
				"west": {"uv": [0, 9, 8, 16], "rotation": 270, "texture": "#1_10"},
				"up": {"uv": [0, 0, 16, 16], "texture": "#1_10"},
				"down": {"uv": [0, 8, 16, 16], "rotation": 180, "texture": "#1_10"}
			}
		},
		{
			"from": [11.03435, 9.71756, 0.3234],
			"to": [11.23955, 10.21939, 1.0001],
			"rotation": {"angle": 0, "axis": "x", "origin": [10.41454, 9.80592, -0.02924]},
			"faces": {
				"north": {"uv": [0, 0, 16, 16], "rotation": 180, "texture": "#1_10"},
				"east": {"uv": [8, 9, 16, 16], "rotation": 90, "texture": "#1_10"},
				"south": {"uv": [0, 0, 16, 16], "texture": "#1_10"},
				"west": {"uv": [0, 9, 8, 16], "rotation": 270, "texture": "#1_10"},
				"up": {"uv": [0, 0, 16, 16], "texture": "#1_10"},
				"down": {"uv": [0, 11, 8, 16], "rotation": 180, "texture": "#1_10"}
			}
		},
		{
			"from": [11.03435, 9.71756, -0.41285],
			"to": [11.43257, 10.21939, 0.32455],
			"rotation": {"angle": 0, "axis": "x", "origin": [10.41454, 9.80592, -0.02924]},
			"faces": {
				"north": {"uv": [0, 0, 16, 16], "rotation": 180, "texture": "#1_10"},
				"east": {"uv": [8, 9, 16, 16], "rotation": 90, "texture": "#1_10"},
				"south": {"uv": [0, 0, 16, 16], "texture": "#1_10"},
				"west": {"uv": [0, 9, 8, 16], "rotation": 270, "texture": "#1_10"},
				"up": {"uv": [0, 0, 16, 16], "texture": "#1_10"},
				"down": {"uv": [0, 0, 10, 6], "rotation": 180, "texture": "#1_10"}
			}
		},
		{
			"from": [10.91408, 10.10359, 0.13359],
			"to": [11.31232, 10.60542, 0.67797],
			"rotation": {"angle": 0, "axis": "x", "origin": [10.41454, 9.80592, -0.02924]},
			"faces": {
				"north": {"uv": [0, 0, 16, 16], "rotation": 180, "texture": "#1_10"},
				"east": {"uv": [8, 9, 16, 16], "rotation": 90, "texture": "#1_10"},
				"south": {"uv": [0, 0, 16, 16], "texture": "#1_10"},
				"west": {"uv": [0, 9, 8, 16], "rotation": 270, "texture": "#1_10"},
				"up": {"uv": [0, 0, 16, 16], "texture": "#1_10"},
				"down": {"uv": [0, 8, 16, 16], "rotation": 180, "texture": "#1_10"}
			}
		},
		{
			"from": [9.46647, 10.10359, 0.13359],
			"to": [9.8647, 10.60542, 0.67797],
			"rotation": {"angle": 0, "axis": "x", "origin": [10.41454, 9.80592, -0.02924]},
			"faces": {
				"north": {"uv": [0, 0, 16, 16], "rotation": 180, "texture": "#1_10"},
				"east": {"uv": [8, 9, 16, 16], "rotation": 90, "texture": "#1_10"},
				"south": {"uv": [0, 0, 16, 16], "texture": "#1_10"},
				"west": {"uv": [0, 9, 8, 16], "rotation": 270, "texture": "#1_10"},
				"up": {"uv": [0, 0, 16, 16], "texture": "#1_10"},
				"down": {"uv": [0, 8, 16, 16], "rotation": 180, "texture": "#1_10"}
			}
		},
		{
			"from": [9.58672, 9.71756, 0.3234],
			"to": [9.79194, 10.21939, 1.0001],
			"rotation": {"angle": 0, "axis": "x", "origin": [10.41454, 9.80592, -0.02924]},
			"faces": {
				"north": {"uv": [0, 0, 16, 16], "rotation": 180, "texture": "#1_10"},
				"east": {"uv": [8, 9, 16, 16], "rotation": 90, "texture": "#1_10"},
				"south": {"uv": [0, 0, 16, 16], "texture": "#1_10"},
				"west": {"uv": [0, 9, 8, 16], "rotation": 270, "texture": "#1_10"},
				"up": {"uv": [0, 0, 16, 16], "texture": "#1_10"},
				"down": {"uv": [9, 8, 16, 16], "rotation": 180, "texture": "#1_10"}
			}
		},
		{
			"from": [9.39371, 9.71756, -0.41285],
			"to": [9.79194, 10.21939, 0.32455],
			"rotation": {"angle": 0, "axis": "x", "origin": [10.41454, 9.80592, -0.02924]},
			"faces": {
				"north": {"uv": [0, 0, 16, 16], "rotation": 180, "texture": "#1_10"},
				"east": {"uv": [8, 9, 16, 16], "rotation": 90, "texture": "#1_10"},
				"south": {"uv": [0, 0, 16, 16], "texture": "#1_10"},
				"west": {"uv": [0, 9, 8, 16], "rotation": 270, "texture": "#1_10"},
				"up": {"uv": [0, 0, 16, 16], "texture": "#1_10"},
				"down": {"uv": [5, 0, 16, 8], "rotation": 180, "texture": "#1_10"}
			}
		},
		{
			"from": [9.00768, 9.62105, -2.02031],
			"to": [11.8186, 11.86002, -0.60736],
			"rotation": {"angle": 0, "axis": "x", "origin": [10.41454, 9.80592, -0.02924]},
			"faces": {
				"north": {"uv": [0, 0, 16, 16], "rotation": 180, "texture": "#1_10"},
				"east": {"uv": [0, 0, 16, 16], "rotation": 90, "texture": "#1_10"},
				"south": {"uv": [0, 0, 16, 16], "texture": "#1_10"},
				"west": {"uv": [0, 0, 16, 16], "rotation": 270, "texture": "#1_10"},
				"up": {"uv": [0, 0, 16, 16], "texture": "#1_10"},
				"down": {"uv": [0, 0, 16, 16], "rotation": 180, "texture": "#1_10"}
			}
		},
		{
			"from": [9.74247, 9.82726, -1.75047],
			"to": [11.09192, 11.1744, -0.17308],
			"rotation": {"angle": 0, "axis": "x", "origin": [10.41454, 9.80592, -0.02924]},
			"faces": {
				"north": {"uv": [10, 1, 10.016, 1.016], "rotation": 180, "texture": "#1_12"},
				"east": {"uv": [10, 1, 10.016, 1.016], "rotation": 90, "texture": "#1_12"},
				"south": {"uv": [10, 1, 10.016, 1.016], "texture": "#1_12"},
				"west": {"uv": [10, 1, 10.016, 1.016], "rotation": 270, "texture": "#1_12"},
				"up": {"uv": [10, 1, 10.016, 1.016], "texture": "#1_12"},
				"down": {"uv": [10, 1, 10.016, 1.016], "rotation": 180, "texture": "#1_12"}
			}
		}
	],
	"display": {
		"thirdperson_righthand": {
			"translation": [0, -3.25, 3]
		},
		"thirdperson_lefthand": {
			"translation": [0, -3.25, 3]
		},
		"firstperson_righthand": {
			"rotation": [0, 116, 0],
			"translation": [4.5, 0, 0.5]
		},
		"firstperson_lefthand": {
			"rotation": [0, 116, 0],
			"translation": [4.5, 0, 0.5]
		},
		"ground": {
			"translation": [0, 0, 9.5],
			"scale": [4, 4, 4]
		},
		"gui": {
			"rotation": [0, 180, 0],
			"translation": [0, -5.75, 0]
		},
		"head": {
			"translation": [-1, -34.5, 8.75],
			"scale": [4, 4, 4]
		},
		"fixed": {
			"translation": [0, -13.5, -3],
			"scale": [4, 4, 4]
		}
	},
	"groups": [
		{
			"name": "group",
			"origin": [8, 8, 8],
			"children": [
				{
					"name": "group",
					"origin": [7.93484, 23.73095, 6.36531],
					"children": [
						{
							"name": "group",
							"origin": [8.01519, 15.5597, 6.05801],
							"children": []
						}
					]
				}, 0, 1, 2, 3, 4, 5, 6, 7, 8, 9, 10, 11, 12, 13, 14, 15, 16, 17, 18, 19, 20, 21, 22, 23, 24, 25, 26, 27, 28, 29, 30, 31, 32, 33, 34, 35, 36, 37, 38, 39, 40, 41, 42]
		},
		{
			"name": "group",
			"origin": [8, 8, 8],
			"children": []
		},
		{
			"name": "group",
			"origin": [7.93484, 23.73095, 6.36531],
			"children": []
		},
		{
			"name": "group",
			"origin": [8, 8, 8],
			"children": [
				{
					"name": "group",
					"origin": [8.05317, 16.44776, 25.18681],
					"children": []
				},
				{
					"name": "group",
					"origin": [8.05317, 16.44776, 25.18681],
					"children": []
				},
				{
					"name": "group",
					"origin": [11.67817, 16.44776, 5.50427],
					"children": []
				}
			]
		},
		{
			"name": "骸骨戦士",
			"origin": [8, 8, 8],
			"children": [
				{
					"name": "group",
					"origin": [8, 8, 8],
					"children": [43, 44, 45, 46, 47, 48, 49, 50, 51, 52, 53, 54, 55, 56, 57, 58, 59, 60, 61, 62, 63, 64, 65, 66, 67, 68, 69, 70, 71, 72, 73, 74, 75, 76, 77, 78, 79, 80, 81, 82, 83,
						{
							"name": "group",
							"origin": [3.54946, 13.77115, 5.17159],
							"children": []
						}, 84]
				}
			]
		}
	]
}