{
	"credit": "Made with Blockbench",
	"textures": {
		"0": "boss/squid",
		"particle": "boss/squid"
	},
	"elements": [
		{
			"from": [2, 9, 2],
			"to": [14, 25, 14],
			"faces": {
				"north": {"uv": [0, 7, 3, 11], "texture": "#0"},
				"east": {"uv": [9, 7, 12, 11], "texture": "#0"},
				"south": {"uv": [6, 7, 9, 11], "texture": "#0"},
				"west": {"uv": [3, 7, 6, 11], "texture": "#0"},
				"up": {"uv": [3, 4, 6, 7], "texture": "#0"},
				"down": {"uv": [6, 4, 9, 7], "texture": "#0"}
			}
		}
	],
	"display": {
		"head": {
			"scale": [4, 4, 4]
		}
	}
}