{
	"credit": "Made with Blockbench",
	"textures": {
		"1": "block/campfire_log",
		"2": "block/blast_furnace_front",
		"particle": "block/bedrock"
	},
	"elements": [
		{
			"from": [-0.71939, 5.18424, -3.57276],
			"to": [3.01901, 8.36187, -3.3353],
			"rotation": {"angle": 0, "axis": "y", "origin": [11.80424, 16.96019, 6.10298]},
			"faces": {
				"north": {"uv": [2.5, 9.5, 2.5, 9.5], "texture": "#1"},
				"east": {"uv": [2.5, 9.5, 2.5, 9.5], "texture": "#1"},
				"south": {"uv": [2.5, 9.5, 2.5, 9.5], "texture": "#1"},
				"west": {"uv": [2.5, 9.5, 2.5, 9.5], "texture": "#1"},
				"up": {"uv": [2.5, 9.5, 2.5, 9.5], "texture": "#1"},
				"down": {"uv": [2.5, 9.5, 2.5, 9.5], "texture": "#1"}
			}
		},
		{
			"from": [-0.3096, 5.93191, -1.96409],
			"to": [2.53474, 8.2725, 0.86923],
			"rotation": {"angle": 22.5, "axis": "x", "origin": [1.33673, 6.77305, -0.15883]},
			"faces": {
				"north": {"uv": [1.75, 10.5, 1.75, 10.5], "texture": "#1"},
				"east": {"uv": [1.75, 10.5, 1.75, 10.5], "texture": "#1"},
				"south": {"uv": [1.75, 10.5, 1.75, 10.5], "texture": "#1"},
				"west": {"uv": [1.75, 10.5, 1.75, 10.5], "texture": "#1"},
				"up": {"uv": [1.75, 10.5, 1.75, 10.5], "texture": "#1"},
				"down": {"uv": [1.75, 10.5, 1.75, 10.5], "texture": "#1"}
			}
		},
		{
			"from": [0.27424, 3.25954, -5.2903],
			"to": [1.66138, 4.75858, -2.11266],
			"rotation": {"angle": -45, "axis": "x", "origin": [0.84484, 3.49073, 2.58493]},
			"faces": {
				"north": {"uv": [2.25, 9.25, 2.527, 9.25], "texture": "#1"},
				"east": {"uv": [2.25, 9.25, 2.527, 9.25], "texture": "#1"},
				"south": {"uv": [2.25, 9.25, 2.527, 9.25], "texture": "#1"},
				"west": {"uv": [2.25, 9.25, 2.527, 9.25], "texture": "#1"},
				"up": {"uv": [2.25, 9.25, 2.527, 9.25], "texture": "#1"},
				"down": {"uv": [2.25, 9.25, 2.527, 9.25], "texture": "#1"}
			}
		},
		{
			"from": [1.25803, -2.05945, -7.14865],
			"to": [1.90733, -1.09533, -2.47565],
			"rotation": {"angle": 0, "axis": "y", "origin": [11.31235, 7.62403, 6.10298]},
			"faces": {
				"north": {"uv": [0.5, 0.75, 0.5, 0.75], "texture": "#2"},
				"east": {"uv": [0.5, 0.75, 0.5, 0.75], "texture": "#2"},
				"south": {"uv": [0.5, 0.75, 0.5, 0.75], "texture": "#2"},
				"west": {"uv": [0.5, 0.75, 0.5, 0.75], "texture": "#2"},
				"up": {"uv": [0.5, 0.75, 0.5, 0.75], "texture": "#2"},
				"down": {"uv": [0.5, 0.75, 0.5, 0.75], "texture": "#2"}
			}
		},
		{
			"from": [-0.71939, 4.18142, -3.59268],
			"to": [3.01901, 5.52921, -1.38899],
			"rotation": {"angle": 22.5, "axis": "x", "origin": [8.53314, 9.91199, -2.11208]},
			"faces": {
				"north": {"uv": [2.5, 9.25, 2.5, 9.25], "rotation": 90, "texture": "#1"},
				"east": {"uv": [2.5, 9.25, 2.5, 9.25], "rotation": 90, "texture": "#1"},
				"south": {"uv": [2.5, 9.25, 2.5, 9.25], "rotation": 90, "texture": "#1"},
				"west": {"uv": [2.5, 9.25, 2.5, 9.25], "rotation": 90, "texture": "#1"},
				"up": {"uv": [2.5, 9.25, 2.5, 9.25], "rotation": 90, "texture": "#1"},
				"down": {"uv": [2.5, 9.25, 2.5, 9.25], "rotation": 90, "texture": "#1"}
			}
		},
		{
			"from": [0.5125, 2.76381, -0.86325],
			"to": [1.17717, 3.16716, 7.63621],
			"rotation": {"angle": -45, "axis": "x", "origin": [1.33673, 3.49073, 2.58493]},
			"faces": {
				"north": {"uv": [4.5, 10.75, 4.5, 10.75], "texture": "#1"},
				"east": {"uv": [4.5, 10.75, 4.5, 10.75], "texture": "#1"},
				"south": {"uv": [4.5, 10.75, 4.5, 10.75], "texture": "#1"},
				"west": {"uv": [4.5, 10.75, 4.5, 10.75], "texture": "#1"},
				"up": {"uv": [4.5, 10.75, 4.5, 10.75], "texture": "#1"},
				"down": {"uv": [4.5, 10.75, 4.5, 10.75], "texture": "#1"}
			}
		},
		{
			"from": [0.64124, 2.64275, -0.86325],
			"to": [1.04843, 3.29205, 7.63621],
			"rotation": {"angle": -45, "axis": "x", "origin": [1.33673, 3.49073, 2.58493]},
			"faces": {
				"north": {"uv": [4.5, 10.75, 4.5, 10.75], "texture": "#1"},
				"east": {"uv": [4.5, 10.75, 4.5, 10.75], "texture": "#1"},
				"south": {"uv": [4.5, 10.75, 4.5, 10.75], "texture": "#1"},
				"west": {"uv": [4.5, 10.75, 4.5, 10.75], "texture": "#1"},
				"up": {"uv": [4.5, 10.75, 4.5, 10.75], "texture": "#1"},
				"down": {"uv": [4.5, 10.75, 4.5, 10.75], "texture": "#1"}
			}
		},
		{
			"from": [-0.4636, -2.43029, -5.67297],
			"to": [2.15327, -0.97428, -0.26213],
			"rotation": {"angle": 0, "axis": "y", "origin": [11.31235, 7.62403, 6.10298]},
			"faces": {
				"north": {"uv": [1.5, 8.5, 1.5, 8.5], "texture": "#1"},
				"east": {"uv": [1.5, 8.5, 1.5, 8.5], "texture": "#1"},
				"south": {"uv": [1.5, 8.5, 1.5, 8.5], "texture": "#1"},
				"west": {"uv": [1.5, 8.5, 1.5, 8.5], "texture": "#1"},
				"up": {"uv": [1.5, 8.5, 1.5, 8.5], "texture": "#1"},
				"down": {"uv": [1.5, 8.5, 1.5, 8.5], "texture": "#1"}
			}
		},
		{
			"from": [0.52018, -2.05945, -7.14865],
			"to": [1.16949, -1.09533, -2.47565],
			"rotation": {"angle": 0, "axis": "y", "origin": [11.31235, 7.62403, 6.10298]},
			"faces": {
				"north": {"uv": [0.5, 0.75, 0.5, 0.75], "texture": "#2"},
				"east": {"uv": [0.5, 0.75, 0.5, 0.75], "texture": "#2"},
				"south": {"uv": [0.5, 0.75, 0.5, 0.75], "texture": "#2"},
				"west": {"uv": [0.5, 0.75, 0.5, 0.75], "texture": "#2"},
				"up": {"uv": [0.5, 0.75, 0.5, 0.75], "texture": "#2"},
				"down": {"uv": [0.5, 0.75, 0.5, 0.75], "texture": "#2"}
			}
		},
		{
			"from": [-0.21766, -2.05945, -7.14865],
			"to": [0.43164, -1.09533, -2.47565],
			"rotation": {"angle": 0, "axis": "y", "origin": [11.31235, 7.62403, 6.10298]},
			"faces": {
				"north": {"uv": [0.5, 0.75, 0.5, 0.75], "texture": "#2"},
				"east": {"uv": [0.5, 0.75, 0.5, 0.75], "texture": "#2"},
				"south": {"uv": [0.5, 0.75, 0.5, 0.75], "texture": "#2"},
				"west": {"uv": [0.5, 0.75, 0.5, 0.75], "texture": "#2"},
				"up": {"uv": [0.5, 0.75, 0.5, 0.75], "texture": "#2"},
				"down": {"uv": [0.5, 0.75, 0.5, 0.75], "texture": "#2"}
			}
		},
		{
			"from": [-0.21766, -1.73564, -8.942],
			"to": [0.43164, -0.75186, -7.97788],
			"rotation": {"angle": 45, "axis": "x", "origin": [0.84484, -3.08835, -8.45994]},
			"faces": {
				"north": {"uv": [0.5, 0.75, 0.5, 0.75], "rotation": 180, "texture": "#2"},
				"east": {"uv": [0.5, 0.75, 0.5, 0.75], "rotation": 180, "texture": "#2"},
				"south": {"uv": [0.5, 0.75, 0.5, 0.75], "rotation": 180, "texture": "#2"},
				"west": {"uv": [0.5, 0.75, 0.5, 0.75], "rotation": 180, "texture": "#2"},
				"up": {"uv": [0.5, 0.75, 0.5, 0.75], "rotation": 180, "texture": "#2"},
				"down": {"uv": [0.5, 0.75, 0.5, 0.75], "rotation": 180, "texture": "#2"}
			}
		},
		{
			"from": [0.52018, -1.73564, -8.942],
			"to": [1.16949, -0.75186, -7.97788],
			"rotation": {"angle": 45, "axis": "x", "origin": [0.84484, -3.08835, -8.45994]},
			"faces": {
				"north": {"uv": [0.5, 0.75, 0.5, 0.75], "rotation": 180, "texture": "#2"},
				"east": {"uv": [0.5, 0.75, 0.5, 0.75], "rotation": 180, "texture": "#2"},
				"south": {"uv": [0.5, 0.75, 0.5, 0.75], "rotation": 180, "texture": "#2"},
				"west": {"uv": [0.5, 0.75, 0.5, 0.75], "rotation": 180, "texture": "#2"},
				"up": {"uv": [0.5, 0.75, 0.5, 0.75], "rotation": 180, "texture": "#2"},
				"down": {"uv": [0.5, 0.75, 0.5, 0.75], "rotation": 180, "texture": "#2"}
			}
		},
		{
			"from": [1.25803, -1.73564, -8.942],
			"to": [1.90733, -0.75186, -7.97788],
			"rotation": {"angle": 45, "axis": "x", "origin": [0.84484, -3.08835, -8.45994]},
			"faces": {
				"north": {"uv": [0.5, 0.75, 0.5, 0.75], "rotation": 180, "texture": "#2"},
				"east": {"uv": [0.5, 0.75, 0.5, 0.75], "rotation": 180, "texture": "#2"},
				"south": {"uv": [0.5, 0.75, 0.5, 0.75], "rotation": 180, "texture": "#2"},
				"west": {"uv": [0.5, 0.75, 0.5, 0.75], "rotation": 180, "texture": "#2"},
				"up": {"uv": [0.5, 0.75, 0.5, 0.75], "rotation": 180, "texture": "#2"},
				"down": {"uv": [0.5, 0.75, 0.5, 0.75], "rotation": 180, "texture": "#2"}
			}
		},
		{
			"from": [0.02829, 1.78386, 0.61243],
			"to": [1.66138, 5.13858, 6.91291],
			"rotation": {"angle": -45, "axis": "x", "origin": [0.84484, 3.49073, 2.58493]},
			"faces": {
				"north": {"uv": [2.25, 9.25, 2.527, 9.25], "texture": "#1"},
				"east": {"uv": [2.25, 9.25, 2.527, 9.25], "texture": "#1"},
				"south": {"uv": [2.25, 9.25, 2.527, 9.25], "texture": "#1"},
				"west": {"uv": [2.25, 9.25, 2.527, 9.25], "texture": "#1"},
				"up": {"uv": [2.25, 9.25, 2.527, 9.25], "texture": "#1"},
				"down": {"uv": [2.25, 9.25, 2.527, 9.25], "texture": "#1"}
			}
		},
		{
			"from": [-0.43381, 2.33534, -0.53805],
			"to": [2.10859, 5.32459, 4.10515],
			"rotation": {"angle": -45, "axis": "x", "origin": [0.84484, 3.49073, 2.58493]},
			"faces": {
				"north": {"uv": [2.5, 12.5, 2.777, 12.5], "texture": "#1"},
				"east": {"uv": [2.5, 12.5, 2.777, 12.5], "texture": "#1"},
				"south": {"uv": [2.5, 12.5, 2.777, 12.5], "texture": "#1"},
				"west": {"uv": [2.5, 12.5, 2.777, 12.5], "texture": "#1"},
				"up": {"uv": [2.5, 12.5, 2.777, 12.5], "texture": "#1"},
				"down": {"uv": [2.5, 12.5, 2.777, 12.5], "texture": "#1"}
			}
		},
		{
			"from": [0.76613, 2.27575, -1.84704],
			"to": [1.66138, 5.38453, -1.48899],
			"rotation": {"angle": -45, "axis": "x", "origin": [0.84484, 3.49073, 2.58493]},
			"faces": {
				"north": {"uv": [2.25, 9.25, 2.527, 9.25], "texture": "#1"},
				"east": {"uv": [2.25, 9.25, 2.527, 9.25], "texture": "#1"},
				"south": {"uv": [2.25, 9.25, 2.527, 9.25], "texture": "#1"},
				"west": {"uv": [2.25, 9.25, 2.527, 9.25], "texture": "#1"},
				"up": {"uv": [2.25, 9.25, 2.527, 9.25], "texture": "#1"},
				"down": {"uv": [2.25, 9.25, 2.527, 9.25], "texture": "#1"}
			}
		},
		{
			"from": [-0.70955, 3.25954, -0.2373],
			"to": [2.64517, 3.90884, 0.73074],
			"rotation": {"angle": -45, "axis": "x", "origin": [0.84484, 3.49073, 2.58493]},
			"faces": {
				"north": {"uv": [2.25, 9.25, 2.527, 9.25], "texture": "#1"},
				"east": {"uv": [2.25, 9.25, 2.527, 9.25], "texture": "#1"},
				"south": {"uv": [2.25, 9.25, 2.527, 9.25], "texture": "#1"},
				"west": {"uv": [2.25, 9.25, 2.527, 9.25], "texture": "#1"},
				"up": {"uv": [2.25, 9.25, 2.527, 9.25], "texture": "#1"},
				"down": {"uv": [2.25, 9.25, 2.527, 9.25], "texture": "#1"}
			}
		},
		{
			"from": [-0.4636, 1.53791, 2.08812],
			"to": [2.15327, 5.13858, 3.05508],
			"rotation": {"angle": -45, "axis": "x", "origin": [0.84484, 3.49073, 2.58493]},
			"faces": {
				"north": {"uv": [2.25, 9.25, 2.527, 9.25], "texture": "#1"},
				"east": {"uv": [2.25, 9.25, 2.527, 9.25], "texture": "#1"},
				"south": {"uv": [2.25, 9.25, 2.527, 9.25], "texture": "#1"},
				"west": {"uv": [2.25, 9.25, 2.527, 9.25], "texture": "#1"},
				"up": {"uv": [2.25, 9.25, 2.527, 9.25], "texture": "#1"},
				"down": {"uv": [2.25, 9.25, 2.527, 9.25], "texture": "#1"}
			}
		},
		{
			"from": [-0.70955, 4.39848, 3.25029],
			"to": [2.64517, 4.64669, 4.60274],
			"rotation": {"angle": -45, "axis": "x", "origin": [0.84484, 3.49073, 2.58493]},
			"faces": {
				"north": {"uv": [2.25, 9.25, 2.527, 9.25], "texture": "#1"},
				"east": {"uv": [2.25, 9.25, 2.527, 9.25], "texture": "#1"},
				"south": {"uv": [2.25, 9.25, 2.527, 9.25], "texture": "#1"},
				"west": {"uv": [2.25, 9.25, 2.527, 9.25], "texture": "#1"},
				"up": {"uv": [2.25, 9.25, 2.527, 9.25], "texture": "#1"},
				"down": {"uv": [2.25, 9.25, 2.527, 9.25], "texture": "#1"}
			}
		},
		{
			"from": [-0.70955, 2.27575, 2.08812],
			"to": [2.64517, 4.40074, 3.09143],
			"rotation": {"angle": -45, "axis": "x", "origin": [0.84484, 3.49073, 2.58493]},
			"faces": {
				"north": {"uv": [2.25, 9.25, 2.527, 9.25], "texture": "#1"},
				"east": {"uv": [2.25, 9.25, 2.527, 9.25], "texture": "#1"},
				"south": {"uv": [2.25, 9.25, 2.527, 9.25], "texture": "#1"},
				"west": {"uv": [2.25, 9.25, 2.527, 9.25], "texture": "#1"},
				"up": {"uv": [2.25, 9.25, 2.527, 9.25], "texture": "#1"},
				"down": {"uv": [2.25, 9.25, 2.527, 9.25], "texture": "#1"}
			}
		},
		{
			"from": [-0.70955, 2.76765, 0.61243],
			"to": [2.64517, 4.40074, 1.31164],
			"rotation": {"angle": -45, "axis": "x", "origin": [0.84484, 3.49073, 2.58493]},
			"faces": {
				"north": {"uv": [2.25, 9.25, 2.527, 9.25], "texture": "#1"},
				"east": {"uv": [2.25, 9.25, 2.527, 9.25], "texture": "#1"},
				"south": {"uv": [2.25, 9.25, 2.527, 9.25], "texture": "#1"},
				"west": {"uv": [2.25, 9.25, 2.527, 9.25], "texture": "#1"},
				"up": {"uv": [2.25, 9.25, 2.527, 9.25], "texture": "#1"},
				"down": {"uv": [2.25, 9.25, 2.527, 9.25], "texture": "#1"}
			}
		},
		{
			"from": [-0.4636, 2.27575, -0.86325],
			"to": [2.15327, 5.38453, -0.37186],
			"rotation": {"angle": -45, "axis": "x", "origin": [0.84484, 3.49073, 2.58493]},
			"faces": {
				"north": {"uv": [2.25, 9.25, 2.527, 9.25], "texture": "#1"},
				"east": {"uv": [2.25, 9.25, 2.527, 9.25], "texture": "#1"},
				"south": {"uv": [2.25, 9.25, 2.527, 9.25], "texture": "#1"},
				"west": {"uv": [2.25, 9.25, 2.527, 9.25], "texture": "#1"},
				"up": {"uv": [2.25, 9.25, 2.527, 9.25], "texture": "#1"},
				"down": {"uv": [2.25, 9.25, 2.527, 9.25], "texture": "#1"}
			}
		},
		{
			"from": [0.52018, -1.98159, 1.43456],
			"to": [1.16949, -0.9978, 2.39868],
			"rotation": {"angle": -45, "axis": "x", "origin": [0.84484, -3.3343, 1.91662]},
			"faces": {
				"north": {"uv": [0.5, 0.75, 0.5, 0.75], "rotation": 180, "texture": "#2"},
				"east": {"uv": [0.5, 0.75, 0.5, 0.75], "rotation": 180, "texture": "#2"},
				"south": {"uv": [0.5, 0.75, 0.5, 0.75], "rotation": 180, "texture": "#2"},
				"west": {"uv": [0.5, 0.75, 0.5, 0.75], "rotation": 180, "texture": "#2"},
				"up": {"uv": [0.5, 0.75, 0.5, 0.75], "rotation": 180, "texture": "#2"},
				"down": {"uv": [0.5, 0.75, 0.5, 0.75], "rotation": 180, "texture": "#2"}
			}
		},
		{
			"from": [0.52018, -2.30539, -4.06766],
			"to": [1.16949, -1.34128, 0.60533],
			"rotation": {"angle": 0, "axis": "y", "origin": [11.31235, 7.37808, -12.6463]},
			"faces": {
				"north": {"uv": [0.5, 0.75, 0.5, 0.75], "texture": "#2"},
				"east": {"uv": [0.5, 0.75, 0.5, 0.75], "texture": "#2"},
				"south": {"uv": [0.5, 0.75, 0.5, 0.75], "texture": "#2"},
				"west": {"uv": [0.5, 0.75, 0.5, 0.75], "texture": "#2"},
				"up": {"uv": [0.5, 0.75, 0.5, 0.75], "texture": "#2"},
				"down": {"uv": [0.5, 0.75, 0.5, 0.75], "texture": "#2"}
			}
		},
		{
			"from": [-0.4636, 2.27575, -3.29364],
			"to": [2.15327, 4.89263, -2.40949],
			"rotation": {"angle": -45, "axis": "x", "origin": [0.84484, 3.49073, 2.58493]},
			"faces": {
				"north": {"uv": [2.25, 9.25, 2.527, 9.25], "texture": "#1"},
				"east": {"uv": [2.25, 9.25, 2.527, 9.25], "texture": "#1"},
				"south": {"uv": [2.25, 9.25, 2.527, 9.25], "texture": "#1"},
				"west": {"uv": [2.25, 9.25, 2.527, 9.25], "texture": "#1"},
				"up": {"uv": [2.25, 9.25, 2.527, 9.25], "texture": "#1"},
				"down": {"uv": [2.25, 9.25, 2.527, 9.25], "texture": "#1"}
			}
		},
		{
			"from": [-0.4636, 2.27575, -2.35525],
			"to": [2.15327, 4.89263, -1.4711],
			"rotation": {"angle": -45, "axis": "x", "origin": [0.84484, 3.49073, 2.58493]},
			"faces": {
				"north": {"uv": [2.25, 9.25, 2.527, 9.25], "texture": "#1"},
				"east": {"uv": [2.25, 9.25, 2.527, 9.25], "texture": "#1"},
				"south": {"uv": [2.25, 9.25, 2.527, 9.25], "texture": "#1"},
				"west": {"uv": [2.25, 9.25, 2.527, 9.25], "texture": "#1"},
				"up": {"uv": [2.25, 9.25, 2.527, 9.25], "texture": "#1"},
				"down": {"uv": [2.25, 9.25, 2.527, 9.25], "texture": "#1"}
			}
		},
		{
			"from": [-0.4636, 2.27575, -1.41686],
			"to": [2.15327, 4.89263, -0.83061],
			"rotation": {"angle": -45, "axis": "x", "origin": [0.84484, 3.49073, 2.58493]},
			"faces": {
				"north": {"uv": [2.25, 9.25, 2.527, 9.25], "texture": "#1"},
				"east": {"uv": [2.25, 9.25, 2.527, 9.25], "texture": "#1"},
				"south": {"uv": [2.25, 9.25, 2.527, 9.25], "texture": "#1"},
				"west": {"uv": [2.25, 9.25, 2.527, 9.25], "texture": "#1"},
				"up": {"uv": [2.25, 9.25, 2.527, 9.25], "texture": "#1"},
				"down": {"uv": [2.25, 9.25, 2.527, 9.25], "texture": "#1"}
			}
		},
		{
			"from": [-0.4636, 2.27575, -4.30651],
			"to": [2.15327, 4.89263, -3.3424],
			"rotation": {"angle": -45, "axis": "x", "origin": [0.84484, 3.49073, 2.58493]},
			"faces": {
				"north": {"uv": [2.25, 9.25, 2.527, 9.25], "texture": "#1"},
				"east": {"uv": [2.25, 9.25, 2.527, 9.25], "texture": "#1"},
				"south": {"uv": [2.25, 9.25, 2.527, 9.25], "texture": "#1"},
				"west": {"uv": [2.25, 9.25, 2.527, 9.25], "texture": "#1"},
				"up": {"uv": [2.25, 9.25, 2.527, 9.25], "texture": "#1"},
				"down": {"uv": [2.25, 9.25, 2.527, 9.25], "texture": "#1"}
			}
		},
		{
			"from": [-0.4636, 2.27575, -0.28234],
			"to": [2.15327, 5.38453, 1.41555],
			"rotation": {"angle": -45, "axis": "x", "origin": [0.84484, 3.49073, 2.58493]},
			"faces": {
				"north": {"uv": [2.25, 9.25, 2.527, 9.25], "texture": "#1"},
				"east": {"uv": [2.25, 9.25, 2.527, 9.25], "texture": "#1"},
				"south": {"uv": [2.25, 9.25, 2.527, 9.25], "texture": "#1"},
				"west": {"uv": [2.25, 9.25, 2.527, 9.25], "texture": "#1"},
				"up": {"uv": [2.25, 9.25, 2.527, 9.25], "texture": "#1"},
				"down": {"uv": [2.25, 9.25, 2.527, 9.25], "texture": "#1"}
			}
		},
		{
			"from": [-0.43381, 2.33534, -4.21714],
			"to": [2.10859, 4.86284, 0.81333],
			"rotation": {"angle": -45, "axis": "x", "origin": [0.84484, 3.49073, 2.58493]},
			"faces": {
				"north": {"uv": [2.5, 12.5, 2.777, 12.5], "texture": "#1"},
				"east": {"uv": [2.5, 12.5, 2.777, 12.5], "texture": "#1"},
				"south": {"uv": [2.5, 12.5, 2.777, 12.5], "texture": "#1"},
				"west": {"uv": [2.5, 12.5, 2.777, 12.5], "texture": "#1"},
				"up": {"uv": [2.5, 12.5, 2.777, 12.5], "texture": "#1"},
				"down": {"uv": [2.5, 12.5, 2.777, 12.5], "texture": "#1"}
			}
		},
		{
			"from": [-0.06835, 4.24333, 1.47528],
			"to": [1.83249, 5.56327, 3.14338],
			"rotation": {"angle": -45, "axis": "x", "origin": [0.84484, 3.49073, 2.58493]},
			"faces": {
				"north": {"uv": [2.25, 9.25, 2.527, 9.25], "texture": "#1"},
				"east": {"uv": [2.25, 9.25, 2.527, 9.25], "texture": "#1"},
				"south": {"uv": [2.25, 9.25, 2.527, 9.25], "texture": "#1"},
				"west": {"uv": [2.25, 9.25, 2.527, 9.25], "texture": "#1"},
				"up": {"uv": [2.25, 9.25, 2.527, 9.25], "texture": "#1"},
				"down": {"uv": [2.25, 9.25, 2.527, 9.25], "texture": "#1"}
			}
		},
		{
			"from": [-0.4636, 1.53791, 3.26483],
			"to": [2.15327, 5.13858, 4.55949],
			"rotation": {"angle": -45, "axis": "x", "origin": [0.84484, 3.49073, 2.58493]},
			"faces": {
				"north": {"uv": [2.25, 9.25, 2.527, 9.25], "texture": "#1"},
				"east": {"uv": [2.25, 9.25, 2.527, 9.25], "texture": "#1"},
				"south": {"uv": [2.25, 9.25, 2.527, 9.25], "texture": "#1"},
				"west": {"uv": [2.25, 9.25, 2.527, 9.25], "texture": "#1"},
				"up": {"uv": [2.25, 9.25, 2.527, 9.25], "texture": "#1"},
				"down": {"uv": [2.25, 9.25, 2.527, 9.25], "texture": "#1"}
			}
		},
		{
			"from": [-0.4636, 2.27575, 3.2267],
			"to": [2.15327, 5.38453, 4.92459],
			"rotation": {"angle": -45, "axis": "x", "origin": [0.84484, 3.49073, 2.58493]},
			"faces": {
				"north": {"uv": [2.25, 9.25, 2.527, 9.25], "texture": "#1"},
				"east": {"uv": [2.25, 9.25, 2.527, 9.25], "texture": "#1"},
				"south": {"uv": [2.25, 9.25, 2.527, 9.25], "texture": "#1"},
				"west": {"uv": [2.25, 9.25, 2.527, 9.25], "texture": "#1"},
				"up": {"uv": [2.25, 9.25, 2.527, 9.25], "texture": "#1"},
				"down": {"uv": [2.25, 9.25, 2.527, 9.25], "texture": "#1"}
			}
		},
		{
			"from": [-0.43381, 1.67995, 2.48565],
			"to": [2.10859, 4.28193, 5.32654],
			"rotation": {"angle": -45, "axis": "x", "origin": [0.84484, 3.49073, 2.58493]},
			"faces": {
				"north": {"uv": [2.5, 12.5, 2.777, 12.5], "texture": "#1"},
				"east": {"uv": [2.5, 12.5, 2.777, 12.5], "texture": "#1"},
				"south": {"uv": [2.5, 12.5, 2.777, 12.5], "texture": "#1"},
				"west": {"uv": [2.5, 12.5, 2.777, 12.5], "texture": "#1"},
				"up": {"uv": [2.5, 12.5, 2.777, 12.5], "texture": "#1"},
				"down": {"uv": [2.5, 12.5, 2.777, 12.5], "texture": "#1"}
			}
		},
		{
			"from": [-0.70955, 2.27575, 4.69476],
			"to": [2.64517, 4.40074, 5.75765],
			"rotation": {"angle": -45, "axis": "x", "origin": [0.84484, 3.49073, 2.58493]},
			"faces": {
				"north": {"uv": [2.25, 9.25, 2.527, 9.25], "texture": "#1"},
				"east": {"uv": [2.25, 9.25, 2.527, 9.25], "texture": "#1"},
				"south": {"uv": [2.25, 9.25, 2.527, 9.25], "texture": "#1"},
				"west": {"uv": [2.25, 9.25, 2.527, 9.25], "texture": "#1"},
				"up": {"uv": [2.25, 9.25, 2.527, 9.25], "texture": "#1"},
				"down": {"uv": [2.25, 9.25, 2.527, 9.25], "texture": "#1"}
			}
		},
		{
			"from": [-0.70955, 2.27575, 3.20525],
			"to": [2.64517, 4.40074, 4.61073],
			"rotation": {"angle": -45, "axis": "x", "origin": [0.84484, 3.49073, 2.58493]},
			"faces": {
				"north": {"uv": [2.25, 9.25, 2.527, 9.25], "texture": "#1"},
				"east": {"uv": [2.25, 9.25, 2.527, 9.25], "texture": "#1"},
				"south": {"uv": [2.25, 9.25, 2.527, 9.25], "texture": "#1"},
				"west": {"uv": [2.25, 9.25, 2.527, 9.25], "texture": "#1"},
				"up": {"uv": [2.25, 9.25, 2.527, 9.25], "texture": "#1"},
				"down": {"uv": [2.25, 9.25, 2.527, 9.25], "texture": "#1"}
			}
		},
		{
			"from": [-0.68703, 2.35023, 2.85803],
			"to": [2.10859, 4.41599, 5.32654],
			"rotation": {"angle": -45, "axis": "x", "origin": [0.84484, 3.49073, 2.58493]},
			"faces": {
				"north": {"uv": [2.5, 12.5, 2.777, 12.5], "texture": "#1"},
				"east": {"uv": [2.5, 12.5, 2.777, 12.5], "texture": "#1"},
				"south": {"uv": [2.5, 12.5, 2.777, 12.5], "texture": "#1"},
				"west": {"uv": [2.5, 12.5, 2.777, 12.5], "texture": "#1"},
				"up": {"uv": [2.5, 12.5, 2.777, 12.5], "texture": "#1"},
				"down": {"uv": [2.5, 12.5, 2.777, 12.5], "texture": "#1"}
			}
		},
		{
			"from": [0.02829, 2.27575, 4.65007],
			"to": [1.66138, 4.40074, 7.23333],
			"rotation": {"angle": -45, "axis": "x", "origin": [0.84484, 3.49073, 2.58493]},
			"faces": {
				"north": {"uv": [2.25, 9.25, 2.527, 9.25], "texture": "#1"},
				"east": {"uv": [2.25, 9.25, 2.527, 9.25], "texture": "#1"},
				"south": {"uv": [2.25, 9.25, 2.527, 9.25], "texture": "#1"},
				"west": {"uv": [2.25, 9.25, 2.527, 9.25], "texture": "#1"},
				"up": {"uv": [2.25, 9.25, 2.527, 9.25], "texture": "#1"},
				"down": {"uv": [2.25, 9.25, 2.527, 9.25], "texture": "#1"}
			}
		},
		{
			"from": [-0.70955, 4.39848, 2.58001],
			"to": [2.64517, 4.64669, 3.11324],
			"rotation": {"angle": -45, "axis": "x", "origin": [0.84484, 3.49073, 2.58493]},
			"faces": {
				"north": {"uv": [2.25, 9.25, 2.527, 9.25], "texture": "#1"},
				"east": {"uv": [2.25, 9.25, 2.527, 9.25], "texture": "#1"},
				"south": {"uv": [2.25, 9.25, 2.527, 9.25], "texture": "#1"},
				"west": {"uv": [2.25, 9.25, 2.527, 9.25], "texture": "#1"},
				"up": {"uv": [2.25, 9.25, 2.527, 9.25], "texture": "#1"},
				"down": {"uv": [2.25, 9.25, 2.527, 9.25], "texture": "#1"}
			}
		},
		{
			"from": [0.76613, 2.40981, -1.41508],
			"to": [1.66138, 5.38453, -0.49102],
			"rotation": {"angle": -45, "axis": "x", "origin": [0.84484, 3.49073, 2.58493]},
			"faces": {
				"north": {"uv": [2.25, 9.25, 2.527, 9.25], "texture": "#1"},
				"east": {"uv": [2.25, 9.25, 2.527, 9.25], "texture": "#1"},
				"south": {"uv": [2.25, 9.25, 2.527, 9.25], "texture": "#1"},
				"west": {"uv": [2.25, 9.25, 2.527, 9.25], "texture": "#1"},
				"up": {"uv": [2.25, 9.25, 2.527, 9.25], "texture": "#1"},
				"down": {"uv": [2.25, 9.25, 2.527, 9.25], "texture": "#1"}
			}
		},
		{
			"from": [0.79592, 2.40981, -1.60872],
			"to": [1.63159, 5.31005, -0.49102],
			"rotation": {"angle": -45, "axis": "x", "origin": [0.84484, 3.49073, 2.58493]},
			"faces": {
				"north": {"uv": [2.25, 10.5, 2.527, 10.5], "texture": "#1"},
				"east": {"uv": [2.25, 10.5, 2.527, 10.5], "texture": "#1"},
				"south": {"uv": [2.25, 10.5, 2.527, 10.5], "texture": "#1"},
				"west": {"uv": [2.25, 10.5, 2.527, 10.5], "texture": "#1"},
				"up": {"uv": [2.25, 10.5, 2.527, 10.5], "texture": "#1"},
				"down": {"uv": [2.25, 10.5, 2.527, 10.5], "texture": "#1"}
			}
		},
		{
			"from": [-0.4636, 2.27575, 1.47528],
			"to": [2.15327, 5.38453, 3.14338],
			"rotation": {"angle": -45, "axis": "x", "origin": [0.84484, 3.49073, 2.58493]},
			"faces": {
				"north": {"uv": [2.25, 9.25, 2.527, 9.25], "texture": "#1"},
				"east": {"uv": [2.25, 9.25, 2.527, 9.25], "texture": "#1"},
				"south": {"uv": [2.25, 9.25, 2.527, 9.25], "texture": "#1"},
				"west": {"uv": [2.25, 9.25, 2.527, 9.25], "texture": "#1"},
				"up": {"uv": [2.25, 9.25, 2.527, 9.25], "texture": "#1"},
				"down": {"uv": [2.25, 9.25, 2.527, 9.25], "texture": "#1"}
			}
		},
		{
			"from": [0.51256, 4.24333, 0.06025],
			"to": [1.59417, 5.56327, 1.41555],
			"rotation": {"angle": -45, "axis": "x", "origin": [0.84484, 3.49073, 2.58493]},
			"faces": {
				"north": {"uv": [2.25, 9.25, 2.527, 9.25], "texture": "#1"},
				"east": {"uv": [2.25, 9.25, 2.527, 9.25], "texture": "#1"},
				"south": {"uv": [2.25, 9.25, 2.527, 9.25], "texture": "#1"},
				"west": {"uv": [2.25, 9.25, 2.527, 9.25], "texture": "#1"},
				"up": {"uv": [2.25, 9.25, 2.527, 9.25], "texture": "#1"},
				"down": {"uv": [2.25, 9.25, 2.527, 9.25], "texture": "#1"}
			}
		},
		{
			"from": [0.15508, 4.24333, 0.37304],
			"to": [1.74312, 5.56327, 1.41555],
			"rotation": {"angle": -45, "axis": "x", "origin": [0.84484, 3.49073, 2.58493]},
			"faces": {
				"north": {"uv": [2.25, 9.25, 2.527, 9.25], "texture": "#1"},
				"east": {"uv": [2.25, 9.25, 2.527, 9.25], "texture": "#1"},
				"south": {"uv": [2.25, 9.25, 2.527, 9.25], "texture": "#1"},
				"west": {"uv": [2.25, 9.25, 2.527, 9.25], "texture": "#1"},
				"up": {"uv": [2.25, 9.25, 2.527, 9.25], "texture": "#1"},
				"down": {"uv": [2.25, 9.25, 2.527, 9.25], "texture": "#1"}
			}
		},
		{
			"from": [-0.15772, 4.24333, 2.10087],
			"to": [2.01124, 5.56327, 3.14338],
			"rotation": {"angle": -45, "axis": "x", "origin": [0.84484, 3.49073, 2.58493]},
			"faces": {
				"north": {"uv": [2.25, 9.25, 2.527, 9.25], "texture": "#1"},
				"east": {"uv": [2.25, 9.25, 2.527, 9.25], "texture": "#1"},
				"south": {"uv": [2.25, 9.25, 2.527, 9.25], "texture": "#1"},
				"west": {"uv": [2.25, 9.25, 2.527, 9.25], "texture": "#1"},
				"up": {"uv": [2.25, 9.25, 2.527, 9.25], "texture": "#1"},
				"down": {"uv": [2.25, 9.25, 2.527, 9.25], "texture": "#1"}
			}
		},
		{
			"from": [-0.4636, 1.53791, 4.65007],
			"to": [2.15327, 5.13858, 6.98738],
			"rotation": {"angle": -45, "axis": "x", "origin": [0.84484, 3.49073, 2.58493]},
			"faces": {
				"north": {"uv": [2.25, 9.25, 2.527, 9.25], "texture": "#1"},
				"east": {"uv": [2.25, 9.25, 2.527, 9.25], "texture": "#1"},
				"south": {"uv": [2.25, 9.25, 2.527, 9.25], "texture": "#1"},
				"west": {"uv": [2.25, 9.25, 2.527, 9.25], "texture": "#1"},
				"up": {"uv": [2.25, 9.25, 2.527, 9.25], "texture": "#1"},
				"down": {"uv": [2.25, 9.25, 2.527, 9.25], "texture": "#1"}
			}
		},
		{
			"from": [-0.51086, 8.50456, -4.61966],
			"to": [2.78069, 10.91752, -1.08162],
			"rotation": {"angle": 22.5, "axis": "x", "origin": [8.53314, 10.03293, -2.08807]},
			"faces": {
				"north": {"uv": [2.25, 10.25, 2.25, 10.25], "rotation": 90, "texture": "#1"},
				"east": {"uv": [2.25, 10.25, 2.25, 10.25], "rotation": 90, "texture": "#1"},
				"south": {"uv": [2.25, 10.25, 2.25, 10.25], "rotation": 90, "texture": "#1"},
				"west": {"uv": [2.25, 10.25, 2.25, 10.25], "rotation": 90, "texture": "#1"},
				"up": {"uv": [2.25, 10.25, 2.25, 10.25], "rotation": 90, "texture": "#1"},
				"down": {"uv": [2.25, 10.25, 2.25, 10.25], "rotation": 90, "texture": "#1"}
			}
		},
		{
			"from": [-0.09001, 5.42634, -3.81581],
			"to": [2.466, 8.52383, 4.97914],
			"rotation": {"angle": 0, "axis": "y", "origin": [11.80424, 16.96019, 6.10298]},
			"faces": {
				"north": {"uv": [3.334, 9.5, 3.334, 9.5], "texture": "#1"},
				"east": {"uv": [3.334, 9.5, 3.334, 9.5], "texture": "#1"},
				"south": {"uv": [3.334, 9.5, 3.334, 9.5], "texture": "#1"},
				"west": {"uv": [3.334, 9.5, 3.334, 9.5], "texture": "#1"},
				"up": {"uv": [3.334, 9.5, 3.334, 9.5], "texture": "#1"},
				"down": {"uv": [3.334, 9.5, 3.334, 9.5], "texture": "#1"}
			}
		},
		{
			"from": [-0.71939, 5.18424, 3.52699],
			"to": [3.01901, 8.36187, 5.3553],
			"rotation": {"angle": 0, "axis": "y", "origin": [11.80424, 16.96019, 6.10298]},
			"faces": {
				"north": {"uv": [2.5, 9.5, 2.5, 9.5], "texture": "#1"},
				"east": {"uv": [2.5, 9.5, 2.5, 9.5], "texture": "#1"},
				"south": {"uv": [2.5, 9.5, 2.5, 9.5], "texture": "#1"},
				"west": {"uv": [2.5, 9.5, 2.5, 9.5], "texture": "#1"},
				"up": {"uv": [2.5, 9.5, 2.5, 9.5], "texture": "#1"},
				"down": {"uv": [2.5, 9.5, 2.5, 9.5], "texture": "#1"}
			}
		},
		{
			"from": [-0.71939, 5.18424, 1.4595],
			"to": [3.01901, 8.36187, 3.38773],
			"rotation": {"angle": 0, "axis": "y", "origin": [11.80424, 16.96019, 6.10298]},
			"faces": {
				"north": {"uv": [2.5, 9.5, 2.5, 9.5], "texture": "#1"},
				"east": {"uv": [2.5, 9.5, 2.5, 9.5], "texture": "#1"},
				"south": {"uv": [2.5, 9.5, 2.5, 9.5], "texture": "#1"},
				"west": {"uv": [2.5, 9.5, 2.5, 9.5], "texture": "#1"},
				"up": {"uv": [2.5, 9.5, 2.5, 9.5], "texture": "#1"},
				"down": {"uv": [2.5, 9.5, 2.5, 9.5], "texture": "#1"}
			}
		},
		{
			"from": [-0.71939, 5.18424, -0.7278],
			"to": [3.01901, 8.36187, 1.33769],
			"rotation": {"angle": 0, "axis": "y", "origin": [11.80424, 16.96019, 6.10298]},
			"faces": {
				"north": {"uv": [2.5, 9.5, 2.5, 9.5], "texture": "#1"},
				"east": {"uv": [2.5, 9.5, 2.5, 9.5], "texture": "#1"},
				"south": {"uv": [2.5, 9.5, 2.5, 9.5], "texture": "#1"},
				"west": {"uv": [2.5, 9.5, 2.5, 9.5], "texture": "#1"},
				"up": {"uv": [2.5, 9.5, 2.5, 9.5], "texture": "#1"},
				"down": {"uv": [2.5, 9.5, 2.5, 9.5], "texture": "#1"}
			}
		},
		{
			"from": [-0.47344, 5.93191, -5.67297],
			"to": [2.77306, 8.36187, -1.40972],
			"rotation": {"angle": 22.5, "axis": "x", "origin": [1.33673, 6.77305, -0.15883]},
			"faces": {
				"north": {"uv": [2.5, 9.5, 2.5, 9.5], "texture": "#1"},
				"east": {"uv": [2.5, 9.5, 2.5, 9.5], "texture": "#1"},
				"south": {"uv": [2.5, 9.5, 2.5, 9.5], "texture": "#1"},
				"west": {"uv": [2.5, 9.5, 2.5, 9.5], "texture": "#1"},
				"up": {"uv": [2.5, 9.5, 2.5, 9.5], "texture": "#1"},
				"down": {"uv": [2.5, 9.5, 2.5, 9.5], "texture": "#1"}
			}
		},
		{
			"from": [-0.47344, 5.93191, -1.24913],
			"to": [2.77306, 8.36187, 0.86923],
			"rotation": {"angle": 22.5, "axis": "x", "origin": [1.33673, 6.77305, -0.15883]},
			"faces": {
				"north": {"uv": [2.5, 9.5, 2.5, 9.5], "texture": "#1"},
				"east": {"uv": [2.5, 9.5, 2.5, 9.5], "texture": "#1"},
				"south": {"uv": [2.5, 9.5, 2.5, 9.5], "texture": "#1"},
				"west": {"uv": [2.5, 9.5, 2.5, 9.5], "texture": "#1"},
				"up": {"uv": [2.5, 9.5, 2.5, 9.5], "texture": "#1"},
				"down": {"uv": [2.5, 9.5, 2.5, 9.5], "texture": "#1"}
			}
		},
		{
			"from": [-0.71939, 5.18424, -2.09815],
			"to": [3.01901, 8.2725, -0.87583],
			"rotation": {"angle": 0, "axis": "y", "origin": [11.80424, 16.96019, 6.10298]},
			"faces": {
				"north": {"uv": [2.5, 9.5, 2.5, 9.5], "texture": "#1"},
				"east": {"uv": [2.5, 9.5, 2.5, 9.5], "texture": "#1"},
				"south": {"uv": [2.5, 9.5, 2.5, 9.5], "texture": "#1"},
				"west": {"uv": [2.5, 9.5, 2.5, 9.5], "texture": "#1"},
				"up": {"uv": [2.5, 9.5, 2.5, 9.5], "texture": "#1"},
				"down": {"uv": [2.5, 9.5, 2.5, 9.5], "texture": "#1"}
			}
		},
		{
			"from": [-0.71939, 8.48966, -4.7984],
			"to": [3.01901, 9.89917, -0.87309],
			"rotation": {"angle": 22.5, "axis": "x", "origin": [8.53314, 10.03293, -2.08807]},
			"faces": {
				"north": {"uv": [2.5, 9.25, 2.5, 9.25], "rotation": 90, "texture": "#1"},
				"east": {"uv": [2.5, 9.25, 2.5, 9.25], "rotation": 90, "texture": "#1"},
				"south": {"uv": [2.5, 9.25, 2.5, 9.25], "rotation": 90, "texture": "#1"},
				"west": {"uv": [2.5, 9.25, 2.5, 9.25], "rotation": 90, "texture": "#1"},
				"up": {"uv": [2.5, 9.25, 2.5, 9.25], "rotation": 90, "texture": "#1"},
				"down": {"uv": [2.5, 9.25, 2.5, 9.25], "rotation": 90, "texture": "#1"}
			}
		},
		{
			"from": [-0.71939, 6.9446, -3.34205],
			"to": [3.01901, 8.23056, -1.76226],
			"rotation": {"angle": 22.5, "axis": "x", "origin": [1.14981, 6.80558, -2.17978]},
			"faces": {
				"north": {"uv": [2.5, 9.5, 2.5, 9.5], "texture": "#1"},
				"east": {"uv": [2.5, 9.5, 2.5, 9.5], "texture": "#1"},
				"south": {"uv": [2.5, 9.5, 2.5, 9.5], "texture": "#1"},
				"west": {"uv": [2.5, 9.5, 2.5, 9.5], "texture": "#1"},
				"up": {"uv": [2.5, 9.5, 2.5, 9.5], "texture": "#1"},
				"down": {"uv": [2.5, 9.5, 2.5, 9.5], "texture": "#1"}
			}
		},
		{
			"from": [-0.71939, 5.18424, -3.20038],
			"to": [3.01901, 7.3788, -0.87583],
			"rotation": {"angle": 0, "axis": "y", "origin": [11.80424, 16.96019, 6.10298]},
			"faces": {
				"north": {"uv": [2.5, 9.5, 2.5, 9.5], "texture": "#1"},
				"east": {"uv": [2.5, 9.5, 2.5, 9.5], "texture": "#1"},
				"south": {"uv": [2.5, 9.5, 2.5, 9.5], "texture": "#1"},
				"west": {"uv": [2.5, 9.5, 2.5, 9.5], "texture": "#1"},
				"up": {"uv": [2.5, 9.5, 2.5, 9.5], "texture": "#1"},
				"down": {"uv": [2.5, 9.5, 2.5, 9.5], "texture": "#1"}
			}
		},
		{
			"from": [0.46597, 2.58149, -1.53035],
			"to": [1.2237, 3.04131, 7.43078],
			"rotation": {"angle": -45, "axis": "x", "origin": [1.40559, 3.41019, 2.40058]},
			"faces": {
				"north": {"uv": [5.5, 9.5, 5.5, 9.5], "texture": "#1"},
				"east": {"uv": [5.5, 9.5, 5.5, 9.5], "texture": "#1"},
				"south": {"uv": [5.5, 9.5, 5.5, 9.5], "texture": "#1"},
				"west": {"uv": [5.5, 9.5, 5.5, 9.5], "texture": "#1"},
				"up": {"uv": [5.5, 9.5, 5.5, 9.5], "texture": "#1"},
				"down": {"uv": [5.5, 9.5, 5.5, 9.5], "texture": "#1"}
			}
		},
		{
			"from": [0.61273, 2.44349, -1.53035],
			"to": [1.07694, 3.18369, 7.43078],
			"rotation": {"angle": -45, "axis": "x", "origin": [1.40559, 3.41019, 2.40058]},
			"faces": {
				"north": {"uv": [5.5, 9.5, 5.5, 9.5], "texture": "#1"},
				"east": {"uv": [5.5, 9.5, 5.5, 9.5], "texture": "#1"},
				"south": {"uv": [5.5, 9.5, 5.5, 9.5], "texture": "#1"},
				"west": {"uv": [5.5, 9.5, 5.5, 9.5], "texture": "#1"},
				"up": {"uv": [5.5, 9.5, 5.5, 9.5], "texture": "#1"},
				"down": {"uv": [5.5, 9.5, 5.5, 9.5], "texture": "#1"}
			}
		},
		{
			"from": [0.66567, 2.79268, 0.8495],
			"to": [1.024, 3.36407, 7.96141],
			"rotation": {"angle": -45, "axis": "x", "origin": [1.2777, 3.53891, 2.72208]},
			"faces": {
				"north": {"uv": [4.5, 10.75, 4.5, 10.75], "texture": "#1"},
				"east": {"uv": [4.5, 10.75, 4.5, 10.75], "texture": "#1"},
				"south": {"uv": [4.5, 10.75, 4.5, 10.75], "texture": "#1"},
				"west": {"uv": [4.5, 10.75, 4.5, 10.75], "texture": "#1"},
				"up": {"uv": [4.5, 10.75, 4.5, 10.75], "texture": "#1"},
				"down": {"uv": [4.5, 10.75, 4.5, 10.75], "texture": "#1"}
			}
		},
		{
			"from": [0.55238, 2.89921, 0.8495],
			"to": [1.13729, 3.25416, 7.96141],
			"rotation": {"angle": -45, "axis": "x", "origin": [1.2777, 3.53891, 2.72208]},
			"faces": {
				"north": {"uv": [4.5, 10.75, 4.5, 10.75], "texture": "#1"},
				"east": {"uv": [4.5, 10.75, 4.5, 10.75], "texture": "#1"},
				"south": {"uv": [4.5, 10.75, 4.5, 10.75], "texture": "#1"},
				"west": {"uv": [4.5, 10.75, 4.5, 10.75], "texture": "#1"},
				"up": {"uv": [4.5, 10.75, 4.5, 10.75], "texture": "#1"},
				"down": {"uv": [4.5, 10.75, 4.5, 10.75], "texture": "#1"}
			}
		},
		{
			"from": [0.70867, 3.17916, 2.79492],
			"to": [0.981, 3.61341, 8.19997],
			"rotation": {"angle": -45, "axis": "x", "origin": [1.17381, 3.74629, 3.08605]},
			"faces": {
				"north": {"uv": [4.5, 10.75, 4.5, 10.75], "texture": "#1"},
				"east": {"uv": [4.5, 10.75, 4.5, 10.75], "texture": "#1"},
				"south": {"uv": [4.5, 10.75, 4.5, 10.75], "texture": "#1"},
				"west": {"uv": [4.5, 10.75, 4.5, 10.75], "texture": "#1"},
				"up": {"uv": [4.5, 10.75, 4.5, 10.75], "texture": "#1"},
				"down": {"uv": [4.5, 10.75, 4.5, 10.75], "texture": "#1"}
			}
		},
		{
			"from": [0.62257, 3.26012, 2.79492],
			"to": [1.0671, 3.52988, 8.19997],
			"rotation": {"angle": -45, "axis": "x", "origin": [1.17381, 3.74629, 3.08605]},
			"faces": {
				"north": {"uv": [4.5, 10.75, 4.5, 10.75], "texture": "#1"},
				"east": {"uv": [4.5, 10.75, 4.5, 10.75], "texture": "#1"},
				"south": {"uv": [4.5, 10.75, 4.5, 10.75], "texture": "#1"},
				"west": {"uv": [4.5, 10.75, 4.5, 10.75], "texture": "#1"},
				"up": {"uv": [4.5, 10.75, 4.5, 10.75], "texture": "#1"},
				"down": {"uv": [4.5, 10.75, 4.5, 10.75], "texture": "#1"}
			}
		},
		{
			"from": [0.7359, 3.58402, 4.0183],
			"to": [0.95377, 3.93142, 8.34235],
			"rotation": {"angle": -45, "axis": "x", "origin": [1.10802, 4.03772, 3.47666]},
			"faces": {
				"north": {"uv": [4.5, 10.75, 4.5, 10.75], "texture": "#1"},
				"east": {"uv": [4.5, 10.75, 4.5, 10.75], "texture": "#1"},
				"south": {"uv": [4.5, 10.75, 4.5, 10.75], "texture": "#1"},
				"west": {"uv": [4.5, 10.75, 4.5, 10.75], "texture": "#1"},
				"up": {"uv": [4.5, 10.75, 4.5, 10.75], "texture": "#1"},
				"down": {"uv": [4.5, 10.75, 4.5, 10.75], "texture": "#1"}
			}
		},
		{
			"from": [0.66702, 3.64878, 4.0183],
			"to": [1.02265, 3.8646, 8.34235],
			"rotation": {"angle": -45, "axis": "x", "origin": [1.10802, 4.03772, 3.47666]},
			"faces": {
				"north": {"uv": [4.5, 10.75, 4.5, 10.75], "texture": "#1"},
				"east": {"uv": [4.5, 10.75, 4.5, 10.75], "texture": "#1"},
				"south": {"uv": [4.5, 10.75, 4.5, 10.75], "texture": "#1"},
				"west": {"uv": [4.5, 10.75, 4.5, 10.75], "texture": "#1"},
				"up": {"uv": [4.5, 10.75, 4.5, 10.75], "texture": "#1"},
				"down": {"uv": [4.5, 10.75, 4.5, 10.75], "texture": "#1"}
			}
		},
		{
			"from": [0.76858, 4.23415, 5.38255],
			"to": [0.92109, 4.47734, 8.40939],
			"rotation": {"angle": -45, "axis": "x", "origin": [1.02906, 4.55175, 4.1097]},
			"faces": {
				"north": {"uv": [4.5, 10.75, 4.5, 10.75], "texture": "#1"},
				"east": {"uv": [4.5, 10.75, 4.5, 10.75], "texture": "#1"},
				"south": {"uv": [4.5, 10.75, 4.5, 10.75], "texture": "#1"},
				"west": {"uv": [4.5, 10.75, 4.5, 10.75], "texture": "#1"},
				"up": {"uv": [4.5, 10.75, 4.5, 10.75], "texture": "#1"},
				"down": {"uv": [4.5, 10.75, 4.5, 10.75], "texture": "#1"}
			}
		},
		{
			"from": [0.72037, 4.27949, 5.38255],
			"to": [0.9693, 4.43056, 8.40939],
			"rotation": {"angle": -45, "axis": "x", "origin": [1.02906, 4.55175, 4.1097]},
			"faces": {
				"north": {"uv": [4.5, 10.75, 4.5, 10.75], "texture": "#1"},
				"east": {"uv": [4.5, 10.75, 4.5, 10.75], "texture": "#1"},
				"south": {"uv": [4.5, 10.75, 4.5, 10.75], "texture": "#1"},
				"west": {"uv": [4.5, 10.75, 4.5, 10.75], "texture": "#1"},
				"up": {"uv": [4.5, 10.75, 4.5, 10.75], "texture": "#1"},
				"down": {"uv": [4.5, 10.75, 4.5, 10.75], "texture": "#1"}
			}
		},
		{
			"from": [-0.71939, 6.76183, -4.7984],
			"to": [3.01901, 8.35557, -2.25833],
			"rotation": {"angle": 22.5, "axis": "x", "origin": [8.53314, 10.03293, -2.08807]},
			"faces": {
				"north": {"uv": [2.5, 9.25, 2.5, 9.25], "rotation": 90, "texture": "#1"},
				"east": {"uv": [2.5, 9.25, 2.5, 9.25], "rotation": 90, "texture": "#1"},
				"south": {"uv": [2.5, 9.25, 2.5, 9.25], "rotation": 90, "texture": "#1"},
				"west": {"uv": [2.5, 9.25, 2.5, 9.25], "rotation": 90, "texture": "#1"},
				"up": {"uv": [2.5, 9.25, 2.5, 9.25], "rotation": 90, "texture": "#1"},
				"down": {"uv": [2.5, 9.25, 2.5, 9.25], "rotation": 90, "texture": "#1"}
			}
		},
		{
			"from": [-0.71939, 9.97917, -4.7984],
			"to": [3.01901, 11.06099, -0.87309],
			"rotation": {"angle": 22.5, "axis": "x", "origin": [8.53314, 10.03293, -2.08807]},
			"faces": {
				"north": {"uv": [2.5, 9.25, 2.5, 9.25], "rotation": 90, "texture": "#1"},
				"east": {"uv": [2.5, 9.25, 2.5, 9.25], "rotation": 90, "texture": "#1"},
				"south": {"uv": [2.5, 9.25, 2.5, 9.25], "rotation": 90, "texture": "#1"},
				"west": {"uv": [2.5, 9.25, 2.5, 9.25], "rotation": 90, "texture": "#1"},
				"up": {"uv": [2.5, 9.25, 2.5, 9.25], "rotation": 90, "texture": "#1"},
				"down": {"uv": [2.5, 9.25, 2.5, 9.25], "rotation": 90, "texture": "#1"}
			}
		},
		{
			"from": [-0.51086, 7.10442, -4.61966],
			"to": [2.78069, 10.91752, -2.25833],
			"rotation": {"angle": 22.5, "axis": "x", "origin": [8.53314, 10.03293, -2.08807]},
			"faces": {
				"north": {"uv": [2.25, 10.25, 2.25, 10.25], "rotation": 90, "texture": "#1"},
				"east": {"uv": [2.25, 10.25, 2.25, 10.25], "rotation": 90, "texture": "#1"},
				"south": {"uv": [2.25, 10.25, 2.25, 10.25], "rotation": 90, "texture": "#1"},
				"west": {"uv": [2.25, 10.25, 2.25, 10.25], "rotation": 90, "texture": "#1"},
				"up": {"uv": [2.25, 10.25, 2.25, 10.25], "rotation": 90, "texture": "#1"},
				"down": {"uv": [2.25, 10.25, 2.25, 10.25], "rotation": 90, "texture": "#1"}
			}
		},
		{
			"from": [-0.22785, 5.03528, 1.4595],
			"to": [2.54237, 8.54061, 3.38773],
			"rotation": {"angle": 0, "axis": "y", "origin": [11.80424, 16.96019, 6.10298]},
			"faces": {
				"north": {"uv": [2.5, 9.5, 2.5, 9.5], "texture": "#1"},
				"east": {"uv": [2.5, 9.5, 2.5, 9.5], "texture": "#1"},
				"south": {"uv": [2.5, 9.5, 2.5, 9.5], "texture": "#1"},
				"west": {"uv": [2.5, 9.5, 2.5, 9.5], "texture": "#1"},
				"up": {"uv": [2.5, 9.5, 2.5, 9.5], "texture": "#1"},
				"down": {"uv": [2.5, 9.5, 2.5, 9.5], "texture": "#1"}
			}
		},
		{
			"from": [-0.22785, 5.03528, 3.52699],
			"to": [2.54237, 8.54061, 5.0574],
			"rotation": {"angle": 0, "axis": "y", "origin": [11.80424, 16.96019, 6.10298]},
			"faces": {
				"north": {"uv": [2.5, 9.5, 2.5, 9.5], "texture": "#1"},
				"east": {"uv": [2.5, 9.5, 2.5, 9.5], "texture": "#1"},
				"south": {"uv": [2.5, 9.5, 2.5, 9.5], "texture": "#1"},
				"west": {"uv": [2.5, 9.5, 2.5, 9.5], "texture": "#1"},
				"up": {"uv": [2.5, 9.5, 2.5, 9.5], "texture": "#1"},
				"down": {"uv": [2.5, 9.5, 2.5, 9.5], "texture": "#1"}
			}
		},
		{
			"from": [-0.22785, 5.03528, -0.7278],
			"to": [2.54237, 8.54061, 1.33769],
			"rotation": {"angle": 0, "axis": "y", "origin": [11.80424, 16.96019, 6.10298]},
			"faces": {
				"north": {"uv": [2.5, 9.5, 2.5, 9.5], "texture": "#1"},
				"east": {"uv": [2.5, 9.5, 2.5, 9.5], "texture": "#1"},
				"south": {"uv": [2.5, 9.5, 2.5, 9.5], "texture": "#1"},
				"west": {"uv": [2.5, 9.5, 2.5, 9.5], "texture": "#1"},
				"up": {"uv": [2.5, 9.5, 2.5, 9.5], "texture": "#1"},
				"down": {"uv": [2.5, 9.5, 2.5, 9.5], "texture": "#1"}
			}
		},
		{
			"from": [-0.47728, 5.42634, -3.81581],
			"to": [2.89796, 8.24082, 5.1132],
			"rotation": {"angle": 0, "axis": "y", "origin": [11.80424, 16.96019, 6.10298]},
			"faces": {
				"north": {"uv": [1.75, 10.75, 1.75, 10.75], "texture": "#1"},
				"east": {"uv": [1.75, 10.75, 1.75, 10.75], "texture": "#1"},
				"south": {"uv": [1.75, 10.75, 1.75, 10.75], "texture": "#1"},
				"west": {"uv": [1.75, 10.75, 1.75, 10.75], "texture": "#1"},
				"up": {"uv": [1.75, 10.75, 1.75, 10.75], "texture": "#1"},
				"down": {"uv": [1.75, 10.75, 1.75, 10.75], "texture": "#1"}
			}
		},
		{
			"from": [-0.71939, 6.62906, -5.67297],
			"to": [3.01901, 8.36187, -3.3353],
			"rotation": {"angle": 0, "axis": "y", "origin": [11.80424, 16.96019, 6.10298]},
			"faces": {
				"north": {"uv": [2.5, 9.5, 2.5, 9.5], "texture": "#1"},
				"east": {"uv": [2.5, 9.5, 2.5, 9.5], "texture": "#1"},
				"south": {"uv": [2.5, 9.5, 2.5, 9.5], "texture": "#1"},
				"west": {"uv": [2.5, 9.5, 2.5, 9.5], "texture": "#1"},
				"up": {"uv": [2.5, 9.5, 2.5, 9.5], "texture": "#1"},
				"down": {"uv": [2.5, 9.5, 2.5, 9.5], "texture": "#1"}
			}
		},
		{
			"from": [-0.71939, 5.18424, -5.67297],
			"to": [3.01901, 6.55957, -3.3353],
			"rotation": {"angle": 0, "axis": "y", "origin": [11.80424, 16.96019, 6.10298]},
			"faces": {
				"north": {"uv": [2.5, 9.5, 2.5, 9.5], "texture": "#1"},
				"east": {"uv": [2.5, 9.5, 2.5, 9.5], "texture": "#1"},
				"south": {"uv": [2.5, 9.5, 2.5, 9.5], "texture": "#1"},
				"west": {"uv": [2.5, 9.5, 2.5, 9.5], "texture": "#1"},
				"up": {"uv": [2.5, 9.5, 2.5, 9.5], "texture": "#1"},
				"down": {"uv": [2.5, 9.5, 2.5, 9.5], "texture": "#1"}
			}
		},
		{
			"from": [-0.64491, 6.31626, -5.62828],
			"to": [2.95943, 8.36187, -3.3353],
			"rotation": {"angle": 0, "axis": "y", "origin": [11.80424, 16.96019, 6.10298]},
			"faces": {
				"north": {"uv": [2, 10.5, 2, 10.5], "texture": "#1"},
				"east": {"uv": [2, 10.5, 2, 10.5], "texture": "#1"},
				"south": {"uv": [2, 10.5, 2, 10.5], "texture": "#1"},
				"west": {"uv": [2, 10.5, 2, 10.5], "texture": "#1"},
				"up": {"uv": [2, 10.5, 2, 10.5], "texture": "#1"},
				"down": {"uv": [2, 10.5, 2, 10.5], "texture": "#1"}
			}
		}
	],
	"gui_light": "front",
	"display": {
		"head": {
			"translation": [1, -7.75, 45],
			"scale": [4, 4, 4]
		}
	},
	"groups": [
		{
			"name": "group",
			"origin": [8.59247, 11.7664, 0.84019],
			"children": [0, 1, 2, 3, 4, 5, 6, 7, 8, 9, 10, 11, 12, 13, 14, 15, 16, 17, 18, 19, 20, 21, 22, 23, 24, 25, 26, 27, 28, 29, 30, 31, 32, 33, 34, 35, 36, 37, 38, 39, 40, 41, 42, 43, 44, 45, 46, 47, 48, 49, 50, 51, 52, 53, 54, 55, 56, 57, 58, 59, 60, 61, 62, 63, 64, 65, 66, 67, 68, 69, 70, 71, 72, 73, 74, 75, 76]
		},
		{
			"name": "group",
			"origin": [8.59247, 11.7664, 0.84019],
			"children": []
		},
		{
			"name": "group",
			"origin": [3.96009, 5.92767, 5.42432],
			"children": []
		},
		{
			"name": "group",
			"origin": [3.96009, 5.92767, 5.42432],
			"children": []
		}
	]
}