{
	"credit": "Made with Blockbench",
	"textures": {
		"1": "block/campfire_log",
		"particle": "block/bedrock"
	},
	"elements": [
		{
			"from": [3.56613, 10.45863, -13.2584],
			"to": [9.64613, 14.30929, -10.03927],
			"rotation": {"angle": 0, "axis": "y", "origin": [6.55546, 12.38396, -33.14715]},
			"faces": {
				"north": {"uv": [2.5, 9.5, 2.5, 9.5], "texture": "#1"},
				"east": {"uv": [2.5, 9.5, 2.5, 9.5], "texture": "#1"},
				"south": {"uv": [2.5, 9.5, 2.5, 9.5], "texture": "#1"},
				"west": {"uv": [2.5, 9.5, 2.5, 9.5], "texture": "#1"},
				"up": {"uv": [2.5, 9.5, 2.5, 9.5], "texture": "#1"},
				"down": {"uv": [2.5, 9.5, 2.5, 9.5], "texture": "#1"}
			}
		},
		{
			"from": [4.3768, 8.43196, -13.30654],
			"to": [8.6328, 16.33596, -8.92849],
			"rotation": {"angle": 0, "axis": "y", "origin": [6.55546, 12.38396, -33.14715]},
			"faces": {
				"north": {"uv": [2.5, 9.5, 2.5, 9.5], "texture": "#1"},
				"east": {"uv": [2.5, 9.5, 2.5, 9.5], "texture": "#1"},
				"south": {"uv": [2.5, 9.5, 2.5, 9.5], "texture": "#1"},
				"west": {"uv": [2.5, 9.5, 2.5, 9.5], "texture": "#1"},
				"up": {"uv": [2.5, 9.5, 2.5, 9.5], "texture": "#1"},
				"down": {"uv": [2.5, 9.5, 2.5, 9.5], "texture": "#1"}
			}
		},
		{
			"from": [0.93146, 8.5749, -13.27241],
			"to": [11.47013, 13.4389, -10.2149],
			"rotation": {"angle": 0, "axis": "y", "origin": [17.1448, 21.3429, 4.78243]},
			"faces": {
				"north": {"uv": [2.5, 9.5, 2.5, 9.5], "texture": "#1"},
				"east": {"uv": [2.5, 9.5, 2.5, 9.5], "texture": "#1"},
				"south": {"uv": [2.5, 9.5, 2.5, 9.5], "texture": "#1"},
				"west": {"uv": [2.5, 9.5, 2.5, 9.5], "texture": "#1"},
				"up": {"uv": [2.5, 9.5, 2.5, 9.5], "texture": "#1"},
				"down": {"uv": [2.5, 9.5, 2.5, 9.5], "texture": "#1"}
			}
		},
		{
			"from": [3.56613, 6.72529, -11.16849],
			"to": [9.64613, 10.57596, -4.12849],
			"rotation": {"angle": 22.5, "axis": "x", "origin": [6.55546, 8.65063, -0.71515]},
			"faces": {
				"north": {"uv": [2.334, 9.334, 2.334, 9.334], "texture": "#1"},
				"east": {"uv": [2.334, 9.334, 2.334, 9.334], "texture": "#1"},
				"south": {"uv": [2.334, 9.334, 2.334, 9.334], "texture": "#1"},
				"west": {"uv": [2.334, 9.334, 2.334, 9.334], "texture": "#1"},
				"up": {"uv": [2.334, 9.334, 2.334, 9.334], "texture": "#1"},
				"down": {"uv": [2.334, 9.334, 2.334, 9.334], "texture": "#1"}
			}
		},
		{
			"from": [4.3768, 4.69863, -11.16849],
			"to": [8.6328, 12.60263, -4.12849],
			"rotation": {"angle": 22.5, "axis": "x", "origin": [6.55546, 8.65063, -0.71515]},
			"faces": {
				"north": {"uv": [2.5, 9.5, 2.5, 9.5], "texture": "#1"},
				"east": {"uv": [2.5, 9.5, 2.5, 9.5], "texture": "#1"},
				"south": {"uv": [2.5, 9.5, 2.5, 9.5], "texture": "#1"},
				"west": {"uv": [2.5, 9.5, 2.5, 9.5], "texture": "#1"},
				"up": {"uv": [2.5, 9.5, 2.5, 9.5], "texture": "#1"},
				"down": {"uv": [2.5, 9.5, 2.5, 9.5], "texture": "#1"}
			}
		},
		{
			"from": [3.98464, 7.3663, -3.91976],
			"to": [9.21344, 10.67787, 3.18593],
			"rotation": {"angle": 22.5, "axis": "x", "origin": [6.55546, 9.02208, -1.61193]},
			"faces": {
				"north": {"uv": [2.5, 9.334, 2.5, 9.334], "texture": "#1"},
				"east": {"uv": [2.5, 9.334, 2.5, 9.334], "texture": "#1"},
				"south": {"uv": [2.5, 9.334, 2.5, 9.334], "texture": "#1"},
				"west": {"uv": [2.5, 9.334, 2.5, 9.334], "texture": "#1"},
				"up": {"uv": [2.5, 9.334, 2.5, 9.334], "texture": "#1"},
				"down": {"uv": [2.5, 9.334, 2.5, 9.334], "texture": "#1"}
			}
		},
		{
			"from": [4.68181, 5.62336, -3.91976],
			"to": [8.34197, 12.4208, 3.18593],
			"rotation": {"angle": 22.5, "axis": "x", "origin": [6.55546, 9.02208, -1.61193]},
			"faces": {
				"north": {"uv": [2.5, 9.334, 2.5, 9.334], "texture": "#1"},
				"east": {"uv": [2.5, 9.334, 2.5, 9.334], "texture": "#1"},
				"south": {"uv": [2.5, 9.334, 2.5, 9.334], "texture": "#1"},
				"west": {"uv": [2.5, 9.334, 2.5, 9.334], "texture": "#1"},
				"up": {"uv": [2.5, 9.334, 2.5, 9.334], "texture": "#1"},
				"down": {"uv": [2.5, 9.334, 2.5, 9.334], "texture": "#1"}
			}
		},
		{
			"from": [4.34455, 7.56039, 3.53038],
			"to": [8.84132, 10.40834, 12.20529],
			"rotation": {"angle": 22.5, "axis": "x", "origin": [6.55546, 8.98437, -1.52087]},
			"faces": {
				"north": {"uv": [2.5, 9.334, 2.5, 9.334], "texture": "#1"},
				"east": {"uv": [2.5, 9.334, 2.5, 9.334], "texture": "#1"},
				"south": {"uv": [2.5, 9.334, 2.5, 9.334], "texture": "#1"},
				"west": {"uv": [2.5, 9.334, 2.5, 9.334], "texture": "#1"},
				"up": {"uv": [2.5, 9.334, 2.5, 9.334], "texture": "#1"},
				"down": {"uv": [2.5, 9.334, 2.5, 9.334], "texture": "#1"}
			}
		},
		{
			"from": [4.94412, 6.06147, 3.53038],
			"to": [8.09186, 11.90727, 12.20529],
			"rotation": {"angle": 22.5, "axis": "x", "origin": [6.55546, 8.98437, -1.52087]},
			"faces": {
				"north": {"uv": [2.5, 9.334, 2.5, 9.334], "texture": "#1"},
				"east": {"uv": [2.5, 9.334, 2.5, 9.334], "texture": "#1"},
				"south": {"uv": [2.5, 9.334, 2.5, 9.334], "texture": "#1"},
				"west": {"uv": [2.5, 9.334, 2.5, 9.334], "texture": "#1"},
				"up": {"uv": [2.5, 9.334, 2.5, 9.334], "texture": "#1"},
				"down": {"uv": [2.5, 9.334, 2.5, 9.334], "texture": "#1"}
			}
		},
		{
			"from": [4.60986, 2.57144, 20.78213],
			"to": [8.56702, 5.07764, 29.86909],
			"rotation": {"angle": 0, "axis": "y", "origin": [6.55546, 5.69121, 6.42952]},
			"faces": {
				"north": {"uv": [2.5, 9.334, 2.5, 9.334], "texture": "#1"},
				"east": {"uv": [2.5, 9.334, 2.5, 9.334], "texture": "#1"},
				"south": {"uv": [2.5, 9.334, 2.5, 9.334], "texture": "#1"},
				"west": {"uv": [2.5, 9.334, 2.5, 9.334], "texture": "#1"},
				"up": {"uv": [2.5, 9.334, 2.5, 9.334], "texture": "#1"},
				"down": {"uv": [2.5, 9.334, 2.5, 9.334], "texture": "#1"}
			}
		},
		{
			"from": [5.13748, 1.25239, 20.78213],
			"to": [7.90749, 6.39669, 29.86909],
			"rotation": {"angle": 0, "axis": "y", "origin": [6.55546, 5.69121, 6.42952]},
			"faces": {
				"north": {"uv": [2.5, 9.334, 2.5, 9.334], "texture": "#1"},
				"east": {"uv": [2.5, 9.334, 2.5, 9.334], "texture": "#1"},
				"south": {"uv": [2.5, 9.334, 2.5, 9.334], "texture": "#1"},
				"west": {"uv": [2.5, 9.334, 2.5, 9.334], "texture": "#1"},
				"up": {"uv": [2.5, 9.334, 2.5, 9.334], "texture": "#1"},
				"down": {"uv": [2.5, 9.334, 2.5, 9.334], "texture": "#1"}
			}
		},
		{
			"from": [4.60986, 2.57144, 10.18994],
			"to": [8.56702, 5.07764, 12.53575],
			"rotation": {"angle": 0, "axis": "y", "origin": [6.55546, 5.69121, 6.42952]},
			"faces": {
				"north": {"uv": [2.5, 9.334, 2.5, 9.334], "texture": "#1"},
				"east": {"uv": [2.5, 9.334, 2.5, 9.334], "texture": "#1"},
				"south": {"uv": [2.5, 9.334, 2.5, 9.334], "texture": "#1"},
				"west": {"uv": [2.5, 9.334, 2.5, 9.334], "texture": "#1"},
				"up": {"uv": [2.5, 9.334, 2.5, 9.334], "texture": "#1"},
				"down": {"uv": [2.5, 9.334, 2.5, 9.334], "texture": "#1"}
			}
		},
		{
			"from": [5.13748, 1.25239, 10.18994],
			"to": [7.90749, 6.39669, 12.53575],
			"rotation": {"angle": 0, "axis": "y", "origin": [6.55546, 5.69121, 6.42952]},
			"faces": {
				"north": {"uv": [2.5, 9.334, 2.5, 9.334], "texture": "#1"},
				"east": {"uv": [2.5, 9.334, 2.5, 9.334], "texture": "#1"},
				"south": {"uv": [2.5, 9.334, 2.5, 9.334], "texture": "#1"},
				"west": {"uv": [2.5, 9.334, 2.5, 9.334], "texture": "#1"},
				"up": {"uv": [2.5, 9.334, 2.5, 9.334], "texture": "#1"},
				"down": {"uv": [2.5, 9.334, 2.5, 9.334], "texture": "#1"}
			}
		},
		{
			"from": [5.13748, 1.25239, 12.78213],
			"to": [7.90749, 6.39669, 20.53575],
			"rotation": {"angle": 0, "axis": "y", "origin": [6.55546, 5.69121, 6.42952]},
			"faces": {
				"north": {"uv": [2.5, 9.334, 2.5, 9.334], "texture": "#1"},
				"east": {"uv": [2.5, 9.334, 2.5, 9.334], "texture": "#1"},
				"south": {"uv": [2.5, 9.334, 2.5, 9.334], "texture": "#1"},
				"west": {"uv": [2.5, 9.334, 2.5, 9.334], "texture": "#1"},
				"up": {"uv": [2.5, 9.334, 2.5, 9.334], "texture": "#1"},
				"down": {"uv": [2.5, 9.334, 2.5, 9.334], "texture": "#1"}
			}
		},
		{
			"from": [4.60986, 2.57144, 12.78213],
			"to": [8.56702, 5.07764, 20.53575],
			"rotation": {"angle": 0, "axis": "y", "origin": [6.55546, 5.69121, 6.42952]},
			"faces": {
				"north": {"uv": [2.5, 9.334, 2.5, 9.334], "texture": "#1"},
				"east": {"uv": [2.5, 9.334, 2.5, 9.334], "texture": "#1"},
				"south": {"uv": [2.5, 9.334, 2.5, 9.334], "texture": "#1"},
				"west": {"uv": [2.5, 9.334, 2.5, 9.334], "texture": "#1"},
				"up": {"uv": [2.5, 9.334, 2.5, 9.334], "texture": "#1"},
				"down": {"uv": [2.5, 9.334, 2.5, 9.334], "texture": "#1"}
			}
		},
		{
			"from": [5.29898, 1.47849, 10.43004],
			"to": [7.68139, 6.28364, 29.57839],
			"rotation": {"angle": 0, "axis": "y", "origin": [6.55546, 5.69121, 6.42952]},
			"faces": {
				"north": {"uv": [3.667, 9.667, 3.667, 9.667], "texture": "#1"},
				"east": {"uv": [3.667, 9.667, 3.667, 9.667], "texture": "#1"},
				"south": {"uv": [3.667, 9.667, 3.667, 9.667], "texture": "#1"},
				"west": {"uv": [3.667, 9.667, 3.667, 9.667], "texture": "#1"},
				"up": {"uv": [3.667, 9.667, 3.667, 9.667], "texture": "#1"},
				"down": {"uv": [3.667, 9.667, 3.667, 9.667], "texture": "#1"}
			}
		},
		{
			"from": [4.77136, 2.79754, 10.43004],
			"to": [8.34092, 4.96459, 29.57839],
			"rotation": {"angle": 0, "axis": "y", "origin": [6.55546, 5.69121, 6.42952]},
			"faces": {
				"north": {"uv": [3.667, 9.667, 3.667, 9.667], "texture": "#1"},
				"east": {"uv": [3.667, 9.667, 3.667, 9.667], "texture": "#1"},
				"south": {"uv": [3.667, 9.667, 3.667, 9.667], "texture": "#1"},
				"west": {"uv": [3.667, 9.667, 3.667, 9.667], "texture": "#1"},
				"up": {"uv": [3.667, 9.667, 3.667, 9.667], "texture": "#1"},
				"down": {"uv": [3.667, 9.667, 3.667, 9.667], "texture": "#1"}
			}
		},
		{
			"from": [4.50605, 7.67344, -6.96706],
			"to": [8.59907, 10.18225, 12.20529],
			"rotation": {"angle": 22.5, "axis": "x", "origin": [6.55546, 8.98437, -1.52087]},
			"faces": {
				"north": {"uv": [3.334, 9.5, 3.334, 9.5], "texture": "#1"},
				"east": {"uv": [3.334, 9.5, 3.334, 9.5], "texture": "#1"},
				"south": {"uv": [3.334, 9.5, 3.334, 9.5], "texture": "#1"},
				"west": {"uv": [3.334, 9.5, 3.334, 9.5], "texture": "#1"},
				"up": {"uv": [3.334, 9.5, 3.334, 9.5], "texture": "#1"},
				"down": {"uv": [3.334, 9.5, 3.334, 9.5], "texture": "#1"}
			}
		},
		{
			"from": [5.10562, 6.17452, -6.96706],
			"to": [7.84961, 11.68117, 12.20529],
			"rotation": {"angle": 22.5, "axis": "x", "origin": [6.55546, 8.98437, -1.52087]},
			"faces": {
				"north": {"uv": [3.334, 9.5, 3.334, 9.5], "texture": "#1"},
				"east": {"uv": [3.334, 9.5, 3.334, 9.5], "texture": "#1"},
				"south": {"uv": [3.334, 9.5, 3.334, 9.5], "texture": "#1"},
				"west": {"uv": [3.334, 9.5, 3.334, 9.5], "texture": "#1"},
				"up": {"uv": [3.334, 9.5, 3.334, 9.5], "texture": "#1"},
				"down": {"uv": [3.334, 9.5, 3.334, 9.5], "texture": "#1"}
			}
		}
	],
	"gui_light": "front",
	"display": {
		"head": {
			"translation": [7, -18, 80],
			"scale": [4, 4, 4]
		}
	},
	"groups": [0, 1, 2,
		{
			"name": "group",
			"origin": [8.59247, 11.7664, 0.84019],
			"children": []
		},
		{
			"name": "group",
			"origin": [8.59247, 11.7664, 0.84019],
			"children": []
		},
		{
			"name": "group",
			"origin": [3.82295, 0.78029, 12.13906],
			"children": []
		},
		{
			"name": "group",
			"origin": [3.02918, 5.35984, -0.18895],
			"children": []
		},
		{
			"name": "group",
			"origin": [3.96009, 5.92767, 5.42432],
			"children": []
		},
		{
			"name": "group",
			"origin": [3.96009, 5.92767, 5.42432],
			"children": []
		},
		{
			"name": "wing",
			"origin": [12.88707, 13.1942, 4.39626],
			"children": []
		},
		{
			"name": "group",
			"origin": [3.02918, 5.35984, -0.18895],
			"children": []
		},
		{
			"name": "group",
			"origin": [3.02918, 5.35984, -0.18895],
			"children": []
		},
		{
			"name": "group",
			"origin": [3.02918, 5.35984, -0.18895],
			"children": [
				{
					"name": "wing",
					"origin": [-2.82637, 14.38799, -0.81081],
					"children": []
				},
				{
					"name": "wing",
					"origin": [-2.82637, 14.38799, -0.81081],
					"children": []
				}
			]
		},
		{
			"name": "sixtupo",
			"origin": [6.54168, 7.90805, 16.94719],
			"children": [3, 4, 5, 6, 7, 8, 9, 10, 11, 12, 13, 14, 15, 16, 17, 18]
		}
	]
}