{
	"credit": "Made with Blockbench",
	"textures": {
		"1": "block/campfire_log",
		"particle": "block/bedrock"
	},
	"elements": [
		{
			"from": [17.19796, 13.63296, -3.73346],
			"to": [23.10937, 14.83738, -2.20152],
			"rotation": {"angle": -22.5, "axis": "z", "origin": [20.04134, 14.4872, 4.82145]},
			"faces": {
				"north": {"uv": [2.667, 9.5, 2.667, 9.5], "rotation": 270, "texture": "#1"},
				"east": {"uv": [2.667, 9.5, 2.667, 9.5], "rotation": 90, "texture": "#1"},
				"south": {"uv": [2.667, 9.5, 2.667, 9.5], "rotation": 90, "texture": "#1"},
				"west": {"uv": [2.667, 9.5, 2.667, 9.5], "rotation": 90, "texture": "#1"},
				"up": {"uv": [2.667, 9.5, 2.667, 9.5], "rotation": 90, "texture": "#1"},
				"down": {"uv": [2.667, 9.5, 2.667, 9.5], "rotation": 90, "texture": "#1"}
			}
		},
		{
			"from": [22.06077, 13.63296, -2.80569],
			"to": [27.57228, 14.83738, -1.68965],
			"rotation": {"angle": -22.5, "axis": "z", "origin": [20.04134, 14.4872, 4.82145]},
			"faces": {
				"north": {"uv": [2.667, 9.5, 2.667, 9.5], "rotation": 270, "texture": "#1"},
				"east": {"uv": [2.667, 9.5, 2.667, 9.5], "rotation": 90, "texture": "#1"},
				"south": {"uv": [2.667, 9.5, 2.667, 9.5], "rotation": 90, "texture": "#1"},
				"west": {"uv": [2.667, 9.5, 2.667, 9.5], "rotation": 90, "texture": "#1"},
				"up": {"uv": [2.667, 9.5, 2.667, 9.5], "rotation": 90, "texture": "#1"},
				"down": {"uv": [2.667, 9.5, 2.667, 9.5], "rotation": 90, "texture": "#1"}
			}
		},
		{
			"from": [17.25517, 13.70165, -3.63816],
			"to": [20.46242, 14.73802, 19.01627],
			"rotation": {"angle": -22.5, "axis": "z", "origin": [20.04134, 14.4872, 4.82145]},
			"faces": {
				"north": {"uv": [3.667, 9.5, 3.667, 9.5], "rotation": 270, "texture": "#1"},
				"east": {"uv": [3.667, 9.5, 3.667, 9.5], "rotation": 90, "texture": "#1"},
				"south": {"uv": [3.667, 9.5, 3.667, 9.5], "rotation": 90, "texture": "#1"},
				"west": {"uv": [3.667, 9.5, 3.667, 9.5], "rotation": 90, "texture": "#1"},
				"up": {"uv": [3.667, 9.5, 3.667, 9.5], "rotation": 90, "texture": "#1"},
				"down": {"uv": [3.667, 9.5, 3.667, 9.5], "rotation": 90, "texture": "#1"}
			}
		},
		{
			"from": [17.25517, 14.03234, -3.63816],
			"to": [20.46242, 14.46885, 22.11518],
			"rotation": {"angle": -22.5, "axis": "z", "origin": [20.04134, 14.4872, 4.82145]},
			"faces": {
				"north": {"uv": [4.5, 10.5, 4.5, 10.5], "rotation": 90, "texture": "#1"},
				"east": {"uv": [4.5, 10.5, 4.5, 10.5], "rotation": 90, "texture": "#1"},
				"south": {"uv": [4.5, 10.5, 4.5, 10.5], "rotation": 90, "texture": "#1"},
				"west": {"uv": [4.5, 10.5, 4.5, 10.5], "rotation": 90, "texture": "#1"},
				"up": {"uv": [4.5, 10.5, 4.5, 10.5], "rotation": 90, "texture": "#1"},
				"down": {"uv": [4.5, 10.5, 4.5, 10.5], "rotation": 90, "texture": "#1"}
			}
		},
		{
			"from": [17.25517, 13.70165, -2.13453],
			"to": [26.60416, 14.73802, 8.00461],
			"rotation": {"angle": -22.5, "axis": "z", "origin": [20.04134, 14.4872, 4.82145]},
			"faces": {
				"north": {"uv": [3.667, 9.5, 3.667, 9.5], "rotation": 270, "texture": "#1"},
				"east": {"uv": [3.667, 9.5, 3.667, 9.5], "rotation": 90, "texture": "#1"},
				"south": {"uv": [3.667, 9.5, 3.667, 9.5], "rotation": 90, "texture": "#1"},
				"west": {"uv": [3.667, 9.5, 3.667, 9.5], "rotation": 90, "texture": "#1"},
				"up": {"uv": [3.667, 9.5, 3.667, 9.5], "rotation": 90, "texture": "#1"},
				"down": {"uv": [3.667, 9.5, 3.667, 9.5], "rotation": 90, "texture": "#1"}
			}
		},
		{
			"from": [17.25517, 14.03234, -2.13453],
			"to": [27.06559, 14.46885, 9.96534],
			"rotation": {"angle": -22.5, "axis": "z", "origin": [20.04134, 14.4872, 4.82145]},
			"faces": {
				"north": {"uv": [4.5, 10.5, 4.5, 10.5], "rotation": 90, "texture": "#1"},
				"east": {"uv": [4.5, 10.5, 4.5, 10.5], "rotation": 90, "texture": "#1"},
				"south": {"uv": [4.5, 10.5, 4.5, 10.5], "rotation": 90, "texture": "#1"},
				"west": {"uv": [4.5, 10.5, 4.5, 10.5], "rotation": 90, "texture": "#1"},
				"up": {"uv": [4.5, 10.5, 4.5, 10.5], "rotation": 90, "texture": "#1"},
				"down": {"uv": [4.5, 10.5, 4.5, 10.5], "rotation": 90, "texture": "#1"}
			}
		},
		{
			"from": [17.25517, 13.70165, -2.55043],
			"to": [24.27343, 14.73802, 12.31232],
			"rotation": {"angle": -22.5, "axis": "z", "origin": [20.04134, 14.4872, 4.82145]},
			"faces": {
				"north": {"uv": [3.667, 9.5, 3.667, 9.5], "rotation": 270, "texture": "#1"},
				"east": {"uv": [3.667, 9.5, 3.667, 9.5], "rotation": 90, "texture": "#1"},
				"south": {"uv": [3.667, 9.5, 3.667, 9.5], "rotation": 90, "texture": "#1"},
				"west": {"uv": [3.667, 9.5, 3.667, 9.5], "rotation": 90, "texture": "#1"},
				"up": {"uv": [3.667, 9.5, 3.667, 9.5], "rotation": 90, "texture": "#1"},
				"down": {"uv": [3.667, 9.5, 3.667, 9.5], "rotation": 90, "texture": "#1"}
			}
		},
		{
			"from": [17.25517, 14.03234, -2.55043],
			"to": [25.48083, 14.46885, 13.13487],
			"rotation": {"angle": -22.5, "axis": "z", "origin": [20.04134, 14.4872, 4.82145]},
			"faces": {
				"north": {"uv": [4.5, 10.5, 4.5, 10.5], "rotation": 90, "texture": "#1"},
				"east": {"uv": [4.5, 10.5, 4.5, 10.5], "rotation": 90, "texture": "#1"},
				"south": {"uv": [4.5, 10.5, 4.5, 10.5], "rotation": 90, "texture": "#1"},
				"west": {"uv": [4.5, 10.5, 4.5, 10.5], "rotation": 90, "texture": "#1"},
				"up": {"uv": [4.5, 10.5, 4.5, 10.5], "rotation": 90, "texture": "#1"},
				"down": {"uv": [4.5, 10.5, 4.5, 10.5], "rotation": 90, "texture": "#1"}
			}
		},
		{
			"from": [17.25517, 13.70165, -3.63816],
			"to": [21.61414, 14.73802, 15.41635],
			"rotation": {"angle": -22.5, "axis": "z", "origin": [20.04134, 14.4872, 4.82145]},
			"faces": {
				"north": {"uv": [3.667, 9.5, 3.667, 9.5], "rotation": 270, "texture": "#1"},
				"east": {"uv": [3.667, 9.5, 3.667, 9.5], "rotation": 90, "texture": "#1"},
				"south": {"uv": [3.667, 9.5, 3.667, 9.5], "rotation": 90, "texture": "#1"},
				"west": {"uv": [3.667, 9.5, 3.667, 9.5], "rotation": 90, "texture": "#1"},
				"up": {"uv": [3.667, 9.5, 3.667, 9.5], "rotation": 90, "texture": "#1"},
				"down": {"uv": [3.667, 9.5, 3.667, 9.5], "rotation": 90, "texture": "#1"}
			}
		},
		{
			"from": [17.25517, 14.03234, -3.63816],
			"to": [22.57544, 14.46885, 19.73804],
			"rotation": {"angle": -22.5, "axis": "z", "origin": [20.04134, 14.4872, 4.82145]},
			"faces": {
				"north": {"uv": [4.5, 10.5, 4.5, 10.5], "rotation": 90, "texture": "#1"},
				"east": {"uv": [4.5, 10.5, 4.5, 10.5], "rotation": 90, "texture": "#1"},
				"south": {"uv": [4.5, 10.5, 4.5, 10.5], "rotation": 90, "texture": "#1"},
				"west": {"uv": [4.5, 10.5, 4.5, 10.5], "rotation": 90, "texture": "#1"},
				"up": {"uv": [4.5, 10.5, 4.5, 10.5], "rotation": 90, "texture": "#1"},
				"down": {"uv": [4.5, 10.5, 4.5, 10.5], "rotation": 90, "texture": "#1"}
			}
		},
		{
			"from": [-0.08233, 12.01031, -3.73346],
			"to": [5.51735, 13.014, -2.20152],
			"rotation": {"angle": 22.5, "axis": "z", "origin": [11.05854, 12.51216, 6.80521]},
			"faces": {
				"north": {"uv": [2.667, 9.5, 2.667, 9.5], "texture": "#1"},
				"east": {"uv": [2.667, 9.5, 2.667, 9.5], "texture": "#1"},
				"south": {"uv": [2.667, 9.5, 2.667, 9.5], "texture": "#1"},
				"west": {"uv": [2.667, 9.5, 2.667, 9.5], "texture": "#1"},
				"up": {"uv": [2.667, 9.5, 2.667, 9.5], "texture": "#1"},
				"down": {"uv": [2.667, 9.5, 2.667, 9.5], "texture": "#1"}
			}
		},
		{
			"from": [12.58657, 12.01031, -3.73346],
			"to": [18.29823, 13.014, -2.20152],
			"rotation": {"angle": 22.5, "axis": "z", "origin": [11.05854, 12.51216, 6.80521]},
			"faces": {
				"north": {"uv": [2.667, 9.5, 2.667, 9.5], "texture": "#1"},
				"east": {"uv": [2.667, 9.5, 2.667, 9.5], "texture": "#1"},
				"south": {"uv": [2.667, 9.5, 2.667, 9.5], "texture": "#1"},
				"west": {"uv": [2.667, 9.5, 2.667, 9.5], "texture": "#1"},
				"up": {"uv": [2.667, 9.5, 2.667, 9.5], "texture": "#1"},
				"down": {"uv": [2.667, 9.5, 2.667, 9.5], "texture": "#1"}
			}
		},
		{
			"from": [4.54054, 12.01031, -4.64524],
			"to": [13.4994, 13.014, -3.41723],
			"rotation": {"angle": 22.5, "axis": "z", "origin": [11.05854, 12.51216, 6.80521]},
			"faces": {
				"north": {"uv": [2.667, 9.5, 2.667, 9.5], "texture": "#1"},
				"east": {"uv": [2.667, 9.5, 2.667, 9.5], "texture": "#1"},
				"south": {"uv": [2.667, 9.5, 2.667, 9.5], "texture": "#1"},
				"west": {"uv": [2.667, 9.5, 2.667, 9.5], "texture": "#1"},
				"up": {"uv": [2.667, 9.5, 2.667, 9.5], "texture": "#1"},
				"down": {"uv": [2.667, 9.5, 2.667, 9.5], "texture": "#1"}
			}
		},
		{
			"from": [6.52084, 12.01031, -3.6371],
			"to": [7.2287, 13.014, 3.8734],
			"rotation": {"angle": 22.5, "axis": "z", "origin": [11.05854, 12.51216, 6.80521]},
			"faces": {
				"north": {"uv": [2.667, 9.5, 2.667, 9.5], "texture": "#1"},
				"east": {"uv": [2.667, 9.5, 2.667, 9.5], "texture": "#1"},
				"south": {"uv": [2.667, 9.5, 2.667, 9.5], "texture": "#1"},
				"west": {"uv": [2.667, 9.5, 2.667, 9.5], "texture": "#1"},
				"up": {"uv": [2.667, 9.5, 2.667, 9.5], "texture": "#1"},
				"down": {"uv": [2.667, 9.5, 2.667, 9.5], "texture": "#1"}
			}
		},
		{
			"from": [17.19796, 14.12952, -3.20521],
			"to": [18.20164, 14.83738, 3.8734],
			"rotation": {"angle": -22.5, "axis": "z", "origin": [20.04134, 14.4872, 4.82145]},
			"faces": {
				"north": {"uv": [2.667, 9.5, 2.667, 9.5], "rotation": 270, "texture": "#1"},
				"east": {"uv": [2.667, 9.5, 2.667, 9.5], "rotation": 90, "texture": "#1"},
				"south": {"uv": [2.667, 9.5, 2.667, 9.5], "rotation": 90, "texture": "#1"},
				"west": {"uv": [2.667, 9.5, 2.667, 9.5], "rotation": 90, "texture": "#1"},
				"up": {"uv": [2.667, 9.5, 2.667, 9.5], "rotation": 90, "texture": "#1"},
				"down": {"uv": [2.667, 9.5, 2.667, 9.5], "rotation": 90, "texture": "#1"}
			}
		},
		{
			"from": [7.0491, 12.01031, 1.81321],
			"to": [7.75696, 13.014, 8.89181],
			"rotation": {"angle": 22.5, "axis": "z", "origin": [11.05854, 12.51216, 6.80521]},
			"faces": {
				"north": {"uv": [2.667, 9.5, 2.667, 9.5], "texture": "#1"},
				"east": {"uv": [2.667, 9.5, 2.667, 9.5], "texture": "#1"},
				"south": {"uv": [2.667, 9.5, 2.667, 9.5], "texture": "#1"},
				"west": {"uv": [2.667, 9.5, 2.667, 9.5], "texture": "#1"},
				"up": {"uv": [2.667, 9.5, 2.667, 9.5], "texture": "#1"},
				"down": {"uv": [2.667, 9.5, 2.667, 9.5], "texture": "#1"}
			}
		},
		{
			"from": [17.19796, 14.65778, 1.81321],
			"to": [18.20164, 15.36564, 8.89181],
			"rotation": {"angle": -22.5, "axis": "z", "origin": [20.04134, 14.4872, 4.82145]},
			"faces": {
				"north": {"uv": [2.667, 9.5, 2.667, 9.5], "rotation": 270, "texture": "#1"},
				"east": {"uv": [2.667, 9.5, 2.667, 9.5], "rotation": 90, "texture": "#1"},
				"south": {"uv": [2.667, 9.5, 2.667, 9.5], "rotation": 90, "texture": "#1"},
				"west": {"uv": [2.667, 9.5, 2.667, 9.5], "rotation": 90, "texture": "#1"},
				"up": {"uv": [2.667, 9.5, 2.667, 9.5], "rotation": 90, "texture": "#1"},
				"down": {"uv": [2.667, 9.5, 2.667, 9.5], "rotation": 90, "texture": "#1"}
			}
		},
		{
			"from": [9.26284, 12.29486, 22.05953],
			"to": [9.68204, 12.82174, 23.52142],
			"rotation": {"angle": 22.5, "axis": "z", "origin": [11.05854, 12.51216, 6.80521]},
			"faces": {
				"north": {"uv": [2.333, 8.5, 2.333, 8.5], "texture": "#1"},
				"east": {"uv": [2.333, 8.5, 2.333, 8.5], "texture": "#1"},
				"south": {"uv": [2.333, 8.5, 2.333, 8.5], "texture": "#1"},
				"west": {"uv": [2.333, 8.5, 2.333, 8.5], "texture": "#1"},
				"up": {"uv": [2.333, 8.5, 2.333, 8.5], "texture": "#1"},
				"down": {"uv": [2.333, 8.5, 2.333, 8.5], "texture": "#1"}
			}
		},
		{
			"from": [10.4057, 12.29486, 19.1389],
			"to": [10.65103, 12.82174, 22.35248],
			"rotation": {"angle": 22.5, "axis": "z", "origin": [11.05854, 12.51216, 6.80521]},
			"faces": {
				"north": {"uv": [2.333, 8.5, 2.333, 8.5], "texture": "#1"},
				"east": {"uv": [2.333, 8.5, 2.333, 8.5], "texture": "#1"},
				"south": {"uv": [2.333, 8.5, 2.333, 8.5], "texture": "#1"},
				"west": {"uv": [2.333, 8.5, 2.333, 8.5], "texture": "#1"},
				"up": {"uv": [2.333, 8.5, 2.333, 8.5], "texture": "#1"},
				"down": {"uv": [2.333, 8.5, 2.333, 8.5], "texture": "#1"}
			}
		},
		{
			"from": [5.32633, 12.29486, 19.1389],
			"to": [5.57166, 12.82174, 22.35248],
			"rotation": {"angle": 22.5, "axis": "z", "origin": [11.05854, 12.51216, 6.80521]},
			"faces": {
				"north": {"uv": [2.333, 8.5, 2.333, 8.5], "texture": "#1"},
				"east": {"uv": [2.333, 8.5, 2.333, 8.5], "texture": "#1"},
				"south": {"uv": [2.333, 8.5, 2.333, 8.5], "texture": "#1"},
				"west": {"uv": [2.333, 8.5, 2.333, 8.5], "texture": "#1"},
				"up": {"uv": [2.333, 8.5, 2.333, 8.5], "texture": "#1"},
				"down": {"uv": [2.333, 8.5, 2.333, 8.5], "texture": "#1"}
			}
		},
		{
			"from": [0.10288, 12.29486, -2.64728],
			"to": [0.34427, 12.82174, 10.45023],
			"rotation": {"angle": 22.5, "axis": "z", "origin": [11.05854, 12.51216, 6.80521]},
			"faces": {
				"north": {"uv": [2.333, 8.5, 2.333, 8.5], "texture": "#1"},
				"east": {"uv": [2.333, 8.5, 2.333, 8.5], "texture": "#1"},
				"south": {"uv": [2.333, 8.5, 2.333, 8.5], "texture": "#1"},
				"west": {"uv": [2.333, 8.5, 2.333, 8.5], "texture": "#1"},
				"up": {"uv": [2.333, 8.5, 2.333, 8.5], "texture": "#1"},
				"down": {"uv": [2.333, 8.5, 2.333, 8.5], "texture": "#1"}
			}
		},
		{
			"from": [0.10288, 12.01031, 10.12652],
			"to": [2.32071, 13.014, 10.45023],
			"rotation": {"angle": 22.5, "axis": "z", "origin": [11.05854, 12.51216, 6.80521]},
			"faces": {
				"north": {"uv": [2.667, 9.5, 2.667, 9.5], "texture": "#1"},
				"east": {"uv": [2.667, 9.5, 2.667, 9.5], "texture": "#1"},
				"south": {"uv": [2.667, 9.5, 2.667, 9.5], "texture": "#1"},
				"west": {"uv": [2.667, 9.5, 2.667, 9.5], "texture": "#1"},
				"up": {"uv": [2.667, 9.5, 2.667, 9.5], "texture": "#1"},
				"down": {"uv": [2.667, 9.5, 2.667, 9.5], "texture": "#1"}
			}
		},
		{
			"from": [2.00241, 12.29486, 10.12652],
			"to": [2.32071, 12.82174, 15.24136],
			"rotation": {"angle": 22.5, "axis": "z", "origin": [11.05854, 12.51216, 6.80521]},
			"faces": {
				"north": {"uv": [2.333, 8.5, 2.333, 8.5], "texture": "#1"},
				"east": {"uv": [2.333, 8.5, 2.333, 8.5], "texture": "#1"},
				"south": {"uv": [2.333, 8.5, 2.333, 8.5], "texture": "#1"},
				"west": {"uv": [2.333, 8.5, 2.333, 8.5], "texture": "#1"},
				"up": {"uv": [2.333, 8.5, 2.333, 8.5], "texture": "#1"},
				"down": {"uv": [2.333, 8.5, 2.333, 8.5], "texture": "#1"}
			}
		},
		{
			"from": [2.00241, 12.01031, 14.94842],
			"to": [3.24356, 13.014, 15.24136],
			"rotation": {"angle": 22.5, "axis": "z", "origin": [11.05854, 12.51216, 6.80521]},
			"faces": {
				"north": {"uv": [2.667, 9.5, 2.667, 9.5], "texture": "#1"},
				"east": {"uv": [2.667, 9.5, 2.667, 9.5], "texture": "#1"},
				"south": {"uv": [2.667, 9.5, 2.667, 9.5], "texture": "#1"},
				"west": {"uv": [2.667, 9.5, 2.667, 9.5], "texture": "#1"},
				"up": {"uv": [2.667, 9.5, 2.667, 9.5], "texture": "#1"},
				"down": {"uv": [2.667, 9.5, 2.667, 9.5], "texture": "#1"}
			}
		},
		{
			"from": [3.04062, 12.29486, 14.94842],
			"to": [3.24356, 12.82174, 19.43184],
			"rotation": {"angle": 22.5, "axis": "z", "origin": [11.05854, 12.51216, 6.80521]},
			"faces": {
				"north": {"uv": [2.333, 8.5, 2.333, 8.5], "texture": "#1"},
				"east": {"uv": [2.333, 8.5, 2.333, 8.5], "texture": "#1"},
				"south": {"uv": [2.333, 8.5, 2.333, 8.5], "texture": "#1"},
				"west": {"uv": [2.333, 8.5, 2.333, 8.5], "texture": "#1"},
				"up": {"uv": [2.333, 8.5, 2.333, 8.5], "texture": "#1"},
				"down": {"uv": [2.333, 8.5, 2.333, 8.5], "texture": "#1"}
			}
		},
		{
			"from": [3.04062, 12.29486, 19.1389],
			"to": [5.57166, 12.82174, 19.43184],
			"rotation": {"angle": 22.5, "axis": "z", "origin": [11.05854, 12.51216, 6.80521]},
			"faces": {
				"north": {"uv": [2.333, 8.5, 2.333, 8.5], "texture": "#1"},
				"east": {"uv": [2.333, 8.5, 2.333, 8.5], "texture": "#1"},
				"south": {"uv": [2.333, 8.5, 2.333, 8.5], "texture": "#1"},
				"west": {"uv": [2.333, 8.5, 2.333, 8.5], "texture": "#1"},
				"up": {"uv": [2.333, 8.5, 2.333, 8.5], "texture": "#1"},
				"down": {"uv": [2.333, 8.5, 2.333, 8.5], "texture": "#1"}
			}
		},
		{
			"from": [12.62054, 12.29486, 9.97191],
			"to": [14.40562, 12.82174, 10.33406],
			"rotation": {"angle": 22.5, "axis": "z", "origin": [11.05854, 12.51216, 6.80521]},
			"faces": {
				"north": {"uv": [2.333, 8.5, 2.333, 8.5], "texture": "#1"},
				"east": {"uv": [2.333, 8.5, 2.333, 8.5], "texture": "#1"},
				"south": {"uv": [2.333, 8.5, 2.333, 8.5], "texture": "#1"},
				"west": {"uv": [2.333, 8.5, 2.333, 8.5], "texture": "#1"},
				"up": {"uv": [2.333, 8.5, 2.333, 8.5], "texture": "#1"},
				"down": {"uv": [2.333, 8.5, 2.333, 8.5], "texture": "#1"}
			}
		},
		{
			"from": [14.05096, 12.29486, 15.26292],
			"to": [15.35923, 12.82174, 15.84041],
			"rotation": {"angle": 22.5, "axis": "z", "origin": [11.05854, 12.51216, 6.80521]},
			"faces": {
				"north": {"uv": [2.333, 8.5, 2.333, 8.5], "texture": "#1"},
				"east": {"uv": [2.333, 8.5, 2.333, 8.5], "texture": "#1"},
				"south": {"uv": [2.333, 8.5, 2.333, 8.5], "texture": "#1"},
				"west": {"uv": [2.333, 8.5, 2.333, 8.5], "texture": "#1"},
				"up": {"uv": [2.333, 8.5, 2.333, 8.5], "texture": "#1"},
				"down": {"uv": [2.333, 8.5, 2.333, 8.5], "texture": "#1"}
			}
		},
		{
			"from": [14.96612, 12.29486, 15.26292],
			"to": [15.4592, 12.82174, 19.23189],
			"rotation": {"angle": 22.5, "axis": "z", "origin": [11.05854, 12.51216, 6.80521]},
			"faces": {
				"north": {"uv": [2.333, 8.5, 2.333, 8.5], "texture": "#1"},
				"east": {"uv": [2.333, 8.5, 2.333, 8.5], "texture": "#1"},
				"south": {"uv": [2.333, 8.5, 2.333, 8.5], "texture": "#1"},
				"west": {"uv": [2.333, 8.5, 2.333, 8.5], "texture": "#1"},
				"up": {"uv": [2.333, 8.5, 2.333, 8.5], "texture": "#1"},
				"down": {"uv": [2.333, 8.5, 2.333, 8.5], "texture": "#1"}
			}
		},
		{
			"from": [21.91803, 15.73811, 12.98865],
			"to": [25.20476, 16.26499, 13.40206],
			"rotation": {"angle": -22.5, "axis": "z", "origin": [15.37674, 14.35076, 17.83765]},
			"faces": {
				"north": {"uv": [2.333, 8.5, 2.333, 8.5], "rotation": 180, "texture": "#1"},
				"east": {"uv": [2.333, 8.5, 2.333, 8.5], "rotation": 180, "texture": "#1"},
				"south": {"uv": [2.333, 8.5, 2.333, 8.5], "rotation": 180, "texture": "#1"},
				"west": {"uv": [2.333, 8.5, 2.333, 8.5], "rotation": 180, "texture": "#1"},
				"up": {"uv": [2.333, 8.5, 2.333, 8.5], "rotation": 180, "texture": "#1"},
				"down": {"uv": [2.333, 8.5, 2.333, 8.5], "rotation": 180, "texture": "#1"}
			}
		},
		{
			"from": [26.5009, 15.73811, -2.08795],
			"to": [26.88128, 16.26499, 10.22746],
			"rotation": {"angle": -22.5, "axis": "z", "origin": [15.37674, 14.35076, 17.83765]},
			"faces": {
				"north": {"uv": [2.333, 8.5, 2.333, 8.5], "rotation": 180, "texture": "#1"},
				"east": {"uv": [2.333, 8.5, 2.333, 8.5], "rotation": 180, "texture": "#1"},
				"south": {"uv": [2.333, 8.5, 2.333, 8.5], "rotation": 180, "texture": "#1"},
				"west": {"uv": [2.333, 8.5, 2.333, 8.5], "rotation": 180, "texture": "#1"},
				"up": {"uv": [2.333, 8.5, 2.333, 8.5], "rotation": 180, "texture": "#1"},
				"down": {"uv": [2.333, 8.5, 2.333, 8.5], "rotation": 180, "texture": "#1"}
			}
		},
		{
			"from": [24.85011, 15.73811, 9.84856],
			"to": [26.88128, 16.26499, 10.22746],
			"rotation": {"angle": -22.5, "axis": "z", "origin": [15.37674, 14.35076, 17.83765]},
			"faces": {
				"north": {"uv": [2.333, 8.5, 2.333, 8.5], "rotation": 180, "texture": "#1"},
				"east": {"uv": [2.333, 8.5, 2.333, 8.5], "rotation": 180, "texture": "#1"},
				"south": {"uv": [2.333, 8.5, 2.333, 8.5], "rotation": 180, "texture": "#1"},
				"west": {"uv": [2.333, 8.5, 2.333, 8.5], "rotation": 180, "texture": "#1"},
				"up": {"uv": [2.333, 8.5, 2.333, 8.5], "rotation": 180, "texture": "#1"},
				"down": {"uv": [2.333, 8.5, 2.333, 8.5], "rotation": 180, "texture": "#1"}
			}
		},
		{
			"from": [24.85011, 15.73811, 9.87163],
			"to": [25.20476, 16.26499, 13.40206],
			"rotation": {"angle": -22.5, "axis": "z", "origin": [15.37674, 14.35076, 17.83765]},
			"faces": {
				"north": {"uv": [2.333, 8.5, 2.333, 8.5], "rotation": 180, "texture": "#1"},
				"east": {"uv": [2.333, 8.5, 2.333, 8.5], "rotation": 180, "texture": "#1"},
				"south": {"uv": [2.333, 8.5, 2.333, 8.5], "rotation": 180, "texture": "#1"},
				"west": {"uv": [2.333, 8.5, 2.333, 8.5], "rotation": 180, "texture": "#1"},
				"up": {"uv": [2.333, 8.5, 2.333, 8.5], "rotation": 180, "texture": "#1"},
				"down": {"uv": [2.333, 8.5, 2.333, 8.5], "rotation": 180, "texture": "#1"}
			}
		},
		{
			"from": [21.91803, 15.73811, 12.98865],
			"to": [22.28413, 16.26499, 19.75127],
			"rotation": {"angle": -22.5, "axis": "z", "origin": [15.37674, 14.35076, 17.83765]},
			"faces": {
				"north": {"uv": [2.333, 8.5, 2.333, 8.5], "rotation": 180, "texture": "#1"},
				"east": {"uv": [2.333, 8.5, 2.333, 8.5], "rotation": 180, "texture": "#1"},
				"south": {"uv": [2.333, 8.5, 2.333, 8.5], "rotation": 180, "texture": "#1"},
				"west": {"uv": [2.333, 8.5, 2.333, 8.5], "rotation": 180, "texture": "#1"},
				"up": {"uv": [2.333, 8.5, 2.333, 8.5], "rotation": 180, "texture": "#1"},
				"down": {"uv": [2.333, 8.5, 2.333, 8.5], "rotation": 180, "texture": "#1"}
			}
		},
		{
			"from": [16.61957, 12.29486, 21.57676],
			"to": [18.28159, 12.82174, 21.96199],
			"rotation": {"angle": 22.5, "axis": "z", "origin": [11.05854, 12.51216, 6.80521]},
			"faces": {
				"north": {"uv": [2.333, 8.5, 2.333, 8.5], "texture": "#1"},
				"east": {"uv": [2.333, 8.5, 2.333, 8.5], "texture": "#1"},
				"south": {"uv": [2.333, 8.5, 2.333, 8.5], "texture": "#1"},
				"west": {"uv": [2.333, 8.5, 2.333, 8.5], "texture": "#1"},
				"up": {"uv": [2.333, 8.5, 2.333, 8.5], "texture": "#1"},
				"down": {"uv": [2.333, 8.5, 2.333, 8.5], "texture": "#1"}
			}
		},
		{
			"from": [17.44596, 15.73811, 21.95772],
			"to": [20.22309, 16.26499, 22.34294],
			"rotation": {"angle": -22.5, "axis": "z", "origin": [15.37674, 14.35076, 17.83765]},
			"faces": {
				"north": {"uv": [2.333, 8.5, 2.333, 8.5], "rotation": 180, "texture": "#1"},
				"east": {"uv": [2.333, 8.5, 2.333, 8.5], "rotation": 180, "texture": "#1"},
				"south": {"uv": [2.333, 8.5, 2.333, 8.5], "rotation": 180, "texture": "#1"},
				"west": {"uv": [2.333, 8.5, 2.333, 8.5], "rotation": 180, "texture": "#1"},
				"up": {"uv": [2.333, 8.5, 2.333, 8.5], "rotation": 180, "texture": "#1"},
				"down": {"uv": [2.333, 8.5, 2.333, 8.5], "rotation": 180, "texture": "#1"}
			}
		},
		{
			"from": [16.61957, 12.29486, 18.95433],
			"to": [17.12034, 12.82174, 21.96199],
			"rotation": {"angle": 22.5, "axis": "z", "origin": [11.05854, 12.51216, 6.80521]},
			"faces": {
				"north": {"uv": [2.333, 8.5, 2.333, 8.5], "texture": "#1"},
				"east": {"uv": [2.333, 8.5, 2.333, 8.5], "texture": "#1"},
				"south": {"uv": [2.333, 8.5, 2.333, 8.5], "texture": "#1"},
				"west": {"uv": [2.333, 8.5, 2.333, 8.5], "texture": "#1"},
				"up": {"uv": [2.333, 8.5, 2.333, 8.5], "texture": "#1"},
				"down": {"uv": [2.333, 8.5, 2.333, 8.5], "texture": "#1"}
			}
		},
		{
			"from": [19.72232, 15.73811, 19.58925],
			"to": [20.22309, 16.26499, 22.34294],
			"rotation": {"angle": -22.5, "axis": "z", "origin": [15.37674, 14.35076, 17.83765]},
			"faces": {
				"north": {"uv": [2.333, 8.5, 2.333, 8.5], "rotation": 180, "texture": "#1"},
				"east": {"uv": [2.333, 8.5, 2.333, 8.5], "rotation": 180, "texture": "#1"},
				"south": {"uv": [2.333, 8.5, 2.333, 8.5], "rotation": 180, "texture": "#1"},
				"west": {"uv": [2.333, 8.5, 2.333, 8.5], "rotation": 180, "texture": "#1"},
				"up": {"uv": [2.333, 8.5, 2.333, 8.5], "rotation": 180, "texture": "#1"},
				"down": {"uv": [2.333, 8.5, 2.333, 8.5], "rotation": 180, "texture": "#1"}
			}
		},
		{
			"from": [14.96612, 12.29486, 18.95433],
			"to": [17.12034, 12.82174, 19.23189],
			"rotation": {"angle": 22.5, "axis": "z", "origin": [11.05854, 12.51216, 6.80521]},
			"faces": {
				"north": {"uv": [2.333, 8.5, 2.333, 8.5], "texture": "#1"},
				"east": {"uv": [2.333, 8.5, 2.333, 8.5], "texture": "#1"},
				"south": {"uv": [2.333, 8.5, 2.333, 8.5], "texture": "#1"},
				"west": {"uv": [2.333, 8.5, 2.333, 8.5], "texture": "#1"},
				"up": {"uv": [2.333, 8.5, 2.333, 8.5], "texture": "#1"},
				"down": {"uv": [2.333, 8.5, 2.333, 8.5], "texture": "#1"}
			}
		},
		{
			"from": [19.72232, 15.73811, 19.47371],
			"to": [22.1305, 16.26499, 19.75127],
			"rotation": {"angle": -22.5, "axis": "z", "origin": [15.37674, 14.35076, 17.83765]},
			"faces": {
				"north": {"uv": [2.333, 8.5, 2.333, 8.5], "rotation": 180, "texture": "#1"},
				"east": {"uv": [2.333, 8.5, 2.333, 8.5], "rotation": 180, "texture": "#1"},
				"south": {"uv": [2.333, 8.5, 2.333, 8.5], "rotation": 180, "texture": "#1"},
				"west": {"uv": [2.333, 8.5, 2.333, 8.5], "rotation": 180, "texture": "#1"},
				"up": {"uv": [2.333, 8.5, 2.333, 8.5], "rotation": 180, "texture": "#1"},
				"down": {"uv": [2.333, 8.5, 2.333, 8.5], "rotation": 180, "texture": "#1"}
			}
		},
		{
			"from": [14.05096, 12.29486, 9.97191],
			"to": [14.40562, 12.82174, 15.84041],
			"rotation": {"angle": 22.5, "axis": "z", "origin": [11.05854, 12.51216, 6.80521]},
			"faces": {
				"north": {"uv": [2.333, 8.5, 2.333, 8.5], "texture": "#1"},
				"east": {"uv": [2.333, 8.5, 2.333, 8.5], "texture": "#1"},
				"south": {"uv": [2.333, 8.5, 2.333, 8.5], "texture": "#1"},
				"west": {"uv": [2.333, 8.5, 2.333, 8.5], "texture": "#1"},
				"up": {"uv": [2.333, 8.5, 2.333, 8.5], "texture": "#1"},
				"down": {"uv": [2.333, 8.5, 2.333, 8.5], "texture": "#1"}
			}
		},
		{
			"from": [12.62054, 12.29486, 9.97191],
			"to": [12.88291, 12.82174, 15.58663],
			"rotation": {"angle": 22.5, "axis": "z", "origin": [11.05854, 12.51216, 6.80521]},
			"faces": {
				"north": {"uv": [2.333, 8.5, 2.333, 8.5], "texture": "#1"},
				"east": {"uv": [2.333, 8.5, 2.333, 8.5], "texture": "#1"},
				"south": {"uv": [2.333, 8.5, 2.333, 8.5], "texture": "#1"},
				"west": {"uv": [2.333, 8.5, 2.333, 8.5], "texture": "#1"},
				"up": {"uv": [2.333, 8.5, 2.333, 8.5], "texture": "#1"},
				"down": {"uv": [2.333, 8.5, 2.333, 8.5], "texture": "#1"}
			}
		},
		{
			"from": [11.70538, 12.29486, 15.0399],
			"to": [12.88291, 12.82174, 15.58663],
			"rotation": {"angle": 22.5, "axis": "z", "origin": [11.05854, 12.51216, 6.80521]},
			"faces": {
				"north": {"uv": [2.333, 8.5, 2.333, 8.5], "texture": "#1"},
				"east": {"uv": [2.333, 8.5, 2.333, 8.5], "texture": "#1"},
				"south": {"uv": [2.333, 8.5, 2.333, 8.5], "texture": "#1"},
				"west": {"uv": [2.333, 8.5, 2.333, 8.5], "texture": "#1"},
				"up": {"uv": [2.333, 8.5, 2.333, 8.5], "texture": "#1"},
				"down": {"uv": [2.333, 8.5, 2.333, 8.5], "texture": "#1"}
			}
		},
		{
			"from": [11.70538, 12.29486, 15.1168],
			"to": [11.99082, 12.82174, 19.43184],
			"rotation": {"angle": 22.5, "axis": "z", "origin": [11.05854, 12.51216, 6.80521]},
			"faces": {
				"north": {"uv": [2.333, 8.5, 2.333, 8.5], "texture": "#1"},
				"east": {"uv": [2.333, 8.5, 2.333, 8.5], "texture": "#1"},
				"south": {"uv": [2.333, 8.5, 2.333, 8.5], "texture": "#1"},
				"west": {"uv": [2.333, 8.5, 2.333, 8.5], "texture": "#1"},
				"up": {"uv": [2.333, 8.5, 2.333, 8.5], "texture": "#1"},
				"down": {"uv": [2.333, 8.5, 2.333, 8.5], "texture": "#1"}
			}
		},
		{
			"from": [10.4057, 12.29486, 19.1389],
			"to": [11.92161, 12.82174, 19.43184],
			"rotation": {"angle": 22.5, "axis": "z", "origin": [11.05854, 12.51216, 6.80521]},
			"faces": {
				"north": {"uv": [2.333, 8.5, 2.333, 8.5], "texture": "#1"},
				"east": {"uv": [2.333, 8.5, 2.333, 8.5], "texture": "#1"},
				"south": {"uv": [2.333, 8.5, 2.333, 8.5], "texture": "#1"},
				"west": {"uv": [2.333, 8.5, 2.333, 8.5], "texture": "#1"},
				"up": {"uv": [2.333, 8.5, 2.333, 8.5], "texture": "#1"},
				"down": {"uv": [2.333, 8.5, 2.333, 8.5], "texture": "#1"}
			}
		},
		{
			"from": [9.26284, 12.29486, 22.05953],
			"to": [10.65103, 12.82174, 22.35248],
			"rotation": {"angle": 22.5, "axis": "z", "origin": [11.05854, 12.51216, 6.80521]},
			"faces": {
				"north": {"uv": [2.333, 8.5, 2.333, 8.5], "texture": "#1"},
				"east": {"uv": [2.333, 8.5, 2.333, 8.5], "texture": "#1"},
				"south": {"uv": [2.333, 8.5, 2.333, 8.5], "texture": "#1"},
				"west": {"uv": [2.333, 8.5, 2.333, 8.5], "texture": "#1"},
				"up": {"uv": [2.333, 8.5, 2.333, 8.5], "texture": "#1"},
				"down": {"uv": [2.333, 8.5, 2.333, 8.5], "texture": "#1"}
			}
		},
		{
			"from": [6.34221, 12.29486, 22.05953],
			"to": [6.7614, 12.82174, 23.52142],
			"rotation": {"angle": 22.5, "axis": "z", "origin": [11.05854, 12.51216, 6.80521]},
			"faces": {
				"north": {"uv": [2.333, 8.5, 2.333, 8.5], "texture": "#1"},
				"east": {"uv": [2.333, 8.5, 2.333, 8.5], "texture": "#1"},
				"south": {"uv": [2.333, 8.5, 2.333, 8.5], "texture": "#1"},
				"west": {"uv": [2.333, 8.5, 2.333, 8.5], "texture": "#1"},
				"up": {"uv": [2.333, 8.5, 2.333, 8.5], "texture": "#1"},
				"down": {"uv": [2.333, 8.5, 2.333, 8.5], "texture": "#1"}
			}
		},
		{
			"from": [5.44243, 12.01031, 22.05953],
			"to": [6.69988, 13.014, 22.35248],
			"rotation": {"angle": 22.5, "axis": "z", "origin": [11.05854, 12.51216, 6.80521]},
			"faces": {
				"north": {"uv": [2.667, 9.5, 2.667, 9.5], "texture": "#1"},
				"east": {"uv": [2.667, 9.5, 2.667, 9.5], "texture": "#1"},
				"south": {"uv": [2.667, 9.5, 2.667, 9.5], "texture": "#1"},
				"west": {"uv": [2.667, 9.5, 2.667, 9.5], "texture": "#1"},
				"up": {"uv": [2.667, 9.5, 2.667, 9.5], "texture": "#1"},
				"down": {"uv": [2.667, 9.5, 2.667, 9.5], "texture": "#1"}
			}
		},
		{
			"from": [6.43449, 12.29486, 23.18234],
			"to": [9.68204, 12.82174, 23.55218],
			"rotation": {"angle": 22.5, "axis": "z", "origin": [11.05854, 12.51216, 6.80521]},
			"faces": {
				"north": {"uv": [2.333, 8.5, 2.333, 8.5], "texture": "#1"},
				"east": {"uv": [2.333, 8.5, 2.333, 8.5], "texture": "#1"},
				"south": {"uv": [2.333, 8.5, 2.333, 8.5], "texture": "#1"},
				"west": {"uv": [2.333, 8.5, 2.333, 8.5], "texture": "#1"},
				"up": {"uv": [2.333, 8.5, 2.333, 8.5], "texture": "#1"},
				"down": {"uv": [2.333, 8.5, 2.333, 8.5], "texture": "#1"}
			}
		},
		{
			"from": [7.57735, 12.01031, 8.15225],
			"to": [8.28521, 13.014, 24.57181],
			"rotation": {"angle": 22.5, "axis": "z", "origin": [11.05854, 12.51216, 6.80521]},
			"faces": {
				"north": {"uv": [2.667, 9.5, 2.667, 9.5], "texture": "#1"},
				"east": {"uv": [2.667, 9.5, 2.667, 9.5], "texture": "#1"},
				"south": {"uv": [2.667, 9.5, 2.667, 9.5], "texture": "#1"},
				"west": {"uv": [2.667, 9.5, 2.667, 9.5], "texture": "#1"},
				"up": {"uv": [2.667, 9.5, 2.667, 9.5], "texture": "#1"},
				"down": {"uv": [2.667, 9.5, 2.667, 9.5], "texture": "#1"}
			}
		},
		{
			"from": [17.19796, 14.50158, 8.15225],
			"to": [18.20164, 15.89389, 23.68292],
			"rotation": {"angle": -22.5, "axis": "z", "origin": [20.04134, 14.4872, 4.82145]},
			"faces": {
				"north": {"uv": [2.667, 9.5, 2.667, 9.5], "rotation": 270, "texture": "#1"},
				"east": {"uv": [2.667, 9.5, 2.667, 9.5], "rotation": 90, "texture": "#1"},
				"south": {"uv": [2.667, 9.5, 2.667, 9.5], "rotation": 90, "texture": "#1"},
				"west": {"uv": [2.667, 9.5, 2.667, 9.5], "rotation": 90, "texture": "#1"},
				"up": {"uv": [2.667, 9.5, 2.667, 9.5], "rotation": 90, "texture": "#1"},
				"down": {"uv": [2.667, 9.5, 2.667, 9.5], "rotation": 90, "texture": "#1"}
			}
		},
		{
			"from": [3.11122, 12.36519, -3.63816],
			"to": [12.00348, 12.82616, 19.26706],
			"rotation": {"angle": 22.5, "axis": "z", "origin": [11.12389, 12.48816, 6.68973]},
			"faces": {
				"north": {"uv": [4.5, 10.5, 4.5, 10.5], "texture": "#1"},
				"east": {"uv": [4.5, 10.5, 4.5, 10.5], "texture": "#1"},
				"south": {"uv": [4.5, 10.5, 4.5, 10.5], "texture": "#1"},
				"west": {"uv": [4.5, 10.5, 4.5, 10.5], "texture": "#1"},
				"up": {"uv": [4.5, 10.5, 4.5, 10.5], "texture": "#1"},
				"down": {"uv": [4.5, 10.5, 4.5, 10.5], "texture": "#1"}
			}
		},
		{
			"from": [3.11122, 12.18831, -3.63816],
			"to": [12.00348, 12.97997, 13.16759],
			"rotation": {"angle": 22.5, "axis": "z", "origin": [11.12389, 12.48816, 6.68973]},
			"faces": {
				"north": {"uv": [3.667, 9.5, 3.667, 9.5], "texture": "#1"},
				"east": {"uv": [3.667, 9.5, 3.667, 9.5], "texture": "#1"},
				"south": {"uv": [3.667, 9.5, 3.667, 9.5], "texture": "#1"},
				"west": {"uv": [3.667, 9.5, 3.667, 9.5], "texture": "#1"},
				"up": {"uv": [3.667, 9.5, 3.667, 9.5], "texture": "#1"},
				"down": {"uv": [3.667, 9.5, 3.667, 9.5], "texture": "#1"}
			}
		},
		{
			"from": [15.26826, 12.18831, -3.63816],
			"to": [18.41949, 12.97997, 14.6914],
			"rotation": {"angle": 22.5, "axis": "z", "origin": [11.12389, 12.48816, 6.68973]},
			"faces": {
				"north": {"uv": [3.667, 9.5, 3.667, 9.5], "texture": "#1"},
				"east": {"uv": [3.667, 9.5, 3.667, 9.5], "texture": "#1"},
				"south": {"uv": [3.667, 9.5, 3.667, 9.5], "texture": "#1"},
				"west": {"uv": [3.667, 9.5, 3.667, 9.5], "texture": "#1"},
				"up": {"uv": [3.667, 9.5, 3.667, 9.5], "texture": "#1"},
				"down": {"uv": [3.667, 9.5, 3.667, 9.5], "texture": "#1"}
			}
		},
		{
			"from": [15.26826, 12.519, -3.63816],
			"to": [18.41949, 12.81078, 19.01309],
			"rotation": {"angle": 22.5, "axis": "z", "origin": [11.12389, 12.48816, 6.68973]},
			"faces": {
				"north": {"uv": [4.5, 10.5, 4.5, 10.5], "texture": "#1"},
				"east": {"uv": [4.5, 10.5, 4.5, 10.5], "texture": "#1"},
				"south": {"uv": [4.5, 10.5, 4.5, 10.5], "texture": "#1"},
				"west": {"uv": [4.5, 10.5, 4.5, 10.5], "texture": "#1"},
				"up": {"uv": [4.5, 10.5, 4.5, 10.5], "texture": "#1"},
				"down": {"uv": [4.5, 10.5, 4.5, 10.5], "texture": "#1"}
			}
		},
		{
			"from": [5.48837, 12.36519, -3.63816],
			"to": [10.57714, 12.82616, 22.17246],
			"rotation": {"angle": 22.5, "axis": "z", "origin": [11.12389, 12.48816, 6.68973]},
			"faces": {
				"north": {"uv": [4.5, 10.5, 4.5, 10.5], "texture": "#1"},
				"east": {"uv": [4.5, 10.5, 4.5, 10.5], "texture": "#1"},
				"south": {"uv": [4.5, 10.5, 4.5, 10.5], "texture": "#1"},
				"west": {"uv": [4.5, 10.5, 4.5, 10.5], "texture": "#1"},
				"up": {"uv": [4.5, 10.5, 4.5, 10.5], "texture": "#1"},
				"down": {"uv": [4.5, 10.5, 4.5, 10.5], "texture": "#1"}
			}
		},
		{
			"from": [5.48837, 12.18831, -3.63816],
			"to": [10.57714, 12.97997, 17.88024],
			"rotation": {"angle": 22.5, "axis": "z", "origin": [11.12389, 12.48816, 6.68973]},
			"faces": {
				"north": {"uv": [3.667, 9.5, 3.667, 9.5], "texture": "#1"},
				"east": {"uv": [3.667, 9.5, 3.667, 9.5], "texture": "#1"},
				"south": {"uv": [3.667, 9.5, 3.667, 9.5], "texture": "#1"},
				"west": {"uv": [3.667, 9.5, 3.667, 9.5], "texture": "#1"},
				"up": {"uv": [3.667, 9.5, 3.667, 9.5], "texture": "#1"},
				"down": {"uv": [3.667, 9.5, 3.667, 9.5], "texture": "#1"}
			}
		},
		{
			"from": [16.8296, 12.18831, -3.63816],
			"to": [18.33323, 12.97997, 17.92749],
			"rotation": {"angle": 22.5, "axis": "z", "origin": [11.12389, 12.48816, 6.68973]},
			"faces": {
				"north": {"uv": [3.667, 9.5, 3.667, 9.5], "texture": "#1"},
				"east": {"uv": [3.667, 9.5, 3.667, 9.5], "texture": "#1"},
				"south": {"uv": [3.667, 9.5, 3.667, 9.5], "texture": "#1"},
				"west": {"uv": [3.667, 9.5, 3.667, 9.5], "texture": "#1"},
				"up": {"uv": [3.667, 9.5, 3.667, 9.5], "texture": "#1"},
				"down": {"uv": [3.667, 9.5, 3.667, 9.5], "texture": "#1"}
			}
		},
		{
			"from": [16.8296, 12.519, -3.63816],
			"to": [18.33323, 12.81078, 21.91849],
			"rotation": {"angle": 22.5, "axis": "z", "origin": [11.12389, 12.48816, 6.68973]},
			"faces": {
				"north": {"uv": [4.5, 10.5, 4.5, 10.5], "texture": "#1"},
				"east": {"uv": [4.5, 10.5, 4.5, 10.5], "texture": "#1"},
				"south": {"uv": [4.5, 10.5, 4.5, 10.5], "texture": "#1"},
				"west": {"uv": [4.5, 10.5, 4.5, 10.5], "texture": "#1"},
				"up": {"uv": [4.5, 10.5, 4.5, 10.5], "texture": "#1"},
				"down": {"uv": [4.5, 10.5, 4.5, 10.5], "texture": "#1"}
			}
		},
		{
			"from": [6.54488, 12.36519, -3.63816],
			"to": [9.52064, 12.82616, 23.49309],
			"rotation": {"angle": 22.5, "axis": "z", "origin": [11.12389, 12.48816, 6.68973]},
			"faces": {
				"north": {"uv": [4.5, 10.5, 4.5, 10.5], "texture": "#1"},
				"east": {"uv": [4.5, 10.5, 4.5, 10.5], "texture": "#1"},
				"south": {"uv": [4.5, 10.5, 4.5, 10.5], "texture": "#1"},
				"west": {"uv": [4.5, 10.5, 4.5, 10.5], "texture": "#1"},
				"up": {"uv": [4.5, 10.5, 4.5, 10.5], "texture": "#1"},
				"down": {"uv": [4.5, 10.5, 4.5, 10.5], "texture": "#1"}
			}
		},
		{
			"from": [6.54488, 12.18831, -3.63816],
			"to": [9.52064, 12.97997, 21.30805],
			"rotation": {"angle": 22.5, "axis": "z", "origin": [11.12389, 12.48816, 6.68973]},
			"faces": {
				"north": {"uv": [3.667, 9.5, 3.667, 9.5], "texture": "#1"},
				"east": {"uv": [3.667, 9.5, 3.667, 9.5], "texture": "#1"},
				"south": {"uv": [3.667, 9.5, 3.667, 9.5], "texture": "#1"},
				"west": {"uv": [3.667, 9.5, 3.667, 9.5], "texture": "#1"},
				"up": {"uv": [3.667, 9.5, 3.667, 9.5], "texture": "#1"},
				"down": {"uv": [3.667, 9.5, 3.667, 9.5], "texture": "#1"}
			}
		},
		{
			"from": [14.30107, 12.36519, -3.63816],
			"to": [18.50095, 12.82616, 15.77754],
			"rotation": {"angle": 22.5, "axis": "z", "origin": [11.12389, 12.48816, 6.68973]},
			"faces": {
				"north": {"uv": [4.5, 10.5, 4.5, 10.5], "texture": "#1"},
				"east": {"uv": [4.5, 10.5, 4.5, 10.5], "texture": "#1"},
				"south": {"uv": [4.5, 10.5, 4.5, 10.5], "texture": "#1"},
				"west": {"uv": [4.5, 10.5, 4.5, 10.5], "texture": "#1"},
				"up": {"uv": [4.5, 10.5, 4.5, 10.5], "texture": "#1"},
				"down": {"uv": [4.5, 10.5, 4.5, 10.5], "texture": "#1"}
			}
		},
		{
			"from": [2.11059, 12.36519, -3.63816],
			"to": [12.78666, 12.82616, 15.01563],
			"rotation": {"angle": 22.5, "axis": "z", "origin": [11.12389, 12.48816, 6.68973]},
			"faces": {
				"north": {"uv": [4.5, 10.5, 4.5, 10.5], "texture": "#1"},
				"east": {"uv": [4.5, 10.5, 4.5, 10.5], "texture": "#1"},
				"south": {"uv": [4.5, 10.5, 4.5, 10.5], "texture": "#1"},
				"west": {"uv": [4.5, 10.5, 4.5, 10.5], "texture": "#1"},
				"up": {"uv": [4.5, 10.5, 4.5, 10.5], "texture": "#1"},
				"down": {"uv": [4.5, 10.5, 4.5, 10.5], "texture": "#1"}
			}
		},
		{
			"from": [0.20583, 12.36519, -3.63816],
			"to": [18.50095, 12.82616, 10.19024],
			"rotation": {"angle": 22.5, "axis": "z", "origin": [11.12389, 12.48816, 6.68973]},
			"faces": {
				"north": {"uv": [4.5, 10.5, 4.5, 10.5], "texture": "#1"},
				"east": {"uv": [4.5, 10.5, 4.5, 10.5], "texture": "#1"},
				"south": {"uv": [4.5, 10.5, 4.5, 10.5], "texture": "#1"},
				"west": {"uv": [4.5, 10.5, 4.5, 10.5], "texture": "#1"},
				"up": {"uv": [4.5, 10.5, 4.5, 10.5], "texture": "#1"},
				"down": {"uv": [4.5, 10.5, 4.5, 10.5], "texture": "#1"}
			}
		},
		{
			"from": [24.13156, 13.40872, 8.34838],
			"to": [24.39493, 14.20038, 12.90694],
			"rotation": {"angle": -22.5, "axis": "z", "origin": [21.32729, 13.88915, 10.96348]},
			"faces": {
				"north": {"uv": [3.667, 9.5, 3.667, 9.5], "texture": "#1"},
				"east": {"uv": [3.667, 9.5, 3.667, 9.5], "texture": "#1"},
				"south": {"uv": [3.667, 9.5, 3.667, 9.5], "texture": "#1"},
				"west": {"uv": [3.667, 9.5, 3.667, 9.5], "texture": "#1"},
				"up": {"uv": [3.667, 9.5, 3.667, 9.5], "texture": "#1"},
				"down": {"uv": [3.667, 9.5, 3.667, 9.5], "texture": "#1"}
			}
		},
		{
			"from": [21.59188, 13.40872, 9.87219],
			"to": [21.85525, 14.20038, 14.43075],
			"rotation": {"angle": -22.5, "axis": "z", "origin": [21.32729, 13.88915, 10.96348]},
			"faces": {
				"north": {"uv": [3.667, 9.5, 3.667, 9.5], "texture": "#1"},
				"east": {"uv": [3.667, 9.5, 3.667, 9.5], "texture": "#1"},
				"south": {"uv": [3.667, 9.5, 3.667, 9.5], "texture": "#1"},
				"west": {"uv": [3.667, 9.5, 3.667, 9.5], "texture": "#1"},
				"up": {"uv": [3.667, 9.5, 3.667, 9.5], "texture": "#1"},
				"down": {"uv": [3.667, 9.5, 3.667, 9.5], "texture": "#1"}
			}
		},
		{
			"from": [19.56013, 13.40872, 13.30076],
			"to": [19.82351, 14.20038, 17.85932],
			"rotation": {"angle": -22.5, "axis": "z", "origin": [21.32729, 13.88915, 10.96348]},
			"faces": {
				"north": {"uv": [3.667, 9.5, 3.667, 9.5], "texture": "#1"},
				"east": {"uv": [3.667, 9.5, 3.667, 9.5], "texture": "#1"},
				"south": {"uv": [3.667, 9.5, 3.667, 9.5], "texture": "#1"},
				"west": {"uv": [3.667, 9.5, 3.667, 9.5], "texture": "#1"},
				"up": {"uv": [3.667, 9.5, 3.667, 9.5], "texture": "#1"},
				"down": {"uv": [3.667, 9.5, 3.667, 9.5], "texture": "#1"}
			}
		},
		{
			"from": [23.62362, 13.40872, 6.44362],
			"to": [23.887, 14.20038, 11.00217],
			"rotation": {"angle": -22.5, "axis": "z", "origin": [21.32729, 13.88915, 10.96348]},
			"faces": {
				"north": {"uv": [3.667, 9.5, 3.667, 9.5], "texture": "#1"},
				"east": {"uv": [3.667, 9.5, 3.667, 9.5], "texture": "#1"},
				"south": {"uv": [3.667, 9.5, 3.667, 9.5], "texture": "#1"},
				"west": {"uv": [3.667, 9.5, 3.667, 9.5], "texture": "#1"},
				"up": {"uv": [3.667, 9.5, 3.667, 9.5], "texture": "#1"},
				"down": {"uv": [3.667, 9.5, 3.667, 9.5], "texture": "#1"}
			}
		},
		{
			"from": [21.59188, 13.40872, 12.91981],
			"to": [21.85525, 14.20038, 17.47836],
			"rotation": {"angle": -22.5, "axis": "z", "origin": [21.32729, 13.88915, 10.96348]},
			"faces": {
				"north": {"uv": [3.667, 9.5, 3.667, 9.5], "texture": "#1"},
				"east": {"uv": [3.667, 9.5, 3.667, 9.5], "texture": "#1"},
				"south": {"uv": [3.667, 9.5, 3.667, 9.5], "texture": "#1"},
				"west": {"uv": [3.667, 9.5, 3.667, 9.5], "texture": "#1"},
				"up": {"uv": [3.667, 9.5, 3.667, 9.5], "texture": "#1"},
				"down": {"uv": [3.667, 9.5, 3.667, 9.5], "texture": "#1"}
			}
		},
		{
			"from": [8.6408, 12.3575, 11.69825],
			"to": [8.90417, 13.14916, 16.25681],
			"rotation": {"angle": 22.5, "axis": "z", "origin": [11.12389, 12.48816, 11.95767]},
			"faces": {
				"north": {"uv": [4.5, 10.333, 4.5, 10.333], "texture": "#1"},
				"east": {"uv": [4.5, 10.333, 4.5, 10.333], "texture": "#1"},
				"south": {"uv": [4.5, 10.333, 4.5, 10.333], "texture": "#1"},
				"west": {"uv": [4.5, 10.333, 4.5, 10.333], "texture": "#1"},
				"up": {"uv": [4.5, 10.333, 4.5, 10.333], "texture": "#1"},
				"down": {"uv": [4.5, 10.333, 4.5, 10.333], "texture": "#1"}
			}
		},
		{
			"from": [21.39193, 13.57791, 9.78193],
			"to": [21.6553, 14.36957, 14.34048],
			"rotation": {"angle": -22.5, "axis": "z", "origin": [21.32729, 13.88915, 10.96348]},
			"faces": {
				"north": {"uv": [4.5, 10.333, 4.5, 10.333], "texture": "#1"},
				"east": {"uv": [4.5, 10.333, 4.5, 10.333], "texture": "#1"},
				"south": {"uv": [4.5, 10.333, 4.5, 10.333], "texture": "#1"},
				"west": {"uv": [4.5, 10.333, 4.5, 10.333], "texture": "#1"},
				"up": {"uv": [4.5, 10.333, 4.5, 10.333], "texture": "#1"},
				"down": {"uv": [4.5, 10.333, 4.5, 10.333], "texture": "#1"}
			}
		},
		{
			"from": [20.75701, 13.57791, 7.11526],
			"to": [21.02038, 14.36957, 11.67382],
			"rotation": {"angle": -22.5, "axis": "z", "origin": [21.32729, 13.88915, 10.96348]},
			"faces": {
				"north": {"uv": [4.5, 10.333, 4.5, 10.333], "texture": "#1"},
				"east": {"uv": [4.5, 10.333, 4.5, 10.333], "texture": "#1"},
				"south": {"uv": [4.5, 10.333, 4.5, 10.333], "texture": "#1"},
				"west": {"uv": [4.5, 10.333, 4.5, 10.333], "texture": "#1"},
				"up": {"uv": [4.5, 10.333, 4.5, 10.333], "texture": "#1"},
				"down": {"uv": [4.5, 10.333, 4.5, 10.333], "texture": "#1"}
			}
		},
		{
			"from": [19.2332, 13.57791, 13.97241],
			"to": [19.49657, 14.36957, 18.53096],
			"rotation": {"angle": -22.5, "axis": "z", "origin": [21.32729, 13.88915, 10.96348]},
			"faces": {
				"north": {"uv": [4.5, 10.333, 4.5, 10.333], "texture": "#1"},
				"east": {"uv": [4.5, 10.333, 4.5, 10.333], "texture": "#1"},
				"south": {"uv": [4.5, 10.333, 4.5, 10.333], "texture": "#1"},
				"west": {"uv": [4.5, 10.333, 4.5, 10.333], "texture": "#1"},
				"up": {"uv": [4.5, 10.333, 4.5, 10.333], "texture": "#1"},
				"down": {"uv": [4.5, 10.333, 4.5, 10.333], "texture": "#1"}
			}
		},
		{
			"from": [18.59828, 13.57791, 11.30574],
			"to": [18.86165, 14.36957, 15.86429],
			"rotation": {"angle": -22.5, "axis": "z", "origin": [21.32729, 13.88915, 10.96348]},
			"faces": {
				"north": {"uv": [4.5, 10.333, 4.5, 10.333], "texture": "#1"},
				"east": {"uv": [4.5, 10.333, 4.5, 10.333], "texture": "#1"},
				"south": {"uv": [4.5, 10.333, 4.5, 10.333], "texture": "#1"},
				"west": {"uv": [4.5, 10.333, 4.5, 10.333], "texture": "#1"},
				"up": {"uv": [4.5, 10.333, 4.5, 10.333], "texture": "#1"},
				"down": {"uv": [4.5, 10.333, 4.5, 10.333], "texture": "#1"}
			}
		},
		{
			"from": [17.47567, 12.18831, 14.58217],
			"to": [17.73905, 12.97997, 19.14072],
			"rotation": {"angle": 22.5, "axis": "z", "origin": [11.12389, 12.48816, 11.95767]},
			"faces": {
				"north": {"uv": [3.667, 9.5, 3.667, 9.5], "texture": "#1"},
				"east": {"uv": [3.667, 9.5, 3.667, 9.5], "texture": "#1"},
				"south": {"uv": [3.667, 9.5, 3.667, 9.5], "texture": "#1"},
				"west": {"uv": [3.667, 9.5, 3.667, 9.5], "texture": "#1"},
				"up": {"uv": [3.667, 9.5, 3.667, 9.5], "texture": "#1"},
				"down": {"uv": [3.667, 9.5, 3.667, 9.5], "texture": "#1"}
			}
		},
		{
			"from": [17.27572, 12.3575, 11.69825],
			"to": [17.53909, 13.14916, 16.25681],
			"rotation": {"angle": 22.5, "axis": "z", "origin": [11.12389, 12.48816, 11.95767]},
			"faces": {
				"north": {"uv": [4.5, 10.333, 4.5, 10.333], "texture": "#1"},
				"east": {"uv": [4.5, 10.333, 4.5, 10.333], "texture": "#1"},
				"south": {"uv": [4.5, 10.333, 4.5, 10.333], "texture": "#1"},
				"west": {"uv": [4.5, 10.333, 4.5, 10.333], "texture": "#1"},
				"up": {"uv": [4.5, 10.333, 4.5, 10.333], "texture": "#1"},
				"down": {"uv": [4.5, 10.333, 4.5, 10.333], "texture": "#1"}
			}
		},
		{
			"from": [15.57091, 12.18831, 10.77264],
			"to": [15.83428, 12.97997, 15.3312],
			"rotation": {"angle": 22.5, "axis": "z", "origin": [11.12389, 12.48816, 11.95767]},
			"faces": {
				"north": {"uv": [3.667, 9.5, 3.667, 9.5], "texture": "#1"},
				"east": {"uv": [3.667, 9.5, 3.667, 9.5], "texture": "#1"},
				"south": {"uv": [3.667, 9.5, 3.667, 9.5], "texture": "#1"},
				"west": {"uv": [3.667, 9.5, 3.667, 9.5], "texture": "#1"},
				"up": {"uv": [3.667, 9.5, 3.667, 9.5], "texture": "#1"},
				"down": {"uv": [3.667, 9.5, 3.667, 9.5], "texture": "#1"}
			}
		},
		{
			"from": [15.37096, 12.3575, 7.88873],
			"to": [15.63433, 13.14916, 12.44729],
			"rotation": {"angle": 22.5, "axis": "z", "origin": [11.12389, 12.48816, 11.95767]},
			"faces": {
				"north": {"uv": [4.5, 10.333, 4.5, 10.333], "texture": "#1"},
				"east": {"uv": [4.5, 10.333, 4.5, 10.333], "texture": "#1"},
				"south": {"uv": [4.5, 10.333, 4.5, 10.333], "texture": "#1"},
				"west": {"uv": [4.5, 10.333, 4.5, 10.333], "texture": "#1"},
				"up": {"uv": [4.5, 10.333, 4.5, 10.333], "texture": "#1"},
				"down": {"uv": [4.5, 10.333, 4.5, 10.333], "texture": "#1"}
			}
		},
		{
			"from": [2.74551, 12.18831, 7.59804],
			"to": [3.00889, 12.97997, 12.15659],
			"rotation": {"angle": 22.5, "axis": "z", "origin": [11.12389, 12.48816, 11.95767]},
			"faces": {
				"north": {"uv": [3.667, 9.5, 3.667, 9.5], "texture": "#1"},
				"east": {"uv": [3.667, 9.5, 3.667, 9.5], "texture": "#1"},
				"south": {"uv": [3.667, 9.5, 3.667, 9.5], "texture": "#1"},
				"west": {"uv": [3.667, 9.5, 3.667, 9.5], "texture": "#1"},
				"up": {"uv": [3.667, 9.5, 3.667, 9.5], "texture": "#1"},
				"down": {"uv": [3.667, 9.5, 3.667, 9.5], "texture": "#1"}
			}
		},
		{
			"from": [2.54556, 12.3575, 4.71413],
			"to": [2.80894, 13.14916, 9.27268],
			"rotation": {"angle": 22.5, "axis": "z", "origin": [11.12389, 12.48816, 11.95767]},
			"faces": {
				"north": {"uv": [4.5, 10.333, 4.5, 10.333], "texture": "#1"},
				"east": {"uv": [4.5, 10.333, 4.5, 10.333], "texture": "#1"},
				"south": {"uv": [4.5, 10.333, 4.5, 10.333], "texture": "#1"},
				"west": {"uv": [4.5, 10.333, 4.5, 10.333], "texture": "#1"},
				"up": {"uv": [4.5, 10.333, 4.5, 10.333], "texture": "#1"},
				"down": {"uv": [4.5, 10.333, 4.5, 10.333], "texture": "#1"}
			}
		},
		{
			"from": [4.65027, 12.18831, 13.69328],
			"to": [4.91365, 12.97997, 18.25183],
			"rotation": {"angle": 22.5, "axis": "z", "origin": [11.12389, 12.48816, 11.95767]},
			"faces": {
				"north": {"uv": [3.667, 9.5, 3.667, 9.5], "texture": "#1"},
				"east": {"uv": [3.667, 9.5, 3.667, 9.5], "texture": "#1"},
				"south": {"uv": [3.667, 9.5, 3.667, 9.5], "texture": "#1"},
				"west": {"uv": [3.667, 9.5, 3.667, 9.5], "texture": "#1"},
				"up": {"uv": [3.667, 9.5, 3.667, 9.5], "texture": "#1"},
				"down": {"uv": [3.667, 9.5, 3.667, 9.5], "texture": "#1"}
			}
		},
		{
			"from": [5.79313, 12.18831, 15.21709],
			"to": [6.05651, 12.97997, 19.77564],
			"rotation": {"angle": 22.5, "axis": "z", "origin": [11.12389, 12.48816, 11.95767]},
			"faces": {
				"north": {"uv": [3.667, 9.5, 3.667, 9.5], "texture": "#1"},
				"east": {"uv": [3.667, 9.5, 3.667, 9.5], "texture": "#1"},
				"south": {"uv": [3.667, 9.5, 3.667, 9.5], "texture": "#1"},
				"west": {"uv": [3.667, 9.5, 3.667, 9.5], "texture": "#1"},
				"up": {"uv": [3.667, 9.5, 3.667, 9.5], "texture": "#1"},
				"down": {"uv": [3.667, 9.5, 3.667, 9.5], "texture": "#1"}
			}
		},
		{
			"from": [9.72964, 12.18831, 15.21709],
			"to": [9.99301, 12.97997, 19.77564],
			"rotation": {"angle": 22.5, "axis": "z", "origin": [11.12389, 12.48816, 11.95767]},
			"faces": {
				"north": {"uv": [3.667, 9.5, 3.667, 9.5], "texture": "#1"},
				"east": {"uv": [3.667, 9.5, 3.667, 9.5], "texture": "#1"},
				"south": {"uv": [3.667, 9.5, 3.667, 9.5], "texture": "#1"},
				"west": {"uv": [3.667, 9.5, 3.667, 9.5], "texture": "#1"},
				"up": {"uv": [3.667, 9.5, 3.667, 9.5], "texture": "#1"},
				"down": {"uv": [3.667, 9.5, 3.667, 9.5], "texture": "#1"}
			}
		},
		{
			"from": [4.45032, 12.3575, 8.65064],
			"to": [4.7137, 13.14916, 13.20919],
			"rotation": {"angle": 22.5, "axis": "z", "origin": [11.12389, 12.48816, 11.95767]},
			"faces": {
				"north": {"uv": [4.5, 10.333, 4.5, 10.333], "texture": "#1"},
				"east": {"uv": [4.5, 10.333, 4.5, 10.333], "texture": "#1"},
				"south": {"uv": [4.5, 10.333, 4.5, 10.333], "texture": "#1"},
				"west": {"uv": [4.5, 10.333, 4.5, 10.333], "texture": "#1"},
				"up": {"uv": [4.5, 10.333, 4.5, 10.333], "texture": "#1"},
				"down": {"uv": [4.5, 10.333, 4.5, 10.333], "texture": "#1"}
			}
		},
		{
			"from": [9.98361, 12.18831, 11.53455],
			"to": [10.24698, 12.97997, 16.0931],
			"rotation": {"angle": 22.5, "axis": "z", "origin": [11.12389, 12.48816, 11.95767]},
			"faces": {
				"north": {"uv": [3.667, 9.5, 3.667, 9.5], "texture": "#1"},
				"east": {"uv": [3.667, 9.5, 3.667, 9.5], "texture": "#1"},
				"south": {"uv": [3.667, 9.5, 3.667, 9.5], "texture": "#1"},
				"west": {"uv": [3.667, 9.5, 3.667, 9.5], "texture": "#1"},
				"up": {"uv": [3.667, 9.5, 3.667, 9.5], "texture": "#1"},
				"down": {"uv": [3.667, 9.5, 3.667, 9.5], "texture": "#1"}
			}
		},
		{
			"from": [22.73474, 13.40872, 4.91981],
			"to": [22.99811, 14.20038, 12.77995],
			"rotation": {"angle": -22.5, "axis": "z", "origin": [21.32729, 13.88915, 10.96348]},
			"faces": {
				"north": {"uv": [3.667, 9.5, 3.667, 9.5], "texture": "#1"},
				"east": {"uv": [3.667, 9.5, 3.667, 9.5], "texture": "#1"},
				"south": {"uv": [3.667, 9.5, 3.667, 9.5], "texture": "#1"},
				"west": {"uv": [3.667, 9.5, 3.667, 9.5], "texture": "#1"},
				"up": {"uv": [3.667, 9.5, 3.667, 9.5], "texture": "#1"},
				"down": {"uv": [3.667, 9.5, 3.667, 9.5], "texture": "#1"}
			}
		},
		{
			"from": [20.70299, 13.40872, 9.11029],
			"to": [20.96636, 14.20038, 16.97043],
			"rotation": {"angle": -22.5, "axis": "z", "origin": [21.32729, 13.88915, 10.96348]},
			"faces": {
				"north": {"uv": [3.667, 9.5, 3.667, 9.5], "texture": "#1"},
				"east": {"uv": [3.667, 9.5, 3.667, 9.5], "texture": "#1"},
				"south": {"uv": [3.667, 9.5, 3.667, 9.5], "texture": "#1"},
				"west": {"uv": [3.667, 9.5, 3.667, 9.5], "texture": "#1"},
				"up": {"uv": [3.667, 9.5, 3.667, 9.5], "texture": "#1"},
				"down": {"uv": [3.667, 9.5, 3.667, 9.5], "texture": "#1"}
			}
		},
		{
			"from": [24.76648, 13.40872, 2.88806],
			"to": [25.02986, 14.20038, 10.74821],
			"rotation": {"angle": -22.5, "axis": "z", "origin": [21.32729, 13.88915, 10.96348]},
			"faces": {
				"north": {"uv": [3.667, 9.5, 3.667, 9.5], "texture": "#1"},
				"east": {"uv": [3.667, 9.5, 3.667, 9.5], "texture": "#1"},
				"south": {"uv": [3.667, 9.5, 3.667, 9.5], "texture": "#1"},
				"west": {"uv": [3.667, 9.5, 3.667, 9.5], "texture": "#1"},
				"up": {"uv": [3.667, 9.5, 3.667, 9.5], "texture": "#1"},
				"down": {"uv": [3.667, 9.5, 3.667, 9.5], "texture": "#1"}
			}
		},
		{
			"from": [22.73474, 13.40872, 3.77695],
			"to": [22.99811, 14.20038, 11.63709],
			"rotation": {"angle": -22.5, "axis": "z", "origin": [21.32729, 13.88915, 10.96348]},
			"faces": {
				"north": {"uv": [3.667, 9.5, 3.667, 9.5], "texture": "#1"},
				"east": {"uv": [3.667, 9.5, 3.667, 9.5], "texture": "#1"},
				"south": {"uv": [3.667, 9.5, 3.667, 9.5], "texture": "#1"},
				"west": {"uv": [3.667, 9.5, 3.667, 9.5], "texture": "#1"},
				"up": {"uv": [3.667, 9.5, 3.667, 9.5], "texture": "#1"},
				"down": {"uv": [3.667, 9.5, 3.667, 9.5], "texture": "#1"}
			}
		},
		{
			"from": [9.78366, 12.3575, 8.65064],
			"to": [10.04703, 13.14916, 13.20919],
			"rotation": {"angle": 22.5, "axis": "z", "origin": [11.12389, 12.48816, 11.95767]},
			"faces": {
				"north": {"uv": [4.5, 10.333, 4.5, 10.333], "texture": "#1"},
				"east": {"uv": [4.5, 10.333, 4.5, 10.333], "texture": "#1"},
				"south": {"uv": [4.5, 10.333, 4.5, 10.333], "texture": "#1"},
				"west": {"uv": [4.5, 10.333, 4.5, 10.333], "texture": "#1"},
				"up": {"uv": [4.5, 10.333, 4.5, 10.333], "texture": "#1"},
				"down": {"uv": [4.5, 10.333, 4.5, 10.333], "texture": "#1"}
			}
		},
		{
			"from": [22.53478, 13.57791, 3.94066],
			"to": [22.79816, 14.36957, 12.92109],
			"rotation": {"angle": -22.5, "axis": "z", "origin": [21.32729, 13.88915, 10.96348]},
			"faces": {
				"north": {"uv": [4.5, 10.333, 4.5, 10.333], "texture": "#1"},
				"east": {"uv": [4.5, 10.333, 4.5, 10.333], "texture": "#1"},
				"south": {"uv": [4.5, 10.333, 4.5, 10.333], "texture": "#1"},
				"west": {"uv": [4.5, 10.333, 4.5, 10.333], "texture": "#1"},
				"up": {"uv": [4.5, 10.333, 4.5, 10.333], "texture": "#1"},
				"down": {"uv": [4.5, 10.333, 4.5, 10.333], "texture": "#1"}
			}
		},
		{
			"from": [21.89986, 13.57791, 4.06764],
			"to": [22.16324, 14.36957, 13.04807],
			"rotation": {"angle": -22.5, "axis": "z", "origin": [21.32729, 13.88915, 10.96348]},
			"faces": {
				"north": {"uv": [4.5, 10.333, 4.5, 10.333], "texture": "#1"},
				"east": {"uv": [4.5, 10.333, 4.5, 10.333], "texture": "#1"},
				"south": {"uv": [4.5, 10.333, 4.5, 10.333], "texture": "#1"},
				"west": {"uv": [4.5, 10.333, 4.5, 10.333], "texture": "#1"},
				"up": {"uv": [4.5, 10.333, 4.5, 10.333], "texture": "#1"},
				"down": {"uv": [4.5, 10.333, 4.5, 10.333], "texture": "#1"}
			}
		},
		{
			"from": [20.37605, 13.57791, 10.92479],
			"to": [20.63943, 14.36957, 15.48334],
			"rotation": {"angle": -22.5, "axis": "z", "origin": [21.32729, 13.88915, 10.96348]},
			"faces": {
				"north": {"uv": [4.5, 10.333, 4.5, 10.333], "texture": "#1"},
				"east": {"uv": [4.5, 10.333, 4.5, 10.333], "texture": "#1"},
				"south": {"uv": [4.5, 10.333, 4.5, 10.333], "texture": "#1"},
				"west": {"uv": [4.5, 10.333, 4.5, 10.333], "texture": "#1"},
				"up": {"uv": [4.5, 10.333, 4.5, 10.333], "texture": "#1"},
				"down": {"uv": [4.5, 10.333, 4.5, 10.333], "texture": "#1"}
			}
		},
		{
			"from": [19.74113, 13.57791, 8.25812],
			"to": [20.00451, 14.36957, 12.81668],
			"rotation": {"angle": -22.5, "axis": "z", "origin": [21.32729, 13.88915, 10.96348]},
			"faces": {
				"north": {"uv": [4.5, 10.333, 4.5, 10.333], "texture": "#1"},
				"east": {"uv": [4.5, 10.333, 4.5, 10.333], "texture": "#1"},
				"south": {"uv": [4.5, 10.333, 4.5, 10.333], "texture": "#1"},
				"west": {"uv": [4.5, 10.333, 4.5, 10.333], "texture": "#1"},
				"up": {"uv": [4.5, 10.333, 4.5, 10.333], "texture": "#1"},
				"down": {"uv": [4.5, 10.333, 4.5, 10.333], "texture": "#1"}
			}
		},
		{
			"from": [11.38043, 12.18831, 10.01074],
			"to": [11.64381, 12.97997, 14.56929],
			"rotation": {"angle": 22.5, "axis": "z", "origin": [11.12389, 12.48816, 11.95767]},
			"faces": {
				"north": {"uv": [3.667, 9.5, 3.667, 9.5], "texture": "#1"},
				"east": {"uv": [3.667, 9.5, 3.667, 9.5], "texture": "#1"},
				"south": {"uv": [3.667, 9.5, 3.667, 9.5], "texture": "#1"},
				"west": {"uv": [3.667, 9.5, 3.667, 9.5], "texture": "#1"},
				"up": {"uv": [3.667, 9.5, 3.667, 9.5], "texture": "#1"},
				"down": {"uv": [3.667, 9.5, 3.667, 9.5], "texture": "#1"}
			}
		},
		{
			"from": [24.13156, 13.40872, 8.09441],
			"to": [24.39493, 14.20038, 12.65297],
			"rotation": {"angle": -22.5, "axis": "z", "origin": [21.32729, 13.88915, 10.96348]},
			"faces": {
				"north": {"uv": [3.667, 9.5, 3.667, 9.5], "texture": "#1"},
				"east": {"uv": [3.667, 9.5, 3.667, 9.5], "texture": "#1"},
				"south": {"uv": [3.667, 9.5, 3.667, 9.5], "texture": "#1"},
				"west": {"uv": [3.667, 9.5, 3.667, 9.5], "texture": "#1"},
				"up": {"uv": [3.667, 9.5, 3.667, 9.5], "texture": "#1"},
				"down": {"uv": [3.667, 9.5, 3.667, 9.5], "texture": "#1"}
			}
		},
		{
			"from": [26.16331, 13.40872, 4.66584],
			"to": [26.42668, 14.20038, 9.2244],
			"rotation": {"angle": -22.5, "axis": "z", "origin": [21.32729, 13.88915, 10.96348]},
			"faces": {
				"north": {"uv": [3.667, 9.5, 3.667, 9.5], "texture": "#1"},
				"east": {"uv": [3.667, 9.5, 3.667, 9.5], "texture": "#1"},
				"south": {"uv": [3.667, 9.5, 3.667, 9.5], "texture": "#1"},
				"west": {"uv": [3.667, 9.5, 3.667, 9.5], "texture": "#1"},
				"up": {"uv": [3.667, 9.5, 3.667, 9.5], "texture": "#1"},
				"down": {"uv": [3.667, 9.5, 3.667, 9.5], "texture": "#1"}
			}
		},
		{
			"from": [3.8154, 12.3575, 9.66651],
			"to": [4.07878, 13.14916, 14.22506],
			"rotation": {"angle": 22.5, "axis": "z", "origin": [11.12389, 12.48816, 11.95767]},
			"faces": {
				"north": {"uv": [4.5, 10.333, 4.5, 10.333], "texture": "#1"},
				"east": {"uv": [4.5, 10.333, 4.5, 10.333], "texture": "#1"},
				"south": {"uv": [4.5, 10.333, 4.5, 10.333], "texture": "#1"},
				"west": {"uv": [4.5, 10.333, 4.5, 10.333], "texture": "#1"},
				"up": {"uv": [4.5, 10.333, 4.5, 10.333], "texture": "#1"},
				"down": {"uv": [4.5, 10.333, 4.5, 10.333], "texture": "#1"}
			}
		},
		{
			"from": [7.18996, 12.18831, 18.2647],
			"to": [7.45333, 12.97997, 22.82326],
			"rotation": {"angle": 22.5, "axis": "z", "origin": [11.12389, 12.48816, 11.95767]},
			"faces": {
				"north": {"uv": [3.667, 9.5, 3.667, 9.5], "texture": "#1"},
				"east": {"uv": [3.667, 9.5, 3.667, 9.5], "texture": "#1"},
				"south": {"uv": [3.667, 9.5, 3.667, 9.5], "texture": "#1"},
				"west": {"uv": [3.667, 9.5, 3.667, 9.5], "texture": "#1"},
				"up": {"uv": [3.667, 9.5, 3.667, 9.5], "texture": "#1"},
				"down": {"uv": [3.667, 9.5, 3.667, 9.5], "texture": "#1"}
			}
		},
		{
			"from": [6.99001, 12.3575, 11.3173],
			"to": [7.25338, 13.14916, 15.87586],
			"rotation": {"angle": 22.5, "axis": "z", "origin": [11.12389, 12.48816, 11.95767]},
			"faces": {
				"north": {"uv": [4.5, 10.333, 4.5, 10.333], "texture": "#1"},
				"east": {"uv": [4.5, 10.333, 4.5, 10.333], "texture": "#1"},
				"south": {"uv": [4.5, 10.333, 4.5, 10.333], "texture": "#1"},
				"west": {"uv": [4.5, 10.333, 4.5, 10.333], "texture": "#1"},
				"up": {"uv": [4.5, 10.333, 4.5, 10.333], "texture": "#1"},
				"down": {"uv": [4.5, 10.333, 4.5, 10.333], "texture": "#1"}
			}
		},
		{
			"from": [16.20583, 12.18831, 12.29645],
			"to": [16.4692, 12.97997, 16.85501],
			"rotation": {"angle": 22.5, "axis": "z", "origin": [11.12389, 12.48816, 11.95767]},
			"faces": {
				"north": {"uv": [3.667, 9.5, 3.667, 9.5], "texture": "#1"},
				"east": {"uv": [3.667, 9.5, 3.667, 9.5], "texture": "#1"},
				"south": {"uv": [3.667, 9.5, 3.667, 9.5], "texture": "#1"},
				"west": {"uv": [3.667, 9.5, 3.667, 9.5], "texture": "#1"},
				"up": {"uv": [3.667, 9.5, 3.667, 9.5], "texture": "#1"},
				"down": {"uv": [3.667, 9.5, 3.667, 9.5], "texture": "#1"}
			}
		},
		{
			"from": [16.00588, 12.3575, 9.41254],
			"to": [16.26925, 13.14916, 13.9711],
			"rotation": {"angle": 22.5, "axis": "z", "origin": [11.12389, 12.48816, 11.95767]},
			"faces": {
				"north": {"uv": [4.5, 10.333, 4.5, 10.333], "texture": "#1"},
				"east": {"uv": [4.5, 10.333, 4.5, 10.333], "texture": "#1"},
				"south": {"uv": [4.5, 10.333, 4.5, 10.333], "texture": "#1"},
				"west": {"uv": [4.5, 10.333, 4.5, 10.333], "texture": "#1"},
				"up": {"uv": [4.5, 10.333, 4.5, 10.333], "texture": "#1"},
				"down": {"uv": [4.5, 10.333, 4.5, 10.333], "texture": "#1"}
			}
		},
		{
			"from": [17.09472, 12.18831, 15.72502],
			"to": [17.35809, 12.97997, 20.28358],
			"rotation": {"angle": 22.5, "axis": "z", "origin": [11.12389, 12.48816, 11.95767]},
			"faces": {
				"north": {"uv": [3.667, 9.5, 3.667, 9.5], "texture": "#1"},
				"east": {"uv": [3.667, 9.5, 3.667, 9.5], "texture": "#1"},
				"south": {"uv": [3.667, 9.5, 3.667, 9.5], "texture": "#1"},
				"west": {"uv": [3.667, 9.5, 3.667, 9.5], "texture": "#1"},
				"up": {"uv": [3.667, 9.5, 3.667, 9.5], "texture": "#1"},
				"down": {"uv": [3.667, 9.5, 3.667, 9.5], "texture": "#1"}
			}
		},
		{
			"from": [16.89477, 12.3575, 12.84111],
			"to": [17.15814, 13.14916, 17.39967],
			"rotation": {"angle": 22.5, "axis": "z", "origin": [11.12389, 12.48816, 11.95767]},
			"faces": {
				"north": {"uv": [4.5, 10.333, 4.5, 10.333], "texture": "#1"},
				"east": {"uv": [4.5, 10.333, 4.5, 10.333], "texture": "#1"},
				"south": {"uv": [4.5, 10.333, 4.5, 10.333], "texture": "#1"},
				"west": {"uv": [4.5, 10.333, 4.5, 10.333], "texture": "#1"},
				"up": {"uv": [4.5, 10.333, 4.5, 10.333], "texture": "#1"},
				"down": {"uv": [4.5, 10.333, 4.5, 10.333], "texture": "#1"}
			}
		},
		{
			"from": [13.92012, 12.18831, 10.39169],
			"to": [14.18349, 12.97997, 14.95024],
			"rotation": {"angle": 22.5, "axis": "z", "origin": [11.12389, 12.48816, 11.95767]},
			"faces": {
				"north": {"uv": [3.667, 9.5, 3.667, 9.5], "texture": "#1"},
				"east": {"uv": [3.667, 9.5, 3.667, 9.5], "texture": "#1"},
				"south": {"uv": [3.667, 9.5, 3.667, 9.5], "texture": "#1"},
				"west": {"uv": [3.667, 9.5, 3.667, 9.5], "texture": "#1"},
				"up": {"uv": [3.667, 9.5, 3.667, 9.5], "texture": "#1"},
				"down": {"uv": [3.667, 9.5, 3.667, 9.5], "texture": "#1"}
			}
		},
		{
			"from": [13.72016, 12.3575, 7.50778],
			"to": [13.98354, 13.14916, 12.06633],
			"rotation": {"angle": 22.5, "axis": "z", "origin": [11.12389, 12.48816, 11.95767]},
			"faces": {
				"north": {"uv": [4.5, 10.333, 4.5, 10.333], "texture": "#1"},
				"east": {"uv": [4.5, 10.333, 4.5, 10.333], "texture": "#1"},
				"south": {"uv": [4.5, 10.333, 4.5, 10.333], "texture": "#1"},
				"west": {"uv": [4.5, 10.333, 4.5, 10.333], "texture": "#1"},
				"up": {"uv": [4.5, 10.333, 4.5, 10.333], "texture": "#1"},
				"down": {"uv": [4.5, 10.333, 4.5, 10.333], "texture": "#1"}
			}
		},
		{
			"from": [1.09472, 12.18831, 7.21709],
			"to": [1.35809, 12.97997, 11.77564],
			"rotation": {"angle": 22.5, "axis": "z", "origin": [11.12389, 12.48816, 11.95767]},
			"faces": {
				"north": {"uv": [3.667, 9.5, 3.667, 9.5], "texture": "#1"},
				"east": {"uv": [3.667, 9.5, 3.667, 9.5], "texture": "#1"},
				"south": {"uv": [3.667, 9.5, 3.667, 9.5], "texture": "#1"},
				"west": {"uv": [3.667, 9.5, 3.667, 9.5], "texture": "#1"},
				"up": {"uv": [3.667, 9.5, 3.667, 9.5], "texture": "#1"},
				"down": {"uv": [3.667, 9.5, 3.667, 9.5], "texture": "#1"}
			}
		},
		{
			"from": [0.89477, 12.3575, 4.33317],
			"to": [1.15814, 13.14916, 12.02943],
			"rotation": {"angle": 22.5, "axis": "z", "origin": [11.12389, 12.48816, 11.95767]},
			"faces": {
				"north": {"uv": [4.5, 10.333, 4.5, 10.333], "texture": "#1"},
				"east": {"uv": [4.5, 10.333, 4.5, 10.333], "texture": "#1"},
				"south": {"uv": [4.5, 10.333, 4.5, 10.333], "texture": "#1"},
				"west": {"uv": [4.5, 10.333, 4.5, 10.333], "texture": "#1"},
				"up": {"uv": [4.5, 10.333, 4.5, 10.333], "texture": "#1"},
				"down": {"uv": [4.5, 10.333, 4.5, 10.333], "texture": "#1"}
			}
		},
		{
			"from": [2.99948, 12.18831, 11.15359],
			"to": [3.26285, 12.97997, 15.71215],
			"rotation": {"angle": 22.5, "axis": "z", "origin": [11.12389, 12.48816, 11.95767]},
			"faces": {
				"north": {"uv": [3.667, 9.5, 3.667, 9.5], "texture": "#1"},
				"east": {"uv": [3.667, 9.5, 3.667, 9.5], "texture": "#1"},
				"south": {"uv": [3.667, 9.5, 3.667, 9.5], "texture": "#1"},
				"west": {"uv": [3.667, 9.5, 3.667, 9.5], "texture": "#1"},
				"up": {"uv": [3.667, 9.5, 3.667, 9.5], "texture": "#1"},
				"down": {"uv": [3.667, 9.5, 3.667, 9.5], "texture": "#1"}
			}
		},
		{
			"from": [2.79953, 12.3575, 8.26968],
			"to": [3.0629, 13.14916, 12.82824],
			"rotation": {"angle": 22.5, "axis": "z", "origin": [11.12389, 12.48816, 11.95767]},
			"faces": {
				"north": {"uv": [4.5, 10.333, 4.5, 10.333], "texture": "#1"},
				"east": {"uv": [4.5, 10.333, 4.5, 10.333], "texture": "#1"},
				"south": {"uv": [4.5, 10.333, 4.5, 10.333], "texture": "#1"},
				"west": {"uv": [4.5, 10.333, 4.5, 10.333], "texture": "#1"},
				"up": {"uv": [4.5, 10.333, 4.5, 10.333], "texture": "#1"},
				"down": {"uv": [4.5, 10.333, 4.5, 10.333], "texture": "#1"}
			}
		},
		{
			"from": [6.17408, 12.18831, 12.80439],
			"to": [6.43746, 12.97997, 17.36294],
			"rotation": {"angle": 22.5, "axis": "z", "origin": [11.12389, 12.48816, 11.95767]},
			"faces": {
				"north": {"uv": [3.667, 9.5, 3.667, 9.5], "texture": "#1"},
				"east": {"uv": [3.667, 9.5, 3.667, 9.5], "texture": "#1"},
				"south": {"uv": [3.667, 9.5, 3.667, 9.5], "texture": "#1"},
				"west": {"uv": [3.667, 9.5, 3.667, 9.5], "texture": "#1"},
				"up": {"uv": [3.667, 9.5, 3.667, 9.5], "texture": "#1"},
				"down": {"uv": [3.667, 9.5, 3.667, 9.5], "texture": "#1"}
			}
		},
		{
			"from": [5.97413, 12.3575, 9.92048],
			"to": [6.23751, 13.14916, 14.47903],
			"rotation": {"angle": 22.5, "axis": "z", "origin": [11.12389, 12.48816, 11.95767]},
			"faces": {
				"north": {"uv": [4.5, 10.333, 4.5, 10.333], "texture": "#1"},
				"east": {"uv": [4.5, 10.333, 4.5, 10.333], "texture": "#1"},
				"south": {"uv": [4.5, 10.333, 4.5, 10.333], "texture": "#1"},
				"west": {"uv": [4.5, 10.333, 4.5, 10.333], "texture": "#1"},
				"up": {"uv": [4.5, 10.333, 4.5, 10.333], "texture": "#1"},
				"down": {"uv": [4.5, 10.333, 4.5, 10.333], "texture": "#1"}
			}
		},
		{
			"from": [12.90424, 12.18831, 8.99486],
			"to": [13.16762, 12.97997, 13.55342],
			"rotation": {"angle": 22.5, "axis": "z", "origin": [11.12389, 12.48816, 11.95767]},
			"faces": {
				"north": {"uv": [3.667, 9.5, 3.667, 9.5], "texture": "#1"},
				"east": {"uv": [3.667, 9.5, 3.667, 9.5], "texture": "#1"},
				"south": {"uv": [3.667, 9.5, 3.667, 9.5], "texture": "#1"},
				"west": {"uv": [3.667, 9.5, 3.667, 9.5], "texture": "#1"},
				"up": {"uv": [3.667, 9.5, 3.667, 9.5], "texture": "#1"},
				"down": {"uv": [3.667, 9.5, 3.667, 9.5], "texture": "#1"}
			}
		},
		{
			"from": [12.70429, 12.3575, 6.11095],
			"to": [12.96767, 13.14916, 10.66951],
			"rotation": {"angle": 22.5, "axis": "z", "origin": [11.12389, 12.48816, 11.95767]},
			"faces": {
				"north": {"uv": [4.5, 10.333, 4.5, 10.333], "texture": "#1"},
				"east": {"uv": [4.5, 10.333, 4.5, 10.333], "texture": "#1"},
				"south": {"uv": [4.5, 10.333, 4.5, 10.333], "texture": "#1"},
				"west": {"uv": [4.5, 10.333, 4.5, 10.333], "texture": "#1"},
				"up": {"uv": [4.5, 10.333, 4.5, 10.333], "texture": "#1"},
				"down": {"uv": [4.5, 10.333, 4.5, 10.333], "texture": "#1"}
			}
		},
		{
			"from": [3.76139, 12.18831, 8.99486],
			"to": [4.02476, 12.97997, 13.55342],
			"rotation": {"angle": 22.5, "axis": "z", "origin": [11.12389, 12.48816, 11.95767]},
			"faces": {
				"north": {"uv": [3.667, 9.5, 3.667, 9.5], "texture": "#1"},
				"east": {"uv": [3.667, 9.5, 3.667, 9.5], "texture": "#1"},
				"south": {"uv": [3.667, 9.5, 3.667, 9.5], "texture": "#1"},
				"west": {"uv": [3.667, 9.5, 3.667, 9.5], "texture": "#1"},
				"up": {"uv": [3.667, 9.5, 3.667, 9.5], "texture": "#1"},
				"down": {"uv": [3.667, 9.5, 3.667, 9.5], "texture": "#1"}
			}
		},
		{
			"from": [3.56143, 12.3575, 6.11095],
			"to": [3.82481, 13.14916, 10.66951],
			"rotation": {"angle": 22.5, "axis": "z", "origin": [11.12389, 12.48816, 11.95767]},
			"faces": {
				"north": {"uv": [4.5, 10.333, 4.5, 10.333], "texture": "#1"},
				"east": {"uv": [4.5, 10.333, 4.5, 10.333], "texture": "#1"},
				"south": {"uv": [4.5, 10.333, 4.5, 10.333], "texture": "#1"},
				"west": {"uv": [4.5, 10.333, 4.5, 10.333], "texture": "#1"},
				"up": {"uv": [4.5, 10.333, 4.5, 10.333], "texture": "#1"},
				"down": {"uv": [4.5, 10.333, 4.5, 10.333], "texture": "#1"}
			}
		},
		{
			"from": [5.66615, 12.18831, 12.93137],
			"to": [5.92952, 12.97997, 17.48993],
			"rotation": {"angle": 22.5, "axis": "z", "origin": [11.12389, 12.48816, 11.95767]},
			"faces": {
				"north": {"uv": [3.667, 9.5, 3.667, 9.5], "texture": "#1"},
				"east": {"uv": [3.667, 9.5, 3.667, 9.5], "texture": "#1"},
				"south": {"uv": [3.667, 9.5, 3.667, 9.5], "texture": "#1"},
				"west": {"uv": [3.667, 9.5, 3.667, 9.5], "texture": "#1"},
				"up": {"uv": [3.667, 9.5, 3.667, 9.5], "texture": "#1"},
				"down": {"uv": [3.667, 9.5, 3.667, 9.5], "texture": "#1"}
			}
		},
		{
			"from": [5.4662, 12.3575, 10.04746],
			"to": [5.72957, 13.14916, 14.60602],
			"rotation": {"angle": 22.5, "axis": "z", "origin": [11.12389, 12.48816, 11.95767]},
			"faces": {
				"north": {"uv": [4.5, 10.333, 4.5, 10.333], "texture": "#1"},
				"east": {"uv": [4.5, 10.333, 4.5, 10.333], "texture": "#1"},
				"south": {"uv": [4.5, 10.333, 4.5, 10.333], "texture": "#1"},
				"west": {"uv": [4.5, 10.333, 4.5, 10.333], "texture": "#1"},
				"up": {"uv": [4.5, 10.333, 4.5, 10.333], "texture": "#1"},
				"down": {"uv": [4.5, 10.333, 4.5, 10.333], "texture": "#1"}
			}
		},
		{
			"from": [12.39631, 12.18831, 9.12185],
			"to": [12.65968, 12.97997, 13.6804],
			"rotation": {"angle": 22.5, "axis": "z", "origin": [11.12389, 12.48816, 11.95767]},
			"faces": {
				"north": {"uv": [3.667, 9.5, 3.667, 9.5], "texture": "#1"},
				"east": {"uv": [3.667, 9.5, 3.667, 9.5], "texture": "#1"},
				"south": {"uv": [3.667, 9.5, 3.667, 9.5], "texture": "#1"},
				"west": {"uv": [3.667, 9.5, 3.667, 9.5], "texture": "#1"},
				"up": {"uv": [3.667, 9.5, 3.667, 9.5], "texture": "#1"},
				"down": {"uv": [3.667, 9.5, 3.667, 9.5], "texture": "#1"}
			}
		},
		{
			"from": [12.19636, 12.3575, 6.23794],
			"to": [12.45973, 13.14916, 10.79649],
			"rotation": {"angle": 22.5, "axis": "z", "origin": [11.12389, 12.48816, 11.95767]},
			"faces": {
				"north": {"uv": [4.5, 10.333, 4.5, 10.333], "texture": "#1"},
				"east": {"uv": [4.5, 10.333, 4.5, 10.333], "texture": "#1"},
				"south": {"uv": [4.5, 10.333, 4.5, 10.333], "texture": "#1"},
				"west": {"uv": [4.5, 10.333, 4.5, 10.333], "texture": "#1"},
				"up": {"uv": [4.5, 10.333, 4.5, 10.333], "texture": "#1"},
				"down": {"uv": [4.5, 10.333, 4.5, 10.333], "texture": "#1"}
			}
		},
		{
			"from": [8.84075, 12.18831, 18.01074],
			"to": [9.10412, 12.97997, 22.56929],
			"rotation": {"angle": 22.5, "axis": "z", "origin": [11.12389, 12.48816, 11.95767]},
			"faces": {
				"north": {"uv": [3.667, 9.5, 3.667, 9.5], "texture": "#1"},
				"east": {"uv": [3.667, 9.5, 3.667, 9.5], "texture": "#1"},
				"south": {"uv": [3.667, 9.5, 3.667, 9.5], "texture": "#1"},
				"west": {"uv": [3.667, 9.5, 3.667, 9.5], "texture": "#1"},
				"up": {"uv": [3.667, 9.5, 3.667, 9.5], "texture": "#1"},
				"down": {"uv": [3.667, 9.5, 3.667, 9.5], "texture": "#1"}
			}
		},
		{
			"from": [14.35509, 12.3575, 6.4919],
			"to": [14.61846, 13.14916, 11.05046],
			"rotation": {"angle": 22.5, "axis": "z", "origin": [11.12389, 12.48816, 11.95767]},
			"faces": {
				"north": {"uv": [4.5, 10.333, 4.5, 10.333], "texture": "#1"},
				"east": {"uv": [4.5, 10.333, 4.5, 10.333], "texture": "#1"},
				"south": {"uv": [4.5, 10.333, 4.5, 10.333], "texture": "#1"},
				"west": {"uv": [4.5, 10.333, 4.5, 10.333], "texture": "#1"},
				"up": {"uv": [4.5, 10.333, 4.5, 10.333], "texture": "#1"},
				"down": {"uv": [4.5, 10.333, 4.5, 10.333], "texture": "#1"}
			}
		},
		{
			"from": [11.18048, 12.3575, 7.12683],
			"to": [11.44386, 13.14916, 11.68538],
			"rotation": {"angle": 22.5, "axis": "z", "origin": [11.12389, 12.48816, 11.95767]},
			"faces": {
				"north": {"uv": [4.5, 10.333, 4.5, 10.333], "texture": "#1"},
				"east": {"uv": [4.5, 10.333, 4.5, 10.333], "texture": "#1"},
				"south": {"uv": [4.5, 10.333, 4.5, 10.333], "texture": "#1"},
				"west": {"uv": [4.5, 10.333, 4.5, 10.333], "texture": "#1"},
				"up": {"uv": [4.5, 10.333, 4.5, 10.333], "texture": "#1"},
				"down": {"uv": [4.5, 10.333, 4.5, 10.333], "texture": "#1"}
			}
		},
		{
			"from": [21.13796, 13.57791, 6.73431],
			"to": [21.40133, 14.36957, 9.79287],
			"rotation": {"angle": -22.5, "axis": "z", "origin": [21.32729, 13.88915, 10.96348]},
			"faces": {
				"north": {"uv": [4.5, 10.333, 4.5, 10.333], "texture": "#1"},
				"east": {"uv": [4.5, 10.333, 4.5, 10.333], "texture": "#1"},
				"south": {"uv": [4.5, 10.333, 4.5, 10.333], "texture": "#1"},
				"west": {"uv": [4.5, 10.333, 4.5, 10.333], "texture": "#1"},
				"up": {"uv": [4.5, 10.333, 4.5, 10.333], "texture": "#1"},
				"down": {"uv": [4.5, 10.333, 4.5, 10.333], "texture": "#1"}
			}
		},
		{
			"from": [23.29669, 13.57791, 5.59145],
			"to": [23.56006, 14.36957, 10.16489],
			"rotation": {"angle": -22.5, "axis": "z", "origin": [21.32729, 13.88915, 10.96348]},
			"faces": {
				"north": {"uv": [4.5, 10.333, 4.5, 10.333], "texture": "#1"},
				"east": {"uv": [4.5, 10.333, 4.5, 10.333], "texture": "#1"},
				"south": {"uv": [4.5, 10.333, 4.5, 10.333], "texture": "#1"},
				"west": {"uv": [4.5, 10.333, 4.5, 10.333], "texture": "#1"},
				"up": {"uv": [4.5, 10.333, 4.5, 10.333], "texture": "#1"},
				"down": {"uv": [4.5, 10.333, 4.5, 10.333], "texture": "#1"}
			}
		},
		{
			"from": [23.93161, 13.57791, 5.2105],
			"to": [24.19498, 14.36957, 12.83156],
			"rotation": {"angle": -22.5, "axis": "z", "origin": [21.32729, 13.88915, 10.96348]},
			"faces": {
				"north": {"uv": [4.5, 10.333, 4.5, 10.333], "texture": "#1"},
				"east": {"uv": [4.5, 10.333, 4.5, 10.333], "texture": "#1"},
				"south": {"uv": [4.5, 10.333, 4.5, 10.333], "texture": "#1"},
				"west": {"uv": [4.5, 10.333, 4.5, 10.333], "texture": "#1"},
				"up": {"uv": [4.5, 10.333, 4.5, 10.333], "texture": "#1"},
				"down": {"uv": [4.5, 10.333, 4.5, 10.333], "texture": "#1"}
			}
		},
		{
			"from": [25.83637, 13.57791, 4.70256],
			"to": [26.09975, 14.36957, 7.76112],
			"rotation": {"angle": -22.5, "axis": "z", "origin": [21.32729, 13.88915, 10.96348]},
			"faces": {
				"north": {"uv": [4.5, 10.333, 4.5, 10.333], "texture": "#1"},
				"east": {"uv": [4.5, 10.333, 4.5, 10.333], "texture": "#1"},
				"south": {"uv": [4.5, 10.333, 4.5, 10.333], "texture": "#1"},
				"west": {"uv": [4.5, 10.333, 4.5, 10.333], "texture": "#1"},
				"up": {"uv": [4.5, 10.333, 4.5, 10.333], "texture": "#1"},
				"down": {"uv": [4.5, 10.333, 4.5, 10.333], "texture": "#1"}
			}
		},
		{
			"from": [1.91064, 12.3575, 5.73],
			"to": [2.17401, 13.14916, 11.48826],
			"rotation": {"angle": 22.5, "axis": "z", "origin": [11.12389, 12.48816, 11.95767]},
			"faces": {
				"north": {"uv": [4.5, 10.333, 4.5, 10.333], "texture": "#1"},
				"east": {"uv": [4.5, 10.333, 4.5, 10.333], "texture": "#1"},
				"south": {"uv": [4.5, 10.333, 4.5, 10.333], "texture": "#1"},
				"west": {"uv": [4.5, 10.333, 4.5, 10.333], "texture": "#1"},
				"up": {"uv": [4.5, 10.333, 4.5, 10.333], "texture": "#1"},
				"down": {"uv": [4.5, 10.333, 4.5, 10.333], "texture": "#1"}
			}
		},
		{
			"from": [2.11059, 12.18831, 8.61391],
			"to": [2.37397, 12.97997, 13.17247],
			"rotation": {"angle": 22.5, "axis": "z", "origin": [11.12389, 12.48816, 11.95767]},
			"faces": {
				"north": {"uv": [3.667, 9.5, 3.667, 9.5], "texture": "#1"},
				"east": {"uv": [3.667, 9.5, 3.667, 9.5], "texture": "#1"},
				"south": {"uv": [3.667, 9.5, 3.667, 9.5], "texture": "#1"},
				"west": {"uv": [3.667, 9.5, 3.667, 9.5], "texture": "#1"},
				"up": {"uv": [3.667, 9.5, 3.667, 9.5], "texture": "#1"},
				"down": {"uv": [3.667, 9.5, 3.667, 9.5], "texture": "#1"}
			}
		},
		{
			"from": [4.01535, 12.18831, 12.55042],
			"to": [4.27873, 12.97997, 17.10897],
			"rotation": {"angle": 22.5, "axis": "z", "origin": [11.12389, 12.48816, 11.95767]},
			"faces": {
				"north": {"uv": [3.667, 9.5, 3.667, 9.5], "texture": "#1"},
				"east": {"uv": [3.667, 9.5, 3.667, 9.5], "texture": "#1"},
				"south": {"uv": [3.667, 9.5, 3.667, 9.5], "texture": "#1"},
				"west": {"uv": [3.667, 9.5, 3.667, 9.5], "texture": "#1"},
				"up": {"uv": [3.667, 9.5, 3.667, 9.5], "texture": "#1"},
				"down": {"uv": [3.667, 9.5, 3.667, 9.5], "texture": "#1"}
			}
		},
		{
			"from": [14.55504, 12.18831, 9.37582],
			"to": [14.81841, 12.97997, 13.93437],
			"rotation": {"angle": 22.5, "axis": "z", "origin": [11.12389, 12.48816, 11.95767]},
			"faces": {
				"north": {"uv": [3.667, 9.5, 3.667, 9.5], "texture": "#1"},
				"east": {"uv": [3.667, 9.5, 3.667, 9.5], "texture": "#1"},
				"south": {"uv": [3.667, 9.5, 3.667, 9.5], "texture": "#1"},
				"west": {"uv": [3.667, 9.5, 3.667, 9.5], "texture": "#1"},
				"up": {"uv": [3.667, 9.5, 3.667, 9.5], "texture": "#1"},
				"down": {"uv": [3.667, 9.5, 3.667, 9.5], "texture": "#1"}
			}
		},
		{
			"from": [17.88611, 12.18831, 13.80281],
			"to": [19.38974, 12.97997, 18.34834],
			"rotation": {"angle": 22.5, "axis": "z", "origin": [11.12389, 12.48816, 11.95767]},
			"faces": {
				"north": {"uv": [3.667, 9.5, 3.667, 9.5], "texture": "#1"},
				"east": {"uv": [3.667, 9.5, 3.667, 9.5], "texture": "#1"},
				"south": {"uv": [3.667, 9.5, 3.667, 9.5], "texture": "#1"},
				"west": {"uv": [3.667, 9.5, 3.667, 9.5], "texture": "#1"},
				"up": {"uv": [3.667, 9.5, 3.667, 9.5], "texture": "#1"},
				"down": {"uv": [3.667, 9.5, 3.667, 9.5], "texture": "#1"}
			}
		},
		{
			"from": [21.77288, 13.57791, 9.40098],
			"to": [22.03625, 14.36957, 12.45953],
			"rotation": {"angle": -22.5, "axis": "z", "origin": [21.32729, 13.88915, 10.96348]},
			"faces": {
				"north": {"uv": [4.5, 10.333, 4.5, 10.333], "texture": "#1"},
				"east": {"uv": [4.5, 10.333, 4.5, 10.333], "texture": "#1"},
				"south": {"uv": [4.5, 10.333, 4.5, 10.333], "texture": "#1"},
				"west": {"uv": [4.5, 10.333, 4.5, 10.333], "texture": "#1"},
				"up": {"uv": [4.5, 10.333, 4.5, 10.333], "texture": "#1"},
				"down": {"uv": [4.5, 10.333, 4.5, 10.333], "texture": "#1"}
			}
		},
		{
			"from": [7.82488, 12.18831, 7.9174],
			"to": [8.08825, 12.97997, 12.47595],
			"rotation": {"angle": 22.5, "axis": "z", "origin": [11.12389, 12.48816, 6.68973]},
			"faces": {
				"north": {"uv": [3.667, 9.5, 3.667, 9.5], "texture": "#1"},
				"east": {"uv": [3.667, 9.5, 3.667, 9.5], "texture": "#1"},
				"south": {"uv": [3.667, 9.5, 3.667, 9.5], "texture": "#1"},
				"west": {"uv": [3.667, 9.5, 3.667, 9.5], "texture": "#1"},
				"up": {"uv": [3.667, 9.5, 3.667, 9.5], "texture": "#1"},
				"down": {"uv": [3.667, 9.5, 3.667, 9.5], "texture": "#1"}
			}
		},
		{
			"from": [0.6288, 12.18831, -3.63816],
			"to": [18.50095, 12.97997, 9.08344],
			"rotation": {"angle": 22.5, "axis": "z", "origin": [11.12389, 12.48816, 6.68973]},
			"faces": {
				"north": {"uv": [3.667, 9.5, 3.667, 9.5], "texture": "#1"},
				"east": {"uv": [3.667, 9.5, 3.667, 9.5], "texture": "#1"},
				"south": {"uv": [3.667, 9.5, 3.667, 9.5], "texture": "#1"},
				"west": {"uv": [3.667, 9.5, 3.667, 9.5], "texture": "#1"},
				"up": {"uv": [3.667, 9.5, 3.667, 9.5], "texture": "#1"},
				"down": {"uv": [3.667, 9.5, 3.667, 9.5], "texture": "#1"}
			}
		},
		{
			"from": [17.03916, 14.74951, -3.91933],
			"to": [17.85289, 15.24332, -1.90996],
			"rotation": {"angle": 0, "axis": "y", "origin": [17.44602, 14.99524, -4.02551]},
			"faces": {
				"north": {"uv": [5.5, 9.5, 5.5, 9.5], "rotation": 180, "texture": "#1"},
				"east": {"uv": [5.5, 9.5, 5.5, 9.5], "rotation": 180, "texture": "#1"},
				"south": {"uv": [5.5, 9.5, 5.5, 9.5], "rotation": 180, "texture": "#1"},
				"west": {"uv": [5.5, 9.5, 5.5, 9.5], "rotation": 180, "texture": "#1"},
				"up": {"uv": [5.5, 9.5, 5.5, 9.5], "texture": "#1"},
				"down": {"uv": [5.5, 9.5, 5.5, 9.5], "texture": "#1"}
			}
		},
		{
			"from": [17.19677, 14.59661, -3.91933],
			"to": [17.69528, 15.39152, -1.90996],
			"rotation": {"angle": 0, "axis": "y", "origin": [17.44602, 14.99524, -4.02551]},
			"faces": {
				"north": {"uv": [5.5, 9.5, 5.5, 9.5], "rotation": 180, "texture": "#1"},
				"east": {"uv": [5.5, 9.5, 5.5, 9.5], "rotation": 180, "texture": "#1"},
				"south": {"uv": [5.5, 9.5, 5.5, 9.5], "rotation": 180, "texture": "#1"},
				"west": {"uv": [5.5, 9.5, 5.5, 9.5], "rotation": 180, "texture": "#1"},
				"up": {"uv": [5.5, 9.5, 5.5, 9.5], "texture": "#1"},
				"down": {"uv": [5.5, 9.5, 5.5, 9.5], "texture": "#1"}
			}
		},
		{
			"from": [17.22738, 14.64556, -4.18354],
			"to": [17.66467, 15.34286, -2.17408],
			"rotation": {"angle": 0, "axis": "y", "origin": [17.44602, 14.99524, -4.02551]},
			"faces": {
				"north": {"uv": [4.5, 10.75, 4.5, 10.75], "rotation": 180, "texture": "#1"},
				"east": {"uv": [4.5, 10.75, 4.5, 10.75], "rotation": 180, "texture": "#1"},
				"south": {"uv": [4.5, 10.75, 4.5, 10.75], "rotation": 180, "texture": "#1"},
				"west": {"uv": [4.5, 10.75, 4.5, 10.75], "rotation": 180, "texture": "#1"},
				"up": {"uv": [4.5, 10.75, 4.5, 10.75], "texture": "#1"},
				"down": {"uv": [4.5, 10.75, 4.5, 10.75], "texture": "#1"}
			}
		},
		{
			"from": [17.08912, 14.77969, -4.18354],
			"to": [17.80293, 15.21286, -2.17408],
			"rotation": {"angle": 0, "axis": "y", "origin": [17.44602, 14.99524, -4.02551]},
			"faces": {
				"north": {"uv": [4.5, 10.75, 4.5, 10.75], "rotation": 180, "texture": "#1"},
				"east": {"uv": [4.5, 10.75, 4.5, 10.75], "rotation": 180, "texture": "#1"},
				"south": {"uv": [4.5, 10.75, 4.5, 10.75], "rotation": 180, "texture": "#1"},
				"west": {"uv": [4.5, 10.75, 4.5, 10.75], "rotation": 180, "texture": "#1"},
				"up": {"uv": [4.5, 10.75, 4.5, 10.75], "texture": "#1"},
				"down": {"uv": [4.5, 10.75, 4.5, 10.75], "texture": "#1"}
			}
		},
		{
			"from": [17.25361, 14.68752, -4.55492],
			"to": [17.63843, 15.30114, -3.64315],
			"rotation": {"angle": 0, "axis": "y", "origin": [17.44602, 14.99524, -4.02551]},
			"faces": {
				"north": {"uv": [4.5, 10.75, 4.5, 10.75], "rotation": 180, "texture": "#1"},
				"east": {"uv": [4.5, 10.75, 4.5, 10.75], "rotation": 180, "texture": "#1"},
				"south": {"uv": [4.5, 10.75, 4.5, 10.75], "rotation": 180, "texture": "#1"},
				"west": {"uv": [4.5, 10.75, 4.5, 10.75], "rotation": 180, "texture": "#1"},
				"up": {"uv": [4.5, 10.75, 4.5, 10.75], "texture": "#1"},
				"down": {"uv": [4.5, 10.75, 4.5, 10.75], "texture": "#1"}
			}
		},
		{
			"from": [17.13195, 14.80555, -4.55492],
			"to": [17.7601, 15.18674, -3.64315],
			"rotation": {"angle": 0, "axis": "y", "origin": [17.44602, 14.99524, -4.02551]},
			"faces": {
				"north": {"uv": [4.5, 10.75, 4.5, 10.75], "rotation": 180, "texture": "#1"},
				"east": {"uv": [4.5, 10.75, 4.5, 10.75], "rotation": 180, "texture": "#1"},
				"south": {"uv": [4.5, 10.75, 4.5, 10.75], "rotation": 180, "texture": "#1"},
				"west": {"uv": [4.5, 10.75, 4.5, 10.75], "rotation": 180, "texture": "#1"},
				"up": {"uv": [4.5, 10.75, 4.5, 10.75], "texture": "#1"},
				"down": {"uv": [4.5, 10.75, 4.5, 10.75], "texture": "#1"}
			}
		},
		{
			"from": [17.20733, 14.85108, -4.85411],
			"to": [17.68472, 15.14078, -3.94234],
			"rotation": {"angle": 0, "axis": "y", "origin": [17.44602, 14.99524, -4.02551]},
			"faces": {
				"north": {"uv": [4.5, 10.75, 4.5, 10.75], "rotation": 180, "texture": "#1"},
				"east": {"uv": [4.5, 10.75, 4.5, 10.75], "rotation": 180, "texture": "#1"},
				"south": {"uv": [4.5, 10.75, 4.5, 10.75], "rotation": 180, "texture": "#1"},
				"west": {"uv": [4.5, 10.75, 4.5, 10.75], "rotation": 180, "texture": "#1"},
				"up": {"uv": [4.5, 10.75, 4.5, 10.75], "texture": "#1"},
				"down": {"uv": [4.5, 10.75, 4.5, 10.75], "texture": "#1"}
			}
		},
		{
			"from": [17.29979, 14.76138, -4.85411],
			"to": [17.59226, 15.22773, -3.94234],
			"rotation": {"angle": 0, "axis": "y", "origin": [17.44602, 14.99524, -4.02551]},
			"faces": {
				"north": {"uv": [4.5, 10.75, 4.5, 10.75], "rotation": 180, "texture": "#1"},
				"east": {"uv": [4.5, 10.75, 4.5, 10.75], "rotation": 180, "texture": "#1"},
				"south": {"uv": [4.5, 10.75, 4.5, 10.75], "rotation": 180, "texture": "#1"},
				"west": {"uv": [4.5, 10.75, 4.5, 10.75], "rotation": 180, "texture": "#1"},
				"up": {"uv": [4.5, 10.75, 4.5, 10.75], "texture": "#1"},
				"down": {"uv": [4.5, 10.75, 4.5, 10.75], "texture": "#1"}
			}
		},
		{
			"from": [17.32904, 14.80815, -5.10545],
			"to": [17.56301, 15.18123, -4.19367],
			"rotation": {"angle": 0, "axis": "y", "origin": [17.44602, 14.99524, -4.02551]},
			"faces": {
				"north": {"uv": [4.5, 10.75, 4.5, 10.75], "rotation": 180, "texture": "#1"},
				"east": {"uv": [4.5, 10.75, 4.5, 10.75], "rotation": 180, "texture": "#1"},
				"south": {"uv": [4.5, 10.75, 4.5, 10.75], "rotation": 180, "texture": "#1"},
				"west": {"uv": [4.5, 10.75, 4.5, 10.75], "rotation": 180, "texture": "#1"},
				"up": {"uv": [4.5, 10.75, 4.5, 10.75], "texture": "#1"},
				"down": {"uv": [4.5, 10.75, 4.5, 10.75], "texture": "#1"}
			}
		},
		{
			"from": [17.25507, 14.87991, -5.10545],
			"to": [17.63698, 15.11167, -4.19367],
			"rotation": {"angle": 0, "axis": "y", "origin": [17.44602, 14.99524, -4.02551]},
			"faces": {
				"north": {"uv": [4.5, 10.75, 4.5, 10.75], "rotation": 180, "texture": "#1"},
				"east": {"uv": [4.5, 10.75, 4.5, 10.75], "rotation": 180, "texture": "#1"},
				"south": {"uv": [4.5, 10.75, 4.5, 10.75], "rotation": 180, "texture": "#1"},
				"west": {"uv": [4.5, 10.75, 4.5, 10.75], "rotation": 180, "texture": "#1"},
				"up": {"uv": [4.5, 10.75, 4.5, 10.75], "texture": "#1"},
				"down": {"uv": [4.5, 10.75, 4.5, 10.75], "texture": "#1"}
			}
		},
		{
			"from": [17.36413, 14.86428, -5.36867],
			"to": [17.52791, 15.12543, -4.45689],
			"rotation": {"angle": 0, "axis": "y", "origin": [17.44602, 14.99524, -4.02551]},
			"faces": {
				"north": {"uv": [4.5, 10.75, 4.5, 10.75], "rotation": 180, "texture": "#1"},
				"east": {"uv": [4.5, 10.75, 4.5, 10.75], "rotation": 180, "texture": "#1"},
				"south": {"uv": [4.5, 10.75, 4.5, 10.75], "rotation": 180, "texture": "#1"},
				"west": {"uv": [4.5, 10.75, 4.5, 10.75], "rotation": 180, "texture": "#1"},
				"up": {"uv": [4.5, 10.75, 4.5, 10.75], "texture": "#1"},
				"down": {"uv": [4.5, 10.75, 4.5, 10.75], "texture": "#1"}
			}
		},
		{
			"from": [17.31235, 14.91451, -5.36867],
			"to": [17.57969, 15.07674, -4.45689],
			"rotation": {"angle": 0, "axis": "y", "origin": [17.44602, 14.99524, -4.02551]},
			"faces": {
				"north": {"uv": [4.5, 10.75, 4.5, 10.75], "rotation": 180, "texture": "#1"},
				"east": {"uv": [4.5, 10.75, 4.5, 10.75], "rotation": 180, "texture": "#1"},
				"south": {"uv": [4.5, 10.75, 4.5, 10.75], "rotation": 180, "texture": "#1"},
				"west": {"uv": [4.5, 10.75, 4.5, 10.75], "rotation": 180, "texture": "#1"},
				"up": {"uv": [4.5, 10.75, 4.5, 10.75], "texture": "#1"},
				"down": {"uv": [4.5, 10.75, 4.5, 10.75], "texture": "#1"}
			}
		}
	],
	"display": {
		"head": {
			"translation": [45.25, 12.75, 20],
			"scale": [4, 4, 4]
		}
	},
	"groups": [
		{
			"name": "group",
			"origin": [8.59247, 11.7664, 0.84019],
			"children": []
		},
		{
			"name": "group",
			"origin": [8.59247, 11.7664, 0.84019],
			"children": []
		},
		{
			"name": "group",
			"origin": [3.82295, 0.78029, 12.13906],
			"children": []
		},
		{
			"name": "group",
			"origin": [3.02918, 5.35984, -0.18895],
			"children": []
		},
		{
			"name": "group",
			"origin": [3.96009, 5.92767, 5.42432],
			"children": []
		},
		{
			"name": "group",
			"origin": [3.96009, 5.92767, 5.42432],
			"children": []
		},
		{
			"name": "wing",
			"origin": [12.88707, 13.1942, 4.39626],
			"children": []
		},
		{
			"name": "group",
			"origin": [3.02918, 5.35984, -0.18895],
			"children": []
		},
		{
			"name": "group",
			"origin": [3.02918, 5.35984, -0.18895],
			"children": []
		},
		{
			"name": "group",
			"origin": [3.02918, 5.35984, -0.18895],
			"children": [
				{
					"name": "wing",
					"origin": [-2.82637, 14.38799, -0.81081],
					"children": [0, 1, 2, 3, 4, 5, 6, 7, 8, 9, 10, 11, 12, 13, 14, 15, 16, 17, 18, 19, 20, 21, 22, 23, 24, 25, 26, 27, 28, 29, 30, 31, 32, 33, 34, 35, 36, 37, 38, 39, 40, 41, 42, 43, 44, 45, 46, 47, 48, 49, 50, 51, 52, 53, 54, 55, 56, 57, 58, 59, 60, 61, 62, 63,
						{
							"name": "group",
							"origin": [-5.32729, 13.88915, 5.69554],
							"children": [64, 65, 66, 67, 68, 69, 70, 71, 72, 73, 74, 75, 76, 77, 78, 79, 80, 81, 82, 83, 84, 85, 86, 87, 88, 89, 90, 91, 92, 93, 94, 95, 96, 97, 98, 99, 100, 101, 102, 103, 104, 105, 106, 107, 108, 109, 110, 111, 112, 113, 114, 115, 116, 117, 118, 119, 120, 121, 122, 123, 124, 125, 126, 127, 128, 129, 130, 131, 132]
						}, 133, 134, 135, 136, 137, 138, 139, 140, 141, 142, 143, 144, 145, 146]
				},
				{
					"name": "wing",
					"origin": [-2.82637, 14.38799, -0.81081],
					"children": []
				}
			]
		},
		{
			"name": "sixtupo",
			"origin": [6.54168, 7.90805, 16.94719],
			"children": []
		}
	]
}