{
	"credit": "Made with Blockbench",
	"textures": {
		"0": "block/birch_planks",
		"1": "block/white_wool",
		"2": "block/stripped_spruce_log"
	},
	"elements": [
		{
			"from": [7.7, 5, 4],
			"to": [8.3, 11, 5],
			"rotation": {"angle": 0, "axis": "y", "origin": [8, 8, 4.5]},
			"faces": {
				"north": {"uv": [2, 0, 0, 12], "texture": "#0"},
				"east": {"uv": [2, 0, 0, 12], "texture": "#0"},
				"south": {"uv": [2, 0, 0, 12], "texture": "#0"},
				"west": {"uv": [2, 0, 0, 12], "texture": "#0"},
				"up": {"uv": [2, 0, 0, 12], "texture": "#0"},
				"down": {"uv": [2, 0, 0, 12], "texture": "#0"}
			}
		},
		{
			"from": [7.7, 11, 4],
			"to": [8.3, 15.5, 5],
			"rotation": {"angle": 45, "axis": "x", "origin": [8, 11, 4]},
			"faces": {
				"north": {"uv": [2, 0, 0, 12], "texture": "#0"},
				"east": {"uv": [1, 0, 0, 6], "texture": "#0"},
				"south": {"uv": [1, 0, 0, 6], "texture": "#0"},
				"west": {"uv": [1, 0, 0, 6], "texture": "#0"},
				"up": {"uv": [1, 0, 0, 1], "texture": "#0"},
				"down": {"uv": [1, 0, 0, 1], "texture": "#0"}
			}
		},
		{
			"from": [7.7, 0.5, 4],
			"to": [8.3, 5, 5],
			"rotation": {"angle": -45, "axis": "x", "origin": [8, 5, 4]},
			"faces": {
				"north": {"uv": [1, 0, 0, 6], "texture": "#0"},
				"east": {"uv": [1, 0, 0, 6], "texture": "#0"},
				"south": {"uv": [1, 0, 0, 6], "texture": "#0"},
				"west": {"uv": [1, 0, 0, 6], "texture": "#0"},
				"up": {"uv": [1, 0, 0, 6], "texture": "#0"},
				"down": {"uv": [1, 0, 0, 6], "texture": "#0"}
			}
		},
		{
			"from": [7.7, 13.18198, 7.18198],
			"to": [8.3, 14.18198, 9.68198],
			"rotation": {"angle": 0, "axis": "x", "origin": [8.5, 14.18198, 7.18198]},
			"faces": {
				"north": {"uv": [0, 2, 2, 0], "rotation": 270, "texture": "#0"},
				"east": {"uv": [2.5, 0, 0, 1], "rotation": 180, "texture": "#0"},
				"south": {"uv": [0, 2, 2, 0], "rotation": 90, "texture": "#0"},
				"west": {"uv": [2, 0, 0, 2], "texture": "#0"},
				"up": {"uv": [0, 2, 2, 0], "rotation": 270, "texture": "#0"},
				"down": {"uv": [0, 2, 2, 0], "rotation": 90, "texture": "#0"}
			}
		},
		{
			"from": [7.7, 1.818, 7.18198],
			"to": [8.3, 2.818, 9.68198],
			"rotation": {"angle": 0, "axis": "x", "origin": [8, 1.818, 7.18198]},
			"faces": {
				"north": {"uv": [0, 2, 2, 0], "rotation": 90, "texture": "#0"},
				"east": {"uv": [0, 2, 1, 0], "rotation": 90, "texture": "#0"},
				"south": {"uv": [0, 2, 2, 0], "rotation": 90, "texture": "#0"},
				"west": {"uv": [0, 2, 2, 0], "rotation": 90, "texture": "#0"},
				"up": {"uv": [0, 2, 2, 0], "rotation": 90, "texture": "#0"},
				"down": {"uv": [0, 2, 2, 0], "rotation": 90, "texture": "#0"}
			}
		},
		{
			"from": [7.9, 5.044, 7.9],
			"to": [8.1, 13.044, 8.1],
			"rotation": {"angle": -45, "axis": "x", "origin": [8, 14.892, 8]},
			"faces": {
				"north": {"uv": [1, 0, 0, 8], "texture": "#1"},
				"east": {"uv": [1, 0, 0, 8], "texture": "#1"},
				"south": {"uv": [1, 0, 0, 8], "texture": "#1"},
				"west": {"uv": [1, 0, 0, 8], "texture": "#1"},
				"up": {"uv": [1, 0, 0, 8], "texture": "#1"},
				"down": {"uv": [1, 0, 0, 8], "texture": "#1"}
			}
		},
		{
			"from": [7.9, 2.95, 7.9],
			"to": [8.1, 10.95, 8.1],
			"rotation": {"angle": 45, "axis": "x", "origin": [8, 1.1071, 8]},
			"faces": {
				"north": {"uv": [1, 8, 0, 16], "texture": "#1"},
				"east": {"uv": [1, 8, 0, 16], "texture": "#1"},
				"south": {"uv": [1, 8, 0, 16], "texture": "#1"},
				"west": {"uv": [1, 8, 0, 16], "texture": "#1"},
				"up": {"uv": [1, 8, 0, 16], "texture": "#1"},
				"down": {"uv": [1, 8, 0, 16], "texture": "#1"}
			}
		},
		{
			"from": [7.6, 6.7, 3.9],
			"to": [8.4, 6.9, 5.1],
			"faces": {
				"north": {"uv": [12, 0, 0, 2], "texture": "#1"},
				"east": {"uv": [12, 0, 0, 2], "texture": "#1"},
				"south": {"uv": [12, 0, 0, 2], "texture": "#1"},
				"west": {"uv": [12, 0, 0, 2], "texture": "#1"},
				"up": {"uv": [12, 0, 0, 2], "texture": "#1"},
				"down": {"uv": [12, 0, 0, 2], "texture": "#1"}
			}
		},
		{
			"from": [7.6, 7.1, 3.9],
			"to": [8.4, 7.3, 5.1],
			"faces": {
				"north": {"uv": [12, 0, 0, 2], "texture": "#1"},
				"east": {"uv": [12, 0, 0, 2], "texture": "#1"},
				"south": {"uv": [12, 0, 0, 2], "texture": "#1"},
				"west": {"uv": [12, 0, 0, 2], "texture": "#1"},
				"up": {"uv": [12, 0, 0, 2], "texture": "#1"},
				"down": {"uv": [12, 0, 0, 2], "texture": "#1"}
			}
		},
		{
			"from": [7.6, 7.5, 3.9],
			"to": [8.4, 7.7, 5.1],
			"faces": {
				"north": {"uv": [12, 0, 0, 2], "texture": "#1"},
				"east": {"uv": [12, 0, 0, 2], "texture": "#1"},
				"south": {"uv": [12, 0, 0, 2], "texture": "#1"},
				"west": {"uv": [12, 0, 0, 2], "texture": "#1"},
				"up": {"uv": [12, 0, 0, 2], "texture": "#1"},
				"down": {"uv": [12, 0, 0, 2], "texture": "#1"}
			}
		},
		{
			"from": [7.6, 7.9, 3.9],
			"to": [8.4, 8.1, 5.1],
			"faces": {
				"north": {"uv": [12, 0, 0, 2], "texture": "#1"},
				"east": {"uv": [12, 0, 0, 2], "texture": "#1"},
				"south": {"uv": [12, 0, 0, 2], "texture": "#1"},
				"west": {"uv": [12, 0, 0, 2], "texture": "#1"},
				"up": {"uv": [12, 0, 0, 2], "texture": "#1"},
				"down": {"uv": [12, 0, 0, 2], "texture": "#1"}
			}
		},
		{
			"from": [7.6, 8.3, 3.9],
			"to": [8.4, 8.5, 5.1],
			"faces": {
				"north": {"uv": [12, 0, 0, 2], "texture": "#1"},
				"east": {"uv": [12, 0, 0, 2], "texture": "#1"},
				"south": {"uv": [12, 0, 0, 2], "texture": "#1"},
				"west": {"uv": [12, 0, 0, 2], "texture": "#1"},
				"up": {"uv": [12, 0, 0, 2], "texture": "#1"},
				"down": {"uv": [12, 0, 0, 2], "texture": "#1"}
			}
		},
		{
			"from": [7.6, 8.7, 3.9],
			"to": [8.4, 8.9, 5.1],
			"faces": {
				"north": {"uv": [12, 0, 0, 2], "texture": "#1"},
				"east": {"uv": [12, 0, 0, 2], "texture": "#1"},
				"south": {"uv": [12, 0, 0, 2], "texture": "#1"},
				"west": {"uv": [12, 0, 0, 2], "texture": "#1"},
				"up": {"uv": [12, 0, 0, 2], "texture": "#1"},
				"down": {"uv": [12, 0, 0, 2], "texture": "#1"}
			}
		},
		{
			"from": [7.6, 9.1, 3.9],
			"to": [8.4, 9.3, 5.1],
			"faces": {
				"north": {"uv": [12, 0, 0, 2], "texture": "#1"},
				"east": {"uv": [12, 0, 0, 2], "texture": "#1"},
				"south": {"uv": [12, 0, 0, 2], "texture": "#1"},
				"west": {"uv": [12, 0, 0, 2], "texture": "#1"},
				"up": {"uv": [12, 0, 0, 2], "texture": "#1"},
				"down": {"uv": [12, 0, 0, 2], "texture": "#1"}
			}
		},
		{
			"from": [7.85, 7.85, 13.75],
			"to": [8.15, 8.15, 14.75],
			"faces": {
				"north": {"uv": [0, 8, 8, 0], "rotation": 90, "texture": "#2"},
				"east": {"uv": [9.5, 0, 5, 15], "texture": "#2"},
				"south": {"uv": [0, 8, 8, 0], "rotation": 90, "texture": "#2"},
				"west": {"uv": [5, 15, 9.5, 0], "rotation": 90, "texture": "#2"},
				"up": {"uv": [5, 15, 9.5, 0], "rotation": 90, "texture": "#2"},
				"down": {"uv": [5, 15, 9.5, 0], "rotation": 90, "texture": "#2"}
			}
		},
		{
			"from": [7.8, 7.85, 12.75],
			"to": [8.1, 8.15, 13.75],
			"faces": {
				"north": {"uv": [0, 8, 8, 0], "rotation": 90, "texture": "#2"},
				"east": {"uv": [9.5, 0, 5, 15], "texture": "#2"},
				"south": {"uv": [0, 8, 8, 0], "rotation": 90, "texture": "#2"},
				"west": {"uv": [5, 15, 9.5, 0], "rotation": 90, "texture": "#2"},
				"up": {"uv": [5, 15, 9.5, 0], "rotation": 90, "texture": "#2"},
				"down": {"uv": [5, 15, 9.5, 0], "rotation": 90, "texture": "#2"}
			}
		},
		{
			"from": [7.75, 7.85, 11.75],
			"to": [8.05, 8.15, 12.75],
			"faces": {
				"north": {"uv": [0, 8, 8, 0], "rotation": 90, "texture": "#2"},
				"east": {"uv": [9.5, 0, 5, 15], "texture": "#2"},
				"south": {"uv": [0, 8, 8, 0], "rotation": 90, "texture": "#2"},
				"west": {"uv": [5, 15, 9.5, 0], "rotation": 90, "texture": "#2"},
				"up": {"uv": [5, 15, 9.5, 0], "rotation": 90, "texture": "#2"},
				"down": {"uv": [5, 15, 9.5, 0], "rotation": 90, "texture": "#2"}
			}
		},
		{
			"from": [7.7, 7.85, 10.75],
			"to": [8, 8.15, 11.75],
			"faces": {
				"north": {"uv": [0, 8, 8, 0], "rotation": 90, "texture": "#2"},
				"east": {"uv": [9.5, 0, 5, 15], "texture": "#2"},
				"south": {"uv": [0, 8, 8, 0], "rotation": 90, "texture": "#2"},
				"west": {"uv": [5, 15, 9.5, 0], "rotation": 90, "texture": "#2"},
				"up": {"uv": [5, 15, 9.5, 0], "rotation": 90, "texture": "#2"},
				"down": {"uv": [5, 15, 9.5, 0], "rotation": 90, "texture": "#2"}
			}
		},
		{
			"from": [7.65, 7.85, 9.75],
			"to": [7.95, 8.15, 10.75],
			"faces": {
				"north": {"uv": [0, 8, 8, 0], "rotation": 90, "texture": "#2"},
				"east": {"uv": [9.5, 0, 5, 15], "texture": "#2"},
				"south": {"uv": [0, 8, 8, 0], "rotation": 90, "texture": "#2"},
				"west": {"uv": [5, 15, 9.5, 0], "rotation": 90, "texture": "#2"},
				"up": {"uv": [5, 15, 9.5, 0], "rotation": 90, "texture": "#2"},
				"down": {"uv": [5, 15, 9.5, 0], "rotation": 90, "texture": "#2"}
			}
		},
		{
			"from": [7.6, 7.85, 8.75],
			"to": [7.9, 8.15, 9.75],
			"faces": {
				"north": {"uv": [0, 8, 8, 0], "rotation": 90, "texture": "#2"},
				"east": {"uv": [9.5, 0, 5, 15], "texture": "#2"},
				"south": {"uv": [0, 8, 8, 0], "rotation": 90, "texture": "#2"},
				"west": {"uv": [5, 15, 9.5, 0], "rotation": 90, "texture": "#2"},
				"up": {"uv": [5, 15, 9.5, 0], "rotation": 90, "texture": "#2"},
				"down": {"uv": [5, 15, 9.5, 0], "rotation": 90, "texture": "#2"}
			}
		},
		{
			"from": [7.55, 7.85, 7.75],
			"to": [7.85, 8.15, 8.75],
			"faces": {
				"north": {"uv": [0, 8, 8, 0], "rotation": 90, "texture": "#2"},
				"east": {"uv": [9.5, 0, 5, 15], "texture": "#2"},
				"south": {"uv": [0, 8, 8, 0], "rotation": 90, "texture": "#2"},
				"west": {"uv": [5, 15, 9.5, 0], "rotation": 90, "texture": "#2"},
				"up": {"uv": [5, 15, 9.5, 0], "rotation": 90, "texture": "#2"},
				"down": {"uv": [5, 15, 9.5, 0], "rotation": 90, "texture": "#2"}
			}
		},
		{
			"from": [7.5, 7.85, 6.75],
			"to": [7.8, 8.15, 7.75],
			"faces": {
				"north": {"uv": [0, 8, 8, 0], "rotation": 90, "texture": "#2"},
				"east": {"uv": [9.5, 0, 5, 15], "texture": "#2"},
				"south": {"uv": [0, 8, 8, 0], "rotation": 90, "texture": "#2"},
				"west": {"uv": [5, 15, 9.5, 0], "rotation": 90, "texture": "#2"},
				"up": {"uv": [5, 15, 9.5, 0], "rotation": 90, "texture": "#2"},
				"down": {"uv": [5, 15, 9.5, 0], "rotation": 90, "texture": "#2"}
			}
		},
		{
			"from": [7.45, 7.85, 5.75],
			"to": [7.75, 8.15, 6.75],
			"faces": {
				"north": {"uv": [0, 8, 8, 0], "rotation": 90, "texture": "#2"},
				"east": {"uv": [9.5, 0, 5, 15], "texture": "#2"},
				"south": {"uv": [0, 8, 8, 0], "rotation": 90, "texture": "#2"},
				"west": {"uv": [5, 15, 9.5, 0], "rotation": 90, "texture": "#2"},
				"up": {"uv": [5, 15, 9.5, 0], "rotation": 90, "texture": "#2"},
				"down": {"uv": [5, 15, 9.5, 0], "rotation": 90, "texture": "#2"}
			}
		},
		{
			"from": [7.4, 7.85, 4.75],
			"to": [7.7, 8.15, 5.75],
			"faces": {
				"north": {"uv": [0, 8, 8, 0], "rotation": 90, "texture": "#2"},
				"east": {"uv": [9.5, 0, 5, 15], "texture": "#2"},
				"south": {"uv": [0, 8, 8, 0], "rotation": 90, "texture": "#2"},
				"west": {"uv": [5, 15, 9.5, 0], "rotation": 90, "texture": "#2"},
				"up": {"uv": [5, 15, 9.5, 0], "rotation": 90, "texture": "#2"},
				"down": {"uv": [5, 15, 9.5, 0], "rotation": 90, "texture": "#2"}
			}
		},
		{
			"from": [7.35, 7.85, 3.75],
			"to": [7.65, 8.15, 4.75],
			"faces": {
				"north": {"uv": [0, 8, 8, 0], "rotation": 90, "texture": "#2"},
				"east": {"uv": [9.5, 0, 5, 15], "texture": "#2"},
				"south": {"uv": [0, 8, 8, 0], "rotation": 90, "texture": "#2"},
				"west": {"uv": [5, 15, 9.5, 0], "rotation": 90, "texture": "#2"},
				"up": {"uv": [5, 15, 9.5, 0], "rotation": 90, "texture": "#2"},
				"down": {"uv": [5, 15, 9.5, 0], "rotation": 90, "texture": "#2"}
			}
		},
		{
			"from": [7.35, 7.85, 3],
			"to": [7.65, 8.15, 3.75],
			"faces": {
				"north": {"uv": [0, 8, 8, 0], "rotation": 90, "texture": "#1"},
				"east": {"uv": [15.5, 0, 0, 3], "texture": "#1"},
				"south": {"uv": [0, 8, 8, 0], "rotation": 90, "texture": "#1"},
				"west": {"uv": [15.5, 0, 0, 3], "texture": "#1"},
				"up": {"uv": [3, 0, 0, 15.5], "texture": "#1"},
				"down": {"uv": [3, 0, 0, 15.5], "texture": "#1"}
			}
		}
	],
	"gui_light": "front",
	"display": {
		"thirdperson_righthand": {
			"translation": [-2, 0, 5],
			"scale": [1.875, 1.5, 1.6875]
		},
		"thirdperson_lefthand": {
			"translation": [-2, 0, 5],
			"scale": [1.875, 1.5, 1.6875]
		},
		"firstperson_righthand": {
			"rotation": [16, -15, 0],
			"translation": [2.75, 5, 0.5],
			"scale": [1.25, 1, 1.125]
		},
		"firstperson_lefthand": {
			"rotation": [16, -15, 0],
			"translation": [2.75, 5, 0.5],
			"scale": [1.25, 1, 1.125]
		},
		"ground": {
			"rotation": [90, 45, 90],
			"translation": [1, -1, 0],
			"scale": [1, 1.2, 1.35]
		},
		"gui": {
			"rotation": [90, 45, 90],
			"translation": [0.5, -0.5, 0],
			"scale": [1, 1.2, 1.35]
		},
		"head": {
			"rotation": [-90, 0, 90],
			"translation": [0, -4.75, -6.5],
			"scale": [1.25, 1, 1.125]
		},
		"fixed": {
			"rotation": [90, -45, 90],
			"translation": [0.5, -0.5, 0],
			"scale": [1, 1.2, 1.35]
		}
	},
	"groups": [
		{
			"name": "弦",
			"origin": [8, 8, 8],
			"children": [0, 1, 2, 3, 4]
		}, 5, 6,
		{
			"name": "持ち手",
			"origin": [8, 8, 8],
			"children": [7, 8, 9, 10, 11, 12, 13]
		},
		{
			"name": "矢",
			"origin": [8, 8, 8],
			"children": [14, 15, 16, 17, 18, 19, 20, 21, 22, 23, 24, 25]
		}
	]
}