{
	"credit": "Made with Blockbench",
	"textures": {
		"0": "block/light_gray_wool",
		"2": "block/cyan_glazed_terracotta",
		"3": "block/orange_concrete",
		"4": "block/stripped_spruce_log",
		"particle": "block/cyan_glazed_terracotta"
	},
	"elements": [
		{
			"from": [7.95, 7.60888, 10.22075],
			"to": [8.05, 11.90888, 10.32075],
			"rotation": {"angle": -22.5, "axis": "x", "origin": [8, 12.1589, 10.19575]},
			"faces": {
				"north": {"uv": [0, 0, 1, 8], "texture": "#0"},
				"east": {"uv": [0, 0, 1, 8], "texture": "#0"},
				"south": {"uv": [0, 0, 1, 8], "texture": "#0"},
				"west": {"uv": [0, 0, 1, 8], "texture": "#0"},
				"up": {"uv": [0, 0, 1, 1], "rotation": 270, "texture": "#0"},
				"down": {"uv": [0, 0, 1, 1], "rotation": 90, "texture": "#0"}
			}
		},
		{
			"from": [7.95, 4.10888, 10.22075],
			"to": [8.05, 8.40888, 10.32075],
			"rotation": {"angle": 22.5, "axis": "x", "origin": [8, 3.8589, 10.19575]},
			"faces": {
				"north": {"uv": [0, 8, 1, 16], "texture": "#0"},
				"east": {"uv": [0, 8, 1, 16], "texture": "#0"},
				"south": {"uv": [0, 8, 1, 16], "texture": "#0"},
				"west": {"uv": [0, 8, 1, 16], "texture": "#0"},
				"up": {"uv": [0, 15, 1, 16], "rotation": 270, "texture": "#0"},
				"down": {"uv": [0, 15, 1, 16], "rotation": 90, "texture": "#0"}
			}
		},
		{
			"from": [7.82188, 12.79746, 10.59784],
			"to": [8.17813, 12.84746, 10.62284],
			"rotation": {"angle": 0, "axis": "x", "origin": [8, 12.85058, 10.61034]},
			"faces": {
				"north": {"uv": [0, 0, 1, 1], "texture": "#2"},
				"east": {"uv": [0, 0, 1, 1], "texture": "#2"},
				"south": {"uv": [0, 0, 1, 1], "texture": "#2"},
				"west": {"uv": [0, 0, 1, 1], "texture": "#2"},
				"up": {"uv": [0, 0, 1, 1], "texture": "#2"},
				"down": {"uv": [0, 0, 1, 1], "texture": "#2"}
			}
		},
		{
			"from": [7.82188, 12.88635, 10.56349],
			"to": [8.17813, 12.9426, 10.68224],
			"rotation": {"angle": -22.5, "axis": "x", "origin": [8, 12.6926, 10.87599]},
			"faces": {
				"north": {"uv": [0, 0, 1, 1], "texture": "#2"},
				"east": {"uv": [0, 0, 1, 1], "texture": "#2"},
				"south": {"uv": [0, 0, 1, 1], "texture": "#2"},
				"west": {"uv": [0, 0, 1, 1], "texture": "#2"},
				"up": {"uv": [0, 0, 1, 1], "texture": "#2"},
				"down": {"uv": [0, 0, 1, 1], "texture": "#2"}
			}
		},
		{
			"from": [7.82188, 12.47631, 10.49316],
			"to": [8.17813, 12.80131, 10.62441],
			"rotation": {"angle": 0, "axis": "x", "origin": [8, 12.57631, 10.58066]},
			"faces": {
				"north": {"uv": [0, 0, 1, 1], "texture": "#2"},
				"east": {"uv": [0, 0, 1, 1], "texture": "#2"},
				"south": {"uv": [0, 0, 1, 1], "texture": "#2"},
				"west": {"uv": [0, 0, 1, 1], "texture": "#2"},
				"up": {"uv": [0, 0, 1, 1], "texture": "#2"},
				"down": {"uv": [0, 0, 1, 1], "texture": "#2"}
			}
		},
		{
			"from": [7.82188, 12.45627, 10.23435],
			"to": [8.17813, 12.80627, 10.5906],
			"rotation": {"angle": -22.5, "axis": "x", "origin": [8, 12.55627, 10.54685]},
			"faces": {
				"north": {"uv": [0, 0, 1, 1], "texture": "#2"},
				"east": {"uv": [0, 0, 1, 1], "texture": "#2"},
				"south": {"uv": [0, 0, 1, 1], "texture": "#2"},
				"west": {"uv": [0, 0, 1, 1], "texture": "#2"},
				"up": {"uv": [0, 0, 1, 1], "texture": "#2"},
				"down": {"uv": [0, 0, 1, 1], "texture": "#2"}
			}
		},
		{
			"from": [7.82188, 11.97077, 10.02385],
			"to": [8.17813, 12.59577, 10.52385],
			"rotation": {"angle": 22.5, "axis": "x", "origin": [8, 12.28327, 10.27385]},
			"faces": {
				"north": {"uv": [0, 0, 1, 1], "rotation": 180, "texture": "#2"},
				"east": {"uv": [0, 0, 1, 1], "rotation": 90, "texture": "#2"},
				"south": {"uv": [0, 0, 1, 1], "texture": "#2"},
				"west": {"uv": [0, 0, 1, 1], "rotation": 270, "texture": "#2"},
				"up": {"uv": [0, 0, 1, 1], "texture": "#2"},
				"down": {"uv": [0, 0, 1, 1], "rotation": 180, "texture": "#2"}
			}
		},
		{
			"from": [7.82188, 11.76027, 9.68835],
			"to": [8.17813, 12.26027, 10.31335],
			"rotation": {"angle": -22.5, "axis": "x", "origin": [8, 12.01027, 10.00085]},
			"faces": {
				"north": {"uv": [0, 0, 1, 1], "texture": "#2"},
				"east": {"uv": [0, 0, 1, 1], "texture": "#2"},
				"south": {"uv": [0, 0, 1, 1], "texture": "#2"},
				"west": {"uv": [0, 0, 1, 1], "texture": "#2"},
				"up": {"uv": [0, 0, 1, 1], "texture": "#2"},
				"down": {"uv": [0, 0, 1, 1], "texture": "#2"}
			}
		},
		{
			"from": [7.82188, 11.2252, 9.80397],
			"to": [8.17813, 11.9752, 10.30397],
			"rotation": {"angle": 45, "axis": "x", "origin": [8, 12.7252, 9.55397]},
			"faces": {
				"north": {"uv": [0, 0, 1, 1], "rotation": 270, "texture": "#2"},
				"east": {"uv": [0, 0, 1, 1], "rotation": 270, "texture": "#2"},
				"south": {"uv": [0, 0, 1, 1], "rotation": 270, "texture": "#2"},
				"west": {"uv": [0, 0, 1, 1], "rotation": 270, "texture": "#2"},
				"up": {"uv": [0, 0, 1, 1], "rotation": 270, "texture": "#2"},
				"down": {"uv": [0, 0, 1, 1], "rotation": 270, "texture": "#2"}
			}
		},
		{
			"from": [7.82188, 11.89689, 9.20751],
			"to": [8.17813, 12.04064, 9.48251],
			"rotation": {"angle": -22.5, "axis": "x", "origin": [8, 12.04064, 9.27001]},
			"faces": {
				"north": {"uv": [0, 0, 1, 1], "rotation": 90, "texture": "#2"},
				"east": {"uv": [0, 0, 1, 1], "rotation": 180, "texture": "#2"},
				"south": {"uv": [0, 0, 1, 1], "rotation": 270, "texture": "#2"},
				"west": {"uv": [0, 0, 1, 1], "texture": "#2"},
				"up": {"uv": [0, 0, 1, 1], "rotation": 90, "texture": "#2"},
				"down": {"uv": [0, 0, 1, 1], "rotation": 270, "texture": "#2"}
			}
		},
		{
			"from": [7.82188, 11.79064, 9.20751],
			"to": [8.17813, 11.93439, 9.64501],
			"rotation": {"angle": -22.5, "axis": "x", "origin": [8, 12.04064, 9.27001]},
			"faces": {
				"north": {"uv": [0, 0, 1, 1], "rotation": 90, "texture": "#2"},
				"east": {"uv": [0, 0, 1, 1], "rotation": 180, "texture": "#2"},
				"south": {"uv": [0, 0, 1, 1], "rotation": 270, "texture": "#2"},
				"west": {"uv": [0, 0, 1, 1], "texture": "#2"},
				"up": {"uv": [0, 0, 1, 1], "rotation": 90, "texture": "#2"},
				"down": {"uv": [0, 0, 1, 1], "rotation": 270, "texture": "#2"}
			}
		},
		{
			"from": [7.82188, 11.65971, 9.18281],
			"to": [8.17813, 11.94721, 9.80781],
			"rotation": {"angle": 0, "axis": "x", "origin": [8, 11.90971, 9.43281]},
			"faces": {
				"north": {"uv": [0, 0, 1, 1], "rotation": 90, "texture": "#2"},
				"east": {"uv": [0, 0, 1, 1], "rotation": 180, "texture": "#2"},
				"south": {"uv": [0, 0, 1, 1], "rotation": 270, "texture": "#2"},
				"west": {"uv": [0, 0, 1, 1], "texture": "#2"},
				"up": {"uv": [0, 0, 1, 1], "rotation": 90, "texture": "#2"},
				"down": {"uv": [0, 0, 1, 1], "rotation": 270, "texture": "#2"}
			}
		},
		{
			"from": [7.82188, 11.89309, 9.20041],
			"to": [8.17813, 12.01809, 9.38791],
			"rotation": {"angle": 0, "axis": "x", "origin": [8, 12.01809, 9.45041]},
			"faces": {
				"north": {"uv": [0, 0, 1, 1], "rotation": 90, "texture": "#2"},
				"east": {"uv": [0, 0, 1, 1], "rotation": 180, "texture": "#2"},
				"south": {"uv": [0, 0, 1, 1], "rotation": 270, "texture": "#2"},
				"west": {"uv": [0, 0, 1, 1], "texture": "#2"},
				"up": {"uv": [0, 0, 1, 1], "rotation": 90, "texture": "#2"},
				"down": {"uv": [0, 0, 1, 1], "rotation": 270, "texture": "#2"}
			}
		},
		{
			"from": [7.82188, 11.99843, 9.46104],
			"to": [8.17813, 12.12343, 9.68604],
			"rotation": {"angle": 0, "axis": "x", "origin": [8, 12.12343, 9.71104]},
			"faces": {
				"north": {"uv": [0, 0, 1, 1], "rotation": 90, "texture": "#2"},
				"east": {"uv": [0, 0, 1, 1], "rotation": 180, "texture": "#2"},
				"south": {"uv": [0, 0, 1, 1], "rotation": 270, "texture": "#2"},
				"west": {"uv": [0, 0, 1, 1], "texture": "#2"},
				"up": {"uv": [0, 0, 1, 1], "rotation": 90, "texture": "#2"},
				"down": {"uv": [0, 0, 1, 1], "rotation": 270, "texture": "#2"}
			}
		},
		{
			"from": [7.82188, 9.50888, 8.57075],
			"to": [8.17813, 10.50888, 9.07075],
			"rotation": {"angle": 22.5, "axis": "x", "origin": [8, 13.00888, 8.82075]},
			"faces": {
				"north": {"uv": [0, 0, 1, 1], "rotation": 270, "texture": "#2"},
				"east": {"uv": [0, 0, 1, 1], "rotation": 270, "texture": "#2"},
				"south": {"uv": [0, 0, 1, 1], "rotation": 270, "texture": "#2"},
				"west": {"uv": [0, 0, 1, 1], "rotation": 270, "texture": "#2"},
				"up": {"uv": [0, 0, 1, 1], "rotation": 270, "texture": "#2"},
				"down": {"uv": [0, 0, 1, 1], "rotation": 270, "texture": "#2"}
			}
		},
		{
			"from": [7.82188, 9.59295, 10.03472],
			"to": [8.17813, 10.21795, 10.53472],
			"rotation": {"angle": 45, "axis": "x", "origin": [8, 13.09295, 10.28472]},
			"faces": {
				"north": {"uv": [0, 0, 1, 1], "rotation": 270, "texture": "#2"},
				"east": {"uv": [0, 0, 1, 1], "rotation": 270, "texture": "#2"},
				"south": {"uv": [0, 0, 1, 1], "rotation": 270, "texture": "#2"},
				"west": {"uv": [0, 0, 1, 1], "rotation": 270, "texture": "#2"},
				"up": {"uv": [0, 0, 1, 1], "rotation": 270, "texture": "#2"},
				"down": {"uv": [0, 0, 1, 1], "rotation": 270, "texture": "#2"}
			}
		},
		{
			"from": [7.82188, 12.09522, 7.90426],
			"to": [8.17813, 12.59522, 8.52926],
			"rotation": {"angle": -22.5, "axis": "x", "origin": [8, 12.34522, 11.40426]},
			"faces": {
				"north": {"uv": [0, 0, 1, 1], "rotation": 90, "texture": "#2"},
				"east": {"uv": [0, 0, 1, 1], "rotation": 180, "texture": "#2"},
				"south": {"uv": [0, 0, 1, 1], "rotation": 270, "texture": "#2"},
				"west": {"uv": [0, 0, 1, 1], "texture": "#2"},
				"up": {"uv": [0, 0, 1, 1], "rotation": 90, "texture": "#2"},
				"down": {"uv": [0, 0, 1, 1], "rotation": 270, "texture": "#2"}
			}
		},
		{
			"from": [7.82188, 13.41568, 7.64188],
			"to": [8.17813, 13.54068, 7.76688],
			"rotation": {"angle": -45, "axis": "x", "origin": [8, 13.66568, 11.14188]},
			"faces": {
				"north": {"uv": [0, 0, 1, 1], "rotation": 90, "texture": "#2"},
				"east": {"uv": [0, 0, 1, 1], "rotation": 180, "texture": "#2"},
				"south": {"uv": [0, 0, 1, 1], "rotation": 270, "texture": "#2"},
				"west": {"uv": [0, 0, 1, 1], "texture": "#2"},
				"up": {"uv": [0, 0, 1, 1], "rotation": 90, "texture": "#2"},
				"down": {"uv": [0, 0, 1, 1], "rotation": 270, "texture": "#2"}
			}
		},
		{
			"from": [7.82188, 13.67752, 7.28394],
			"to": [8.17813, 13.80252, 7.40894],
			"rotation": {"angle": -45, "axis": "x", "origin": [8, 13.92752, 10.78394]},
			"faces": {
				"north": {"uv": [0, 0, 1, 1], "rotation": 90, "texture": "#2"},
				"east": {"uv": [0, 0, 1, 1], "rotation": 180, "texture": "#2"},
				"south": {"uv": [0, 0, 1, 1], "rotation": 270, "texture": "#2"},
				"west": {"uv": [0, 0, 1, 1], "texture": "#2"},
				"up": {"uv": [0, 0, 1, 1], "rotation": 90, "texture": "#2"},
				"down": {"uv": [0, 0, 1, 1], "rotation": 270, "texture": "#2"}
			}
		},
		{
			"from": [7.82188, 12.31107, 8.31509],
			"to": [8.17813, 12.81107, 8.69009],
			"rotation": {"angle": -22.5, "axis": "x", "origin": [8, 12.56107, 11.81509]},
			"faces": {
				"north": {"uv": [0, 0, 1, 1], "rotation": 90, "texture": "#2"},
				"east": {"uv": [0, 0, 1, 1], "rotation": 180, "texture": "#2"},
				"south": {"uv": [0, 0, 1, 1], "rotation": 270, "texture": "#2"},
				"west": {"uv": [0, 0, 1, 1], "texture": "#2"},
				"up": {"uv": [0, 0, 1, 1], "rotation": 90, "texture": "#2"},
				"down": {"uv": [0, 0, 1, 1], "rotation": 270, "texture": "#2"}
			}
		},
		{
			"from": [7.82188, 9.12098, 7.25039],
			"to": [8.17813, 9.87098, 7.75039],
			"rotation": {"angle": 0, "axis": "z", "origin": [8, 10.37098, 7.50039]},
			"faces": {
				"north": {"uv": [0, 0, 1, 1], "rotation": 270, "texture": "#2"},
				"east": {"uv": [0, 0, 1, 1], "rotation": 270, "texture": "#2"},
				"south": {"uv": [0, 0, 1, 1], "rotation": 270, "texture": "#2"},
				"west": {"uv": [0, 0, 1, 1], "rotation": 270, "texture": "#2"},
				"up": {"uv": [0, 0, 1, 1], "rotation": 270, "texture": "#2"},
				"down": {"uv": [0, 0, 1, 1], "rotation": 270, "texture": "#2"}
			}
		},
		{
			"from": [7.82188, 8.68348, 7.18789],
			"to": [8.17813, 9.43348, 7.68789],
			"rotation": {"angle": 0, "axis": "z", "origin": [8, 9.93348, 7.43789]},
			"faces": {
				"north": {"uv": [0, 0, 1, 1], "rotation": 270, "texture": "#2"},
				"east": {"uv": [0, 0, 1, 1], "rotation": 270, "texture": "#2"},
				"south": {"uv": [0, 0, 1, 1], "rotation": 270, "texture": "#2"},
				"west": {"uv": [0, 0, 1, 1], "rotation": 270, "texture": "#2"},
				"up": {"uv": [0, 0, 1, 1], "rotation": 270, "texture": "#2"},
				"down": {"uv": [0, 0, 1, 1], "rotation": 270, "texture": "#2"}
			}
		},
		{
			"from": [7.78437, 8.99598, 7.16289],
			"to": [8.21563, 9.68348, 7.81289],
			"rotation": {"angle": 0, "axis": "z", "origin": [8, 9.18348, 7.48789]},
			"faces": {
				"north": {"uv": [4, 5, 5, 6], "rotation": 270, "texture": "#2"},
				"east": {"uv": [4, 5, 5, 6], "rotation": 270, "texture": "#2"},
				"south": {"uv": [4, 5, 5, 6], "rotation": 270, "texture": "#2"},
				"west": {"uv": [4, 5, 5, 6], "rotation": 270, "texture": "#2"},
				"up": {"uv": [4, 5, 5, 6], "rotation": 270, "texture": "#2"},
				"down": {"uv": [4, 5, 5, 6], "rotation": 270, "texture": "#2"}
			}
		},
		{
			"from": [7.78437, 8.78531, 7.17247],
			"to": [8.21563, 8.82281, 7.23497],
			"rotation": {"angle": -22.5, "axis": "x", "origin": [8, 8.79156, 7.20372]},
			"faces": {
				"north": {"uv": [4, 5, 5, 6], "texture": "#2"},
				"east": {"uv": [4, 5, 5, 6], "texture": "#2"},
				"south": {"uv": [4, 5, 5, 6], "texture": "#2"},
				"west": {"uv": [4, 5, 5, 6], "texture": "#2"},
				"up": {"uv": [4, 5, 5, 6], "texture": "#2"},
				"down": {"uv": [4, 5, 5, 6], "texture": "#2"}
			}
		},
		{
			"from": [7.78437, 8.76468, 7.19934],
			"to": [8.21563, 8.82718, 7.21834],
			"rotation": {"angle": 45, "axis": "x", "origin": [8, 8.79593, 7.19934]},
			"faces": {
				"north": {"uv": [4, 5, 5, 6], "rotation": 270, "texture": "#2"},
				"east": {"uv": [4, 5, 5, 6], "rotation": 270, "texture": "#2"},
				"south": {"uv": [4, 5, 5, 6], "rotation": 270, "texture": "#2"},
				"west": {"uv": [4, 5, 5, 6], "rotation": 270, "texture": "#2"},
				"up": {"uv": [4, 5, 5, 6], "rotation": 270, "texture": "#2"},
				"down": {"uv": [4, 5, 5, 6], "rotation": 270, "texture": "#2"}
			}
		},
		{
			"from": [7.78437, 8.75556, 7.20223],
			"to": [8.21563, 8.81806, 7.23973],
			"rotation": {"angle": 22.5, "axis": "x", "origin": [8, 8.78681, 7.20848]},
			"faces": {
				"north": {"uv": [4, 5, 5, 6], "rotation": 270, "texture": "#2"},
				"east": {"uv": [4, 5, 5, 6], "rotation": 270, "texture": "#2"},
				"south": {"uv": [4, 5, 5, 6], "rotation": 270, "texture": "#2"},
				"west": {"uv": [4, 5, 5, 6], "rotation": 270, "texture": "#2"},
				"up": {"uv": [4, 5, 5, 6], "rotation": 270, "texture": "#2"},
				"down": {"uv": [4, 5, 5, 6], "rotation": 270, "texture": "#2"}
			}
		},
		{
			"from": [7.78437, 8.80848, 7.16289],
			"to": [8.21563, 9.00848, 7.26289],
			"rotation": {"angle": 0, "axis": "x", "origin": [8, 9.24598, 7.55039]},
			"faces": {
				"north": {"uv": [4, 5, 5, 6], "rotation": 270, "texture": "#2"},
				"east": {"uv": [4, 5, 5, 6], "rotation": 270, "texture": "#2"},
				"south": {"uv": [4, 5, 5, 6], "rotation": 270, "texture": "#2"},
				"west": {"uv": [4, 5, 5, 6], "rotation": 270, "texture": "#2"},
				"up": {"uv": [4, 5, 5, 6], "rotation": 270, "texture": "#2"},
				"down": {"uv": [4, 5, 5, 6], "rotation": 270, "texture": "#2"}
			}
		},
		{
			"from": [7.78437, 8.74598, 7.22539],
			"to": [8.21563, 9.00848, 7.70039],
			"rotation": {"angle": 0, "axis": "x", "origin": [8, 9.24598, 7.55039]},
			"faces": {
				"north": {"uv": [4, 5, 5, 6], "rotation": 270, "texture": "#2"},
				"east": {"uv": [4, 5, 5, 6], "rotation": 270, "texture": "#2"},
				"south": {"uv": [4, 5, 5, 6], "rotation": 270, "texture": "#2"},
				"west": {"uv": [4, 5, 5, 6], "rotation": 270, "texture": "#2"},
				"up": {"uv": [4, 5, 5, 6], "rotation": 270, "texture": "#2"},
				"down": {"uv": [4, 5, 5, 6], "rotation": 270, "texture": "#2"}
			}
		},
		{
			"from": [7.78437, 8.8753, 7.67867],
			"to": [8.21563, 8.9628, 7.71617],
			"rotation": {"angle": 22.5, "axis": "x", "origin": [8, 8.9128, 7.69742]},
			"faces": {
				"north": {"uv": [4, 5, 5, 6], "rotation": 270, "texture": "#2"},
				"east": {"uv": [4, 5, 5, 6], "rotation": 270, "texture": "#2"},
				"south": {"uv": [4, 5, 5, 6], "rotation": 270, "texture": "#2"},
				"west": {"uv": [4, 5, 5, 6], "rotation": 270, "texture": "#2"},
				"up": {"uv": [4, 5, 5, 6], "rotation": 270, "texture": "#2"},
				"down": {"uv": [4, 5, 5, 6], "rotation": 270, "texture": "#2"}
			}
		},
		{
			"from": [7.78437, 8.93439, 7.71754],
			"to": [8.21563, 9.01564, 7.77535],
			"rotation": {"angle": 45, "axis": "x", "origin": [8, 9.00314, 7.75191]},
			"faces": {
				"north": {"uv": [4, 5, 5, 6], "rotation": 270, "texture": "#2"},
				"east": {"uv": [4, 5, 5, 6], "rotation": 270, "texture": "#2"},
				"south": {"uv": [4, 5, 5, 6], "rotation": 270, "texture": "#2"},
				"west": {"uv": [4, 5, 5, 6], "rotation": 270, "texture": "#2"},
				"up": {"uv": [4, 5, 5, 6], "rotation": 270, "texture": "#2"},
				"down": {"uv": [4, 5, 5, 6], "rotation": 270, "texture": "#2"}
			}
		},
		{
			"from": [7.78437, 8.98941, 7.72362],
			"to": [8.21563, 9.04722, 7.80487],
			"rotation": {"angle": -22.5, "axis": "x", "origin": [8, 9.01285, 7.79237]},
			"faces": {
				"north": {"uv": [4, 5, 5, 6], "texture": "#2"},
				"east": {"uv": [4, 5, 5, 6], "texture": "#2"},
				"south": {"uv": [4, 5, 5, 6], "texture": "#2"},
				"west": {"uv": [4, 5, 5, 6], "texture": "#2"},
				"up": {"uv": [4, 5, 5, 6], "texture": "#2"},
				"down": {"uv": [4, 5, 5, 6], "texture": "#2"}
			}
		},
		{
			"from": [7.78437, 9.64424, 7.56684],
			"to": [8.21563, 9.85674, 7.94184],
			"rotation": {"angle": 22.5, "axis": "x", "origin": [8, 10.09424, 7.44184]},
			"faces": {
				"north": {"uv": [4, 5, 5, 6], "rotation": 180, "texture": "#2"},
				"east": {"uv": [4, 5, 5, 6], "rotation": 180, "texture": "#2"},
				"south": {"uv": [4, 5, 5, 6], "rotation": 180, "texture": "#2"},
				"west": {"uv": [4, 5, 5, 6], "rotation": 180, "texture": "#2"},
				"up": {"uv": [4, 5, 5, 6], "rotation": 180, "texture": "#2"},
				"down": {"uv": [4, 5, 5, 6], "rotation": 180, "texture": "#2"}
			}
		},
		{
			"from": [7.78437, 9.89847, 7.65582],
			"to": [8.21563, 10.11097, 7.86832],
			"rotation": {"angle": 45, "axis": "x", "origin": [8, 10.34847, 7.28082]},
			"faces": {
				"north": {"uv": [4, 5, 5, 6], "rotation": 180, "texture": "#2"},
				"east": {"uv": [4, 5, 5, 6], "rotation": 180, "texture": "#2"},
				"south": {"uv": [4, 5, 5, 6], "rotation": 180, "texture": "#2"},
				"west": {"uv": [4, 5, 5, 6], "rotation": 180, "texture": "#2"},
				"up": {"uv": [4, 5, 5, 6], "rotation": 180, "texture": "#2"},
				"down": {"uv": [4, 5, 5, 6], "rotation": 180, "texture": "#2"}
			}
		},
		{
			"from": [7.78437, 9.71154, 6.98514],
			"to": [8.21563, 10.16154, 7.13514],
			"rotation": {"angle": -22.5, "axis": "x", "origin": [8, 10.54904, 7.37264]},
			"faces": {
				"north": {"uv": [4, 5, 5, 6], "rotation": 270, "texture": "#2"},
				"east": {"uv": [4, 5, 5, 6], "rotation": 270, "texture": "#2"},
				"south": {"uv": [4, 5, 5, 6], "rotation": 270, "texture": "#2"},
				"west": {"uv": [4, 5, 5, 6], "rotation": 270, "texture": "#2"},
				"up": {"uv": [4, 5, 5, 6], "rotation": 270, "texture": "#2"},
				"down": {"uv": [4, 5, 5, 6], "rotation": 270, "texture": "#2"}
			}
		},
		{
			"from": [7.78437, 9.71154, 7.09764],
			"to": [8.21563, 10.37404, 7.13514],
			"rotation": {"angle": -22.5, "axis": "x", "origin": [8, 10.54904, 7.37264]},
			"faces": {
				"north": {"uv": [4, 5, 5, 6], "rotation": 270, "texture": "#2"},
				"east": {"uv": [4, 5, 5, 6], "rotation": 270, "texture": "#2"},
				"south": {"uv": [4, 5, 5, 6], "rotation": 270, "texture": "#2"},
				"west": {"uv": [4, 5, 5, 6], "rotation": 270, "texture": "#2"},
				"up": {"uv": [4, 5, 5, 6], "rotation": 270, "texture": "#2"},
				"down": {"uv": [4, 5, 5, 6], "rotation": 270, "texture": "#2"}
			}
		},
		{
			"from": [7.78437, 9.68348, 7.16289],
			"to": [8.21563, 10.07723, 7.30664],
			"rotation": {"angle": 0, "axis": "z", "origin": [8, 9.93348, 7.43789]},
			"faces": {
				"north": {"uv": [4, 5, 5, 6], "rotation": 270, "texture": "#2"},
				"east": {"uv": [4, 5, 5, 6], "rotation": 270, "texture": "#2"},
				"south": {"uv": [4, 5, 5, 6], "rotation": 270, "texture": "#2"},
				"west": {"uv": [4, 5, 5, 6], "rotation": 270, "texture": "#2"},
				"up": {"uv": [4, 5, 5, 6], "rotation": 270, "texture": "#2"},
				"down": {"uv": [4, 5, 5, 6], "rotation": 270, "texture": "#2"}
			}
		},
		{
			"from": [7.78437, 10.05848, 7.16289],
			"to": [8.21563, 10.17098, 7.26914],
			"rotation": {"angle": 0, "axis": "z", "origin": [8, 9.93348, 7.43789]},
			"faces": {
				"north": {"uv": [4, 5, 5, 6], "rotation": 270, "texture": "#2"},
				"east": {"uv": [4, 5, 5, 6], "rotation": 270, "texture": "#2"},
				"south": {"uv": [4, 5, 5, 6], "rotation": 270, "texture": "#2"},
				"west": {"uv": [4, 5, 5, 6], "rotation": 270, "texture": "#2"},
				"up": {"uv": [4, 5, 5, 6], "rotation": 270, "texture": "#2"},
				"down": {"uv": [4, 5, 5, 6], "rotation": 270, "texture": "#2"}
			}
		},
		{
			"from": [7.78437, 10.05848, 7.16289],
			"to": [8.21563, 10.32723, 7.22226],
			"rotation": {"angle": 0, "axis": "z", "origin": [8, 9.93348, 7.43789]},
			"faces": {
				"north": {"uv": [4, 5, 5, 6], "rotation": 270, "texture": "#2"},
				"east": {"uv": [4, 5, 5, 6], "rotation": 270, "texture": "#2"},
				"south": {"uv": [4, 5, 5, 6], "rotation": 270, "texture": "#2"},
				"west": {"uv": [4, 5, 5, 6], "rotation": 270, "texture": "#2"},
				"up": {"uv": [4, 5, 5, 6], "rotation": 270, "texture": "#2"},
				"down": {"uv": [4, 5, 5, 6], "rotation": 270, "texture": "#2"}
			}
		},
		{
			"from": [7.82188, 3.21504, 10.59784],
			"to": [8.17813, 3.26504, 10.62284],
			"rotation": {"angle": 0, "axis": "x", "origin": [8, 3.21192, 10.61034]},
			"faces": {
				"north": {"uv": [0, 1, 1, 0], "texture": "#2"},
				"east": {"uv": [0, 1, 1, 0], "texture": "#2"},
				"south": {"uv": [0, 1, 1, 0], "texture": "#2"},
				"west": {"uv": [0, 1, 1, 0], "texture": "#2"},
				"up": {"uv": [0, 1, 1, 0], "texture": "#2"},
				"down": {"uv": [0, 1, 1, 0], "texture": "#2"}
			}
		},
		{
			"from": [7.82188, 3.1199, 10.56349],
			"to": [8.17813, 3.17615, 10.68224],
			"rotation": {"angle": 22.5, "axis": "x", "origin": [8, 3.3699, 10.87599]},
			"faces": {
				"north": {"uv": [0, 1, 1, 0], "texture": "#2"},
				"east": {"uv": [0, 1, 1, 0], "texture": "#2"},
				"south": {"uv": [0, 1, 1, 0], "texture": "#2"},
				"west": {"uv": [0, 1, 1, 0], "texture": "#2"},
				"up": {"uv": [0, 1, 1, 0], "texture": "#2"},
				"down": {"uv": [0, 1, 1, 0], "texture": "#2"}
			}
		},
		{
			"from": [7.82188, 3.26119, 10.49316],
			"to": [8.17813, 3.58619, 10.62441],
			"rotation": {"angle": 0, "axis": "x", "origin": [8, 3.48619, 10.58066]},
			"faces": {
				"north": {"uv": [0, 1, 1, 0], "texture": "#2"},
				"east": {"uv": [0, 1, 1, 0], "texture": "#2"},
				"south": {"uv": [0, 1, 1, 0], "texture": "#2"},
				"west": {"uv": [0, 1, 1, 0], "texture": "#2"},
				"up": {"uv": [0, 1, 1, 0], "texture": "#2"},
				"down": {"uv": [0, 1, 1, 0], "texture": "#2"}
			}
		},
		{
			"from": [7.82188, 3.25623, 10.23435],
			"to": [8.17813, 3.60623, 10.5906],
			"rotation": {"angle": 22.5, "axis": "x", "origin": [8, 3.50623, 10.54685]},
			"faces": {
				"north": {"uv": [0, 1, 1, 0], "texture": "#2"},
				"east": {"uv": [0, 1, 1, 0], "texture": "#2"},
				"south": {"uv": [0, 1, 1, 0], "texture": "#2"},
				"west": {"uv": [0, 1, 1, 0], "texture": "#2"},
				"up": {"uv": [0, 1, 1, 0], "texture": "#2"},
				"down": {"uv": [0, 1, 1, 0], "texture": "#2"}
			}
		},
		{
			"from": [7.82188, 3.46673, 10.02385],
			"to": [8.17813, 4.09173, 10.52385],
			"rotation": {"angle": -22.5, "axis": "x", "origin": [8, 3.77923, 10.27385]},
			"faces": {
				"north": {"uv": [0, 1, 1, 0], "rotation": 180, "texture": "#2"},
				"east": {"uv": [1, 0, 0, 1], "rotation": 90, "texture": "#2"},
				"south": {"uv": [0, 1, 1, 0], "texture": "#2"},
				"west": {"uv": [1, 0, 0, 1], "rotation": 270, "texture": "#2"},
				"up": {"uv": [0, 1, 1, 0], "rotation": 180, "texture": "#2"},
				"down": {"uv": [0, 1, 1, 0], "texture": "#2"}
			}
		},
		{
			"from": [7.82188, 3.80223, 9.68835],
			"to": [8.17813, 4.30223, 10.31335],
			"rotation": {"angle": 22.5, "axis": "x", "origin": [8, 4.05223, 10.00085]},
			"faces": {
				"north": {"uv": [0, 1, 1, 0], "texture": "#2"},
				"east": {"uv": [0, 1, 1, 0], "texture": "#2"},
				"south": {"uv": [0, 1, 1, 0], "texture": "#2"},
				"west": {"uv": [0, 1, 1, 0], "texture": "#2"},
				"up": {"uv": [0, 1, 1, 0], "texture": "#2"},
				"down": {"uv": [0, 1, 1, 0], "texture": "#2"}
			}
		},
		{
			"from": [7.82188, 4.0873, 9.80397],
			"to": [8.17813, 4.8373, 10.30397],
			"rotation": {"angle": -45, "axis": "x", "origin": [8, 3.3373, 9.55397]},
			"faces": {
				"north": {"uv": [1, 0, 0, 1], "rotation": 270, "texture": "#2"},
				"east": {"uv": [1, 0, 0, 1], "rotation": 270, "texture": "#2"},
				"south": {"uv": [1, 0, 0, 1], "rotation": 270, "texture": "#2"},
				"west": {"uv": [1, 0, 0, 1], "rotation": 270, "texture": "#2"},
				"up": {"uv": [1, 0, 0, 1], "rotation": 270, "texture": "#2"},
				"down": {"uv": [1, 0, 0, 1], "rotation": 270, "texture": "#2"}
			}
		},
		{
			"from": [7.82188, 4.02186, 9.20751],
			"to": [8.17813, 4.16561, 9.48251],
			"rotation": {"angle": 22.5, "axis": "x", "origin": [8, 4.02186, 9.27001]},
			"faces": {
				"north": {"uv": [1, 0, 0, 1], "rotation": 90, "texture": "#2"},
				"east": {"uv": [0, 1, 1, 0], "rotation": 180, "texture": "#2"},
				"south": {"uv": [1, 0, 0, 1], "rotation": 270, "texture": "#2"},
				"west": {"uv": [0, 1, 1, 0], "texture": "#2"},
				"up": {"uv": [1, 0, 0, 1], "rotation": 270, "texture": "#2"},
				"down": {"uv": [1, 0, 0, 1], "rotation": 90, "texture": "#2"}
			}
		},
		{
			"from": [7.82188, 4.12811, 9.20751],
			"to": [8.17813, 4.27186, 9.64501],
			"rotation": {"angle": 22.5, "axis": "x", "origin": [8, 4.02186, 9.27001]},
			"faces": {
				"north": {"uv": [1, 0, 0, 1], "rotation": 90, "texture": "#2"},
				"east": {"uv": [0, 1, 1, 0], "rotation": 180, "texture": "#2"},
				"south": {"uv": [1, 0, 0, 1], "rotation": 270, "texture": "#2"},
				"west": {"uv": [0, 1, 1, 0], "texture": "#2"},
				"up": {"uv": [1, 0, 0, 1], "rotation": 270, "texture": "#2"},
				"down": {"uv": [1, 0, 0, 1], "rotation": 90, "texture": "#2"}
			}
		},
		{
			"from": [7.82188, 4.11529, 9.18281],
			"to": [8.17813, 4.40279, 9.80781],
			"rotation": {"angle": 0, "axis": "x", "origin": [8, 4.15279, 9.43281]},
			"faces": {
				"north": {"uv": [1, 0, 0, 1], "rotation": 90, "texture": "#2"},
				"east": {"uv": [0, 1, 1, 0], "rotation": 180, "texture": "#2"},
				"south": {"uv": [1, 0, 0, 1], "rotation": 270, "texture": "#2"},
				"west": {"uv": [0, 1, 1, 0], "texture": "#2"},
				"up": {"uv": [1, 0, 0, 1], "rotation": 270, "texture": "#2"},
				"down": {"uv": [1, 0, 0, 1], "rotation": 90, "texture": "#2"}
			}
		},
		{
			"from": [7.82188, 4.04441, 9.20041],
			"to": [8.17813, 4.16941, 9.38791],
			"rotation": {"angle": 0, "axis": "x", "origin": [8, 4.04441, 9.45041]},
			"faces": {
				"north": {"uv": [1, 0, 0, 1], "rotation": 90, "texture": "#2"},
				"east": {"uv": [0, 1, 1, 0], "rotation": 180, "texture": "#2"},
				"south": {"uv": [1, 0, 0, 1], "rotation": 270, "texture": "#2"},
				"west": {"uv": [0, 1, 1, 0], "texture": "#2"},
				"up": {"uv": [1, 0, 0, 1], "rotation": 270, "texture": "#2"},
				"down": {"uv": [1, 0, 0, 1], "rotation": 90, "texture": "#2"}
			}
		},
		{
			"from": [7.82188, 3.93907, 9.46104],
			"to": [8.17813, 4.06407, 9.68604],
			"rotation": {"angle": 0, "axis": "x", "origin": [8, 3.93907, 9.71104]},
			"faces": {
				"north": {"uv": [1, 0, 0, 1], "rotation": 90, "texture": "#2"},
				"east": {"uv": [0, 1, 1, 0], "rotation": 180, "texture": "#2"},
				"south": {"uv": [1, 0, 0, 1], "rotation": 270, "texture": "#2"},
				"west": {"uv": [0, 1, 1, 0], "texture": "#2"},
				"up": {"uv": [1, 0, 0, 1], "rotation": 270, "texture": "#2"},
				"down": {"uv": [1, 0, 0, 1], "rotation": 90, "texture": "#2"}
			}
		},
		{
			"from": [7.82188, 5.55362, 8.57075],
			"to": [8.17813, 6.55362, 9.07075],
			"rotation": {"angle": -22.5, "axis": "x", "origin": [8, 3.05362, 8.82075]},
			"faces": {
				"north": {"uv": [1, 0, 0, 1], "rotation": 270, "texture": "#2"},
				"east": {"uv": [1, 0, 0, 1], "rotation": 270, "texture": "#2"},
				"south": {"uv": [1, 0, 0, 1], "rotation": 270, "texture": "#2"},
				"west": {"uv": [1, 0, 0, 1], "rotation": 270, "texture": "#2"},
				"up": {"uv": [1, 0, 0, 1], "rotation": 270, "texture": "#2"},
				"down": {"uv": [1, 0, 0, 1], "rotation": 270, "texture": "#2"}
			}
		},
		{
			"from": [7.82188, 5.84455, 10.03472],
			"to": [8.17813, 6.46955, 10.53472],
			"rotation": {"angle": -45, "axis": "x", "origin": [8, 2.96955, 10.28472]},
			"faces": {
				"north": {"uv": [1, 0, 0, 1], "rotation": 270, "texture": "#2"},
				"east": {"uv": [1, 0, 0, 1], "rotation": 270, "texture": "#2"},
				"south": {"uv": [1, 0, 0, 1], "rotation": 270, "texture": "#2"},
				"west": {"uv": [1, 0, 0, 1], "rotation": 270, "texture": "#2"},
				"up": {"uv": [1, 0, 0, 1], "rotation": 270, "texture": "#2"},
				"down": {"uv": [1, 0, 0, 1], "rotation": 270, "texture": "#2"}
			}
		},
		{
			"from": [7.82188, 3.46728, 7.90426],
			"to": [8.17813, 3.96728, 8.52926],
			"rotation": {"angle": 22.5, "axis": "x", "origin": [8, 3.71728, 11.40426]},
			"faces": {
				"north": {"uv": [1, 0, 0, 1], "rotation": 90, "texture": "#2"},
				"east": {"uv": [0, 1, 1, 0], "rotation": 180, "texture": "#2"},
				"south": {"uv": [1, 0, 0, 1], "rotation": 270, "texture": "#2"},
				"west": {"uv": [0, 1, 1, 0], "texture": "#2"},
				"up": {"uv": [1, 0, 0, 1], "rotation": 270, "texture": "#2"},
				"down": {"uv": [1, 0, 0, 1], "rotation": 90, "texture": "#2"}
			}
		},
		{
			"from": [7.82188, 2.52182, 7.64188],
			"to": [8.17813, 2.64682, 7.76688],
			"rotation": {"angle": 45, "axis": "x", "origin": [8, 2.39682, 11.14188]},
			"faces": {
				"north": {"uv": [1, 0, 0, 1], "rotation": 90, "texture": "#2"},
				"east": {"uv": [0, 1, 1, 0], "rotation": 180, "texture": "#2"},
				"south": {"uv": [1, 0, 0, 1], "rotation": 270, "texture": "#2"},
				"west": {"uv": [0, 1, 1, 0], "texture": "#2"},
				"up": {"uv": [1, 0, 0, 1], "rotation": 270, "texture": "#2"},
				"down": {"uv": [1, 0, 0, 1], "rotation": 90, "texture": "#2"}
			}
		},
		{
			"from": [7.82188, 2.25998, 7.28394],
			"to": [8.17813, 2.38498, 7.40894],
			"rotation": {"angle": 45, "axis": "x", "origin": [8, 2.13498, 10.78394]},
			"faces": {
				"north": {"uv": [1, 0, 0, 1], "rotation": 90, "texture": "#2"},
				"east": {"uv": [0, 1, 1, 0], "rotation": 180, "texture": "#2"},
				"south": {"uv": [1, 0, 0, 1], "rotation": 270, "texture": "#2"},
				"west": {"uv": [0, 1, 1, 0], "texture": "#2"},
				"up": {"uv": [1, 0, 0, 1], "rotation": 270, "texture": "#2"},
				"down": {"uv": [1, 0, 0, 1], "rotation": 90, "texture": "#2"}
			}
		},
		{
			"from": [7.82188, 3.25143, 8.31509],
			"to": [8.17813, 3.75143, 8.69009],
			"rotation": {"angle": 22.5, "axis": "x", "origin": [8, 3.50143, 11.81509]},
			"faces": {
				"north": {"uv": [1, 0, 0, 1], "rotation": 90, "texture": "#2"},
				"east": {"uv": [0, 1, 1, 0], "rotation": 180, "texture": "#2"},
				"south": {"uv": [1, 0, 0, 1], "rotation": 270, "texture": "#2"},
				"west": {"uv": [0, 1, 1, 0], "texture": "#2"},
				"up": {"uv": [1, 0, 0, 1], "rotation": 270, "texture": "#2"},
				"down": {"uv": [1, 0, 0, 1], "rotation": 90, "texture": "#2"}
			}
		},
		{
			"from": [7.82188, 6.19152, 7.25039],
			"to": [8.17813, 6.94152, 7.75039],
			"rotation": {"angle": 0, "axis": "z", "origin": [8, 5.69152, 7.50039]},
			"faces": {
				"north": {"uv": [1, 0, 0, 1], "rotation": 270, "texture": "#2"},
				"east": {"uv": [1, 0, 0, 1], "rotation": 270, "texture": "#2"},
				"south": {"uv": [1, 0, 0, 1], "rotation": 270, "texture": "#2"},
				"west": {"uv": [1, 0, 0, 1], "rotation": 270, "texture": "#2"},
				"up": {"uv": [1, 0, 0, 1], "rotation": 270, "texture": "#2"},
				"down": {"uv": [1, 0, 0, 1], "rotation": 270, "texture": "#2"}
			}
		},
		{
			"from": [7.82188, 6.62902, 7.18789],
			"to": [8.17813, 7.37902, 7.68789],
			"rotation": {"angle": 0, "axis": "z", "origin": [8, 6.12902, 7.43789]},
			"faces": {
				"north": {"uv": [1, 0, 0, 1], "rotation": 270, "texture": "#2"},
				"east": {"uv": [1, 0, 0, 1], "rotation": 270, "texture": "#2"},
				"south": {"uv": [1, 0, 0, 1], "rotation": 270, "texture": "#2"},
				"west": {"uv": [1, 0, 0, 1], "rotation": 270, "texture": "#2"},
				"up": {"uv": [1, 0, 0, 1], "rotation": 270, "texture": "#2"},
				"down": {"uv": [1, 0, 0, 1], "rotation": 270, "texture": "#2"}
			}
		},
		{
			"from": [7.78437, 6.37902, 7.16289],
			"to": [8.21563, 7.06652, 7.81289],
			"rotation": {"angle": 0, "axis": "z", "origin": [8, 6.87902, 7.48789]},
			"faces": {
				"north": {"uv": [5, 5, 4, 6], "rotation": 270, "texture": "#2"},
				"east": {"uv": [5, 5, 4, 6], "rotation": 270, "texture": "#2"},
				"south": {"uv": [5, 5, 4, 6], "rotation": 270, "texture": "#2"},
				"west": {"uv": [5, 5, 4, 6], "rotation": 270, "texture": "#2"},
				"up": {"uv": [5, 5, 4, 6], "rotation": 270, "texture": "#2"},
				"down": {"uv": [5, 5, 4, 6], "rotation": 270, "texture": "#2"}
			}
		},
		{
			"from": [7.78437, 7.23969, 7.17247],
			"to": [8.21563, 7.27719, 7.23497],
			"rotation": {"angle": 22.5, "axis": "x", "origin": [8, 7.27094, 7.20372]},
			"faces": {
				"north": {"uv": [5, 5, 4, 6], "rotation": 90, "texture": "#2"},
				"east": {"uv": [4, 6, 5, 5], "rotation": 180, "texture": "#2"},
				"south": {"uv": [5, 5, 4, 6], "rotation": 270, "texture": "#2"},
				"west": {"uv": [4, 6, 5, 5], "texture": "#2"},
				"up": {"uv": [5, 5, 4, 6], "rotation": 270, "texture": "#2"},
				"down": {"uv": [5, 5, 4, 6], "rotation": 90, "texture": "#2"}
			}
		},
		{
			"from": [7.78437, 7.23532, 7.19934],
			"to": [8.21563, 7.29782, 7.21834],
			"rotation": {"angle": -45, "axis": "x", "origin": [8, 7.26657, 7.19934]},
			"faces": {
				"north": {"uv": [5, 5, 4, 6], "rotation": 270, "texture": "#2"},
				"east": {"uv": [5, 5, 4, 6], "rotation": 270, "texture": "#2"},
				"south": {"uv": [5, 5, 4, 6], "rotation": 270, "texture": "#2"},
				"west": {"uv": [5, 5, 4, 6], "rotation": 270, "texture": "#2"},
				"up": {"uv": [5, 5, 4, 6], "rotation": 270, "texture": "#2"},
				"down": {"uv": [5, 5, 4, 6], "rotation": 270, "texture": "#2"}
			}
		},
		{
			"from": [7.78437, 7.24444, 7.20223],
			"to": [8.21563, 7.30694, 7.23973],
			"rotation": {"angle": -22.5, "axis": "x", "origin": [8, 7.27569, 7.20848]},
			"faces": {
				"north": {"uv": [5, 5, 4, 6], "rotation": 270, "texture": "#2"},
				"east": {"uv": [5, 5, 4, 6], "rotation": 270, "texture": "#2"},
				"south": {"uv": [5, 5, 4, 6], "rotation": 270, "texture": "#2"},
				"west": {"uv": [5, 5, 4, 6], "rotation": 270, "texture": "#2"},
				"up": {"uv": [5, 5, 4, 6], "rotation": 270, "texture": "#2"},
				"down": {"uv": [5, 5, 4, 6], "rotation": 270, "texture": "#2"}
			}
		},
		{
			"from": [7.78437, 7.05402, 7.16289],
			"to": [8.21563, 7.25402, 7.26289],
			"rotation": {"angle": 0, "axis": "x", "origin": [8, 6.81652, 7.55039]},
			"faces": {
				"north": {"uv": [5, 5, 4, 6], "rotation": 270, "texture": "#2"},
				"east": {"uv": [5, 5, 4, 6], "rotation": 270, "texture": "#2"},
				"south": {"uv": [5, 5, 4, 6], "rotation": 270, "texture": "#2"},
				"west": {"uv": [5, 5, 4, 6], "rotation": 270, "texture": "#2"},
				"up": {"uv": [5, 5, 4, 6], "rotation": 270, "texture": "#2"},
				"down": {"uv": [5, 5, 4, 6], "rotation": 270, "texture": "#2"}
			}
		},
		{
			"from": [7.78437, 7.05402, 7.22539],
			"to": [8.21563, 7.31652, 7.70039],
			"rotation": {"angle": 0, "axis": "x", "origin": [8, 6.81652, 7.55039]},
			"faces": {
				"north": {"uv": [5, 5, 4, 6], "rotation": 270, "texture": "#2"},
				"east": {"uv": [5, 5, 4, 6], "rotation": 270, "texture": "#2"},
				"south": {"uv": [5, 5, 4, 6], "rotation": 270, "texture": "#2"},
				"west": {"uv": [5, 5, 4, 6], "rotation": 270, "texture": "#2"},
				"up": {"uv": [5, 5, 4, 6], "rotation": 270, "texture": "#2"},
				"down": {"uv": [5, 5, 4, 6], "rotation": 270, "texture": "#2"}
			}
		},
		{
			"from": [7.78437, 7.0997, 7.67867],
			"to": [8.21563, 7.1872, 7.71617],
			"rotation": {"angle": -22.5, "axis": "x", "origin": [8, 7.1497, 7.69742]},
			"faces": {
				"north": {"uv": [5, 5, 4, 6], "rotation": 270, "texture": "#2"},
				"east": {"uv": [5, 5, 4, 6], "rotation": 270, "texture": "#2"},
				"south": {"uv": [5, 5, 4, 6], "rotation": 270, "texture": "#2"},
				"west": {"uv": [5, 5, 4, 6], "rotation": 270, "texture": "#2"},
				"up": {"uv": [5, 5, 4, 6], "rotation": 270, "texture": "#2"},
				"down": {"uv": [5, 5, 4, 6], "rotation": 270, "texture": "#2"}
			}
		},
		{
			"from": [7.78437, 7.04686, 7.71754],
			"to": [8.21563, 7.12811, 7.77535],
			"rotation": {"angle": -45, "axis": "x", "origin": [8, 7.05936, 7.75191]},
			"faces": {
				"north": {"uv": [5, 5, 4, 6], "rotation": 270, "texture": "#2"},
				"east": {"uv": [5, 5, 4, 6], "rotation": 270, "texture": "#2"},
				"south": {"uv": [5, 5, 4, 6], "rotation": 270, "texture": "#2"},
				"west": {"uv": [5, 5, 4, 6], "rotation": 270, "texture": "#2"},
				"up": {"uv": [5, 5, 4, 6], "rotation": 270, "texture": "#2"},
				"down": {"uv": [5, 5, 4, 6], "rotation": 270, "texture": "#2"}
			}
		},
		{
			"from": [7.78437, 7.01528, 7.72362],
			"to": [8.21563, 7.07309, 7.80487],
			"rotation": {"angle": 22.5, "axis": "x", "origin": [8, 7.04965, 7.79237]},
			"faces": {
				"north": {"uv": [5, 5, 4, 6], "rotation": 90, "texture": "#2"},
				"east": {"uv": [4, 6, 5, 5], "rotation": 180, "texture": "#2"},
				"south": {"uv": [5, 5, 4, 6], "rotation": 270, "texture": "#2"},
				"west": {"uv": [4, 6, 5, 5], "texture": "#2"},
				"up": {"uv": [5, 5, 4, 6], "rotation": 270, "texture": "#2"},
				"down": {"uv": [5, 5, 4, 6], "rotation": 90, "texture": "#2"}
			}
		},
		{
			"from": [7.78437, 6.20576, 7.56684],
			"to": [8.21563, 6.41826, 7.94184],
			"rotation": {"angle": -22.5, "axis": "x", "origin": [8, 5.96826, 7.44184]},
			"faces": {
				"north": {"uv": [5, 5, 4, 6], "rotation": 90, "texture": "#2"},
				"east": {"uv": [4, 6, 5, 5], "texture": "#2"},
				"south": {"uv": [5, 5, 4, 6], "rotation": 270, "texture": "#2"},
				"west": {"uv": [4, 6, 5, 5], "rotation": 180, "texture": "#2"},
				"up": {"uv": [5, 5, 4, 6], "rotation": 90, "texture": "#2"},
				"down": {"uv": [5, 5, 4, 6], "rotation": 270, "texture": "#2"}
			}
		},
		{
			"from": [7.78437, 5.95153, 7.65582],
			"to": [8.21563, 6.16403, 7.86832],
			"rotation": {"angle": -45, "axis": "x", "origin": [8, 5.71403, 7.28082]},
			"faces": {
				"north": {"uv": [5, 5, 4, 6], "rotation": 90, "texture": "#2"},
				"east": {"uv": [4, 6, 5, 5], "texture": "#2"},
				"south": {"uv": [5, 5, 4, 6], "rotation": 270, "texture": "#2"},
				"west": {"uv": [4, 6, 5, 5], "rotation": 180, "texture": "#2"},
				"up": {"uv": [5, 5, 4, 6], "rotation": 90, "texture": "#2"},
				"down": {"uv": [5, 5, 4, 6], "rotation": 270, "texture": "#2"}
			}
		},
		{
			"from": [7.78437, 5.90096, 6.98514],
			"to": [8.21563, 6.35096, 7.13514],
			"rotation": {"angle": 22.5, "axis": "x", "origin": [8, 5.51346, 7.37264]},
			"faces": {
				"north": {"uv": [5, 5, 4, 6], "rotation": 270, "texture": "#2"},
				"east": {"uv": [5, 5, 4, 6], "rotation": 270, "texture": "#2"},
				"south": {"uv": [5, 5, 4, 6], "rotation": 270, "texture": "#2"},
				"west": {"uv": [5, 5, 4, 6], "rotation": 270, "texture": "#2"},
				"up": {"uv": [5, 5, 4, 6], "rotation": 270, "texture": "#2"},
				"down": {"uv": [5, 5, 4, 6], "rotation": 270, "texture": "#2"}
			}
		},
		{
			"from": [7.78437, 5.68846, 7.09764],
			"to": [8.21563, 6.35096, 7.13514],
			"rotation": {"angle": 22.5, "axis": "x", "origin": [8, 5.51346, 7.37264]},
			"faces": {
				"north": {"uv": [5, 5, 4, 6], "rotation": 270, "texture": "#2"},
				"east": {"uv": [5, 5, 4, 6], "rotation": 270, "texture": "#2"},
				"south": {"uv": [5, 5, 4, 6], "rotation": 270, "texture": "#2"},
				"west": {"uv": [5, 5, 4, 6], "rotation": 270, "texture": "#2"},
				"up": {"uv": [5, 5, 4, 6], "rotation": 270, "texture": "#2"},
				"down": {"uv": [5, 5, 4, 6], "rotation": 270, "texture": "#2"}
			}
		},
		{
			"from": [7.78437, 5.98527, 7.16289],
			"to": [8.21563, 6.37902, 7.30664],
			"rotation": {"angle": 0, "axis": "z", "origin": [8, 6.12902, 7.43789]},
			"faces": {
				"north": {"uv": [5, 5, 4, 6], "rotation": 270, "texture": "#2"},
				"east": {"uv": [5, 5, 4, 6], "rotation": 270, "texture": "#2"},
				"south": {"uv": [5, 5, 4, 6], "rotation": 270, "texture": "#2"},
				"west": {"uv": [5, 5, 4, 6], "rotation": 270, "texture": "#2"},
				"up": {"uv": [5, 5, 4, 6], "rotation": 270, "texture": "#2"},
				"down": {"uv": [5, 5, 4, 6], "rotation": 270, "texture": "#2"}
			}
		},
		{
			"from": [7.78437, 5.89152, 7.16289],
			"to": [8.21563, 6.00402, 7.26914],
			"rotation": {"angle": 0, "axis": "z", "origin": [8, 6.12902, 7.43789]},
			"faces": {
				"north": {"uv": [5, 5, 4, 6], "rotation": 270, "texture": "#2"},
				"east": {"uv": [5, 5, 4, 6], "rotation": 270, "texture": "#2"},
				"south": {"uv": [5, 5, 4, 6], "rotation": 270, "texture": "#2"},
				"west": {"uv": [5, 5, 4, 6], "rotation": 270, "texture": "#2"},
				"up": {"uv": [5, 5, 4, 6], "rotation": 270, "texture": "#2"},
				"down": {"uv": [5, 5, 4, 6], "rotation": 270, "texture": "#2"}
			}
		},
		{
			"from": [7.78437, 5.73527, 7.16289],
			"to": [8.21563, 6.00402, 7.22226],
			"rotation": {"angle": 0, "axis": "z", "origin": [8, 6.12902, 7.43789]},
			"faces": {
				"north": {"uv": [5, 5, 4, 6], "rotation": 270, "texture": "#2"},
				"east": {"uv": [5, 5, 4, 6], "rotation": 270, "texture": "#2"},
				"south": {"uv": [5, 5, 4, 6], "rotation": 270, "texture": "#2"},
				"west": {"uv": [5, 5, 4, 6], "rotation": 270, "texture": "#2"},
				"up": {"uv": [5, 5, 4, 6], "rotation": 270, "texture": "#2"},
				"down": {"uv": [5, 5, 4, 6], "rotation": 270, "texture": "#2"}
			}
		},
		{
			"from": [7.83125, 7.24598, 7.25039],
			"to": [8.16875, 8.74598, 7.62539],
			"rotation": {"angle": 0, "axis": "z", "origin": [8, 9.55848, 7.37539]},
			"faces": {
				"north": {"uv": [5.5, 0.5, 5.5, 0.5], "rotation": 270, "texture": "#2"},
				"east": {"uv": [5.5, 0.5, 5.5, 0.5], "rotation": 270, "texture": "#2"},
				"south": {"uv": [5.5, 0.5, 5.5, 0.5], "rotation": 270, "texture": "#2"},
				"west": {"uv": [5.5, 0.5, 5.5, 0.5], "rotation": 270, "texture": "#2"},
				"up": {"uv": [5.5, 0.5, 5.5, 0.5], "rotation": 270, "texture": "#2"},
				"down": {"uv": [5.5, 0.5, 5.5, 0.5], "rotation": 270, "texture": "#2"}
			}
		},
		{
			"from": [7.79375, 8.43348, 7.22539],
			"to": [8.20625, 8.49598, 7.65039],
			"rotation": {"angle": 0, "axis": "z", "origin": [8, 9.55848, 7.37539]},
			"faces": {
				"north": {"uv": [4.5, 0.5, 4.5, 0.5], "rotation": 270, "texture": "#3"},
				"east": {"uv": [4.5, 0.5, 4.5, 0.5], "rotation": 270, "texture": "#3"},
				"south": {"uv": [4.5, 0.5, 4.5, 0.5], "rotation": 270, "texture": "#3"},
				"west": {"uv": [4.5, 0.5, 4.5, 0.5], "rotation": 270, "texture": "#3"},
				"up": {"uv": [4.5, 0.5, 4.5, 0.5], "rotation": 270, "texture": "#3"},
				"down": {"uv": [4.5, 0.5, 4.5, 0.5], "rotation": 270, "texture": "#3"}
			}
		},
		{
			"from": [7.79375, 8.30848, 7.22539],
			"to": [8.20625, 8.37098, 7.65039],
			"rotation": {"angle": 0, "axis": "z", "origin": [8, 9.43348, 7.37539]},
			"faces": {
				"north": {"uv": [4.5, 0.5, 4.5, 0.5], "rotation": 270, "texture": "#3"},
				"east": {"uv": [4.5, 0.5, 4.5, 0.5], "rotation": 270, "texture": "#3"},
				"south": {"uv": [4.5, 0.5, 4.5, 0.5], "rotation": 270, "texture": "#3"},
				"west": {"uv": [4.5, 0.5, 4.5, 0.5], "rotation": 270, "texture": "#3"},
				"up": {"uv": [4.5, 0.5, 4.5, 0.5], "rotation": 270, "texture": "#3"},
				"down": {"uv": [4.5, 0.5, 4.5, 0.5], "rotation": 270, "texture": "#3"}
			}
		},
		{
			"from": [7.79375, 8.18348, 7.22539],
			"to": [8.20625, 8.24598, 7.65039],
			"rotation": {"angle": 0, "axis": "z", "origin": [8, 9.30848, 7.37539]},
			"faces": {
				"north": {"uv": [4.5, 0.5, 4.5, 0.5], "rotation": 270, "texture": "#3"},
				"east": {"uv": [4.5, 0.5, 4.5, 0.5], "rotation": 270, "texture": "#3"},
				"south": {"uv": [4.5, 0.5, 4.5, 0.5], "rotation": 270, "texture": "#3"},
				"west": {"uv": [4.5, 0.5, 4.5, 0.5], "rotation": 270, "texture": "#3"},
				"up": {"uv": [4.5, 0.5, 4.5, 0.5], "rotation": 270, "texture": "#3"},
				"down": {"uv": [4.5, 0.5, 4.5, 0.5], "rotation": 270, "texture": "#3"}
			}
		},
		{
			"from": [7.79375, 8.05848, 7.22539],
			"to": [8.20625, 8.12098, 7.65039],
			"rotation": {"angle": 0, "axis": "z", "origin": [8, 9.18348, 7.37539]},
			"faces": {
				"north": {"uv": [4.5, 0.5, 4.5, 0.5], "rotation": 270, "texture": "#3"},
				"east": {"uv": [4.5, 0.5, 4.5, 0.5], "rotation": 270, "texture": "#3"},
				"south": {"uv": [4.5, 0.5, 4.5, 0.5], "rotation": 270, "texture": "#3"},
				"west": {"uv": [4.5, 0.5, 4.5, 0.5], "rotation": 270, "texture": "#3"},
				"up": {"uv": [4.5, 0.5, 4.5, 0.5], "rotation": 270, "texture": "#3"},
				"down": {"uv": [4.5, 0.5, 4.5, 0.5], "rotation": 270, "texture": "#3"}
			}
		},
		{
			"from": [7.79375, 7.93348, 7.22539],
			"to": [8.20625, 7.99598, 7.65039],
			"rotation": {"angle": 0, "axis": "z", "origin": [8, 9.05848, 7.37539]},
			"faces": {
				"north": {"uv": [4.5, 0.5, 4.5, 0.5], "rotation": 270, "texture": "#3"},
				"east": {"uv": [4.5, 0.5, 4.5, 0.5], "rotation": 270, "texture": "#3"},
				"south": {"uv": [4.5, 0.5, 4.5, 0.5], "rotation": 270, "texture": "#3"},
				"west": {"uv": [4.5, 0.5, 4.5, 0.5], "rotation": 270, "texture": "#3"},
				"up": {"uv": [4.5, 0.5, 4.5, 0.5], "rotation": 270, "texture": "#3"},
				"down": {"uv": [4.5, 0.5, 4.5, 0.5], "rotation": 270, "texture": "#3"}
			}
		},
		{
			"from": [7.79375, 7.80848, 7.22539],
			"to": [8.20625, 7.87098, 7.65039],
			"rotation": {"angle": 0, "axis": "z", "origin": [8, 8.93348, 7.37539]},
			"faces": {
				"north": {"uv": [4.5, 0.5, 4.5, 0.5], "rotation": 270, "texture": "#3"},
				"east": {"uv": [4.5, 0.5, 4.5, 0.5], "rotation": 270, "texture": "#3"},
				"south": {"uv": [4.5, 0.5, 4.5, 0.5], "rotation": 270, "texture": "#3"},
				"west": {"uv": [4.5, 0.5, 4.5, 0.5], "rotation": 270, "texture": "#3"},
				"up": {"uv": [4.5, 0.5, 4.5, 0.5], "rotation": 270, "texture": "#3"},
				"down": {"uv": [4.5, 0.5, 4.5, 0.5], "rotation": 270, "texture": "#3"}
			}
		},
		{
			"from": [7.79375, 7.68348, 7.22539],
			"to": [8.20625, 7.74598, 7.65039],
			"rotation": {"angle": 0, "axis": "z", "origin": [8, 8.80848, 7.37539]},
			"faces": {
				"north": {"uv": [4.5, 0.5, 4.5, 0.5], "rotation": 270, "texture": "#3"},
				"east": {"uv": [4.5, 0.5, 4.5, 0.5], "rotation": 270, "texture": "#3"},
				"south": {"uv": [4.5, 0.5, 4.5, 0.5], "rotation": 270, "texture": "#3"},
				"west": {"uv": [4.5, 0.5, 4.5, 0.5], "rotation": 270, "texture": "#3"},
				"up": {"uv": [4.5, 0.5, 4.5, 0.5], "rotation": 270, "texture": "#3"},
				"down": {"uv": [4.5, 0.5, 4.5, 0.5], "rotation": 270, "texture": "#3"}
			}
		},
		{
			"from": [7.79375, 7.55848, 7.22539],
			"to": [8.20625, 7.62098, 7.65039],
			"rotation": {"angle": 0, "axis": "z", "origin": [8, 8.68348, 7.37539]},
			"faces": {
				"north": {"uv": [4.5, 0.5, 4.5, 0.5], "rotation": 270, "texture": "#3"},
				"east": {"uv": [4.5, 0.5, 4.5, 0.5], "rotation": 270, "texture": "#3"},
				"south": {"uv": [4.5, 0.5, 4.5, 0.5], "rotation": 270, "texture": "#3"},
				"west": {"uv": [4.5, 0.5, 4.5, 0.5], "rotation": 270, "texture": "#3"},
				"up": {"uv": [4.5, 0.5, 4.5, 0.5], "rotation": 270, "texture": "#3"},
				"down": {"uv": [4.5, 0.5, 4.5, 0.5], "rotation": 270, "texture": "#3"}
			}
		},
		{
			"from": [7.925, 7.9339, 10.97075],
			"to": [8.075, 8.0839, 11.97075],
			"rotation": {"angle": 0, "axis": "x", "origin": [8, 8.00888, 11.94575]},
			"faces": {
				"north": {"uv": [3, 0, 8, 2], "texture": "#4"},
				"east": {"uv": [3, 0, 8, 2], "texture": "#4"},
				"south": {"uv": [3, 0, 8, 2], "texture": "#4"},
				"west": {"uv": [3, 0, 8, 2], "texture": "#4"},
				"up": {"uv": [3, 0, 8, 2], "texture": "#4"},
				"down": {"uv": [3, 0, 8, 2], "texture": "#4"}
			}
		},
		{
			"from": [7.925, 7.9339, 9.97075],
			"to": [8.075, 8.0839, 10.97075],
			"rotation": {"angle": 0, "axis": "x", "origin": [8, 8.00888, 10.94575]},
			"faces": {
				"north": {"uv": [3, 0, 8, 2], "texture": "#4"},
				"east": {"uv": [3, 0, 8, 2], "texture": "#4"},
				"south": {"uv": [3, 0, 8, 2], "texture": "#4"},
				"west": {"uv": [3, 0, 8, 2], "texture": "#4"},
				"up": {"uv": [3, 0, 8, 2], "texture": "#4"},
				"down": {"uv": [3, 0, 8, 2], "texture": "#4"}
			}
		},
		{
			"from": [7.925, 7.9339, 8.97075],
			"to": [8.075, 8.0839, 9.97075],
			"rotation": {"angle": 0, "axis": "x", "origin": [8, 8.00888, 9.94575]},
			"faces": {
				"north": {"uv": [3, 0, 8, 2], "texture": "#4"},
				"east": {"uv": [3, 0, 8, 2], "texture": "#4"},
				"south": {"uv": [3, 0, 8, 2], "texture": "#4"},
				"west": {"uv": [3, 0, 8, 2], "texture": "#4"},
				"up": {"uv": [3, 0, 8, 2], "texture": "#4"},
				"down": {"uv": [3, 0, 8, 2], "texture": "#4"}
			}
		},
		{
			"from": [7.925, 7.9339, 7.97075],
			"to": [8.075, 8.0839, 8.97075],
			"rotation": {"angle": 0, "axis": "x", "origin": [8, 8.00888, 8.94575]},
			"faces": {
				"north": {"uv": [3, 0, 8, 2], "texture": "#4"},
				"east": {"uv": [3, 0, 8, 2], "texture": "#4"},
				"south": {"uv": [3, 0, 8, 2], "texture": "#4"},
				"west": {"uv": [3, 0, 8, 2], "texture": "#4"},
				"up": {"uv": [3, 0, 8, 2], "texture": "#4"},
				"down": {"uv": [3, 0, 8, 2], "texture": "#4"}
			}
		},
		{
			"from": [7.925, 7.9339, 6.97075],
			"to": [8.075, 8.0839, 7.97075],
			"rotation": {"angle": 0, "axis": "x", "origin": [8, 8.00888, 7.94575]},
			"faces": {
				"north": {"uv": [3, 0, 8, 2], "texture": "#4"},
				"east": {"uv": [3, 0, 8, 2], "texture": "#4"},
				"south": {"uv": [3, 0, 8, 2], "texture": "#4"},
				"west": {"uv": [3, 0, 8, 2], "texture": "#4"},
				"up": {"uv": [3, 0, 8, 2], "texture": "#4"},
				"down": {"uv": [3, 0, 8, 2], "texture": "#4"}
			}
		},
		{
			"from": [7.9, 7.9, 6.5875],
			"to": [8.1, 8.1, 6.9875],
			"rotation": {"angle": 0, "axis": "y", "origin": [8, 8, 6.6625]},
			"faces": {
				"north": {"uv": [9.5, 0.5, 9.5, 0.5], "texture": "#0"},
				"east": {"uv": [9.5, 0.5, 9.5, 0.5], "texture": "#0"},
				"south": {"uv": [9.5, 0.5, 9.5, 0.5], "texture": "#0"},
				"west": {"uv": [9.5, 0.5, 9.5, 0.5], "texture": "#0"},
				"up": {"uv": [9.5, 0.5, 9.5, 0.5], "texture": "#0"},
				"down": {"uv": [9.5, 0.5, 9.5, 0.5], "texture": "#0"}
			}
		},
		{
			"from": [7.9294, 7.9294, 6.4625],
			"to": [8.0706, 8.0706, 6.6125],
			"rotation": {"angle": 45, "axis": "z", "origin": [8, 8, 6.725]},
			"faces": {
				"north": {"uv": [9.5, 0.5, 9.5, 0.5], "texture": "#0"},
				"east": {"uv": [9.5, 0.5, 9.5, 0.5], "texture": "#0"},
				"south": {"uv": [9.5, 0.5, 9.5, 0.5], "texture": "#0"},
				"west": {"uv": [9.5, 0.5, 9.5, 0.5], "texture": "#0"},
				"up": {"uv": [9.5, 0.5, 9.5, 0.5], "texture": "#0"},
				"down": {"uv": [9.5, 0.5, 9.5, 0.5], "texture": "#0"}
			}
		},
		{
			"from": [7.95, 7.95, 6.3625],
			"to": [8.05, 8.05, 6.4875],
			"rotation": {"angle": 0, "axis": "y", "origin": [8, 8, 6.1]},
			"faces": {
				"north": {"uv": [9.5, 0.5, 9.5, 0.5], "texture": "#0"},
				"east": {"uv": [9.5, 0.5, 9.5, 0.5], "texture": "#0"},
				"south": {"uv": [9.5, 0.5, 9.5, 0.5], "texture": "#0"},
				"west": {"uv": [9.5, 0.5, 9.5, 0.5], "texture": "#0"},
				"up": {"uv": [9.5, 0.5, 9.5, 0.5], "texture": "#0"},
				"down": {"uv": [9.5, 0.5, 9.5, 0.5], "texture": "#0"}
			}
		},
		{
			"from": [7.9647, 7.9647, 6.2875],
			"to": [8.0353, 8.0353, 6.3625],
			"rotation": {"angle": 45, "axis": "z", "origin": [8, 8, 6.725]},
			"faces": {
				"north": {"uv": [9.5, 0.5, 9.5, 0.5], "texture": "#0"},
				"east": {"uv": [9.5, 0.5, 9.5, 0.5], "texture": "#0"},
				"south": {"uv": [9.5, 0.5, 9.5, 0.5], "texture": "#0"},
				"west": {"uv": [9.5, 0.5, 9.5, 0.5], "texture": "#0"},
				"up": {"uv": [9.5, 0.5, 9.5, 0.5], "texture": "#0"},
				"down": {"uv": [9.5, 0.5, 9.5, 0.5], "texture": "#0"}
			}
		},
		{
			"from": [7.975, 7.975, 6.2375],
			"to": [8.025, 8.025, 6.2875],
			"rotation": {"angle": 0, "axis": "y", "origin": [8, 8, 5.85]},
			"faces": {
				"north": {"uv": [9.5, 0.5, 9.5, 0.5], "texture": "#0"},
				"east": {"uv": [9.5, 0.5, 9.5, 0.5], "texture": "#0"},
				"south": {"uv": [9.5, 0.5, 9.5, 0.5], "texture": "#0"},
				"west": {"uv": [9.5, 0.5, 9.5, 0.5], "texture": "#0"},
				"up": {"uv": [9.5, 0.5, 9.5, 0.5], "texture": "#0"},
				"down": {"uv": [9.5, 0.5, 9.5, 0.5], "texture": "#0"}
			}
		},
		{
			"name": "cube1",
			"from": [7.9, 7.96802, 6.76147],
			"to": [8.1, 8.05552, 7.07397],
			"rotation": {"angle": -22.5, "axis": "x", "origin": [8, 8.06802, 6.64897]},
			"faces": {
				"north": {"uv": [9.5, 0.5, 9.5, 0.5], "texture": "#0"},
				"east": {"uv": [9.5, 0.5, 9.5, 0.5], "texture": "#0"},
				"south": {"uv": [9.5, 0.5, 9.5, 0.5], "texture": "#0"},
				"west": {"uv": [9.5, 0.5, 9.5, 0.5], "texture": "#0"},
				"up": {"uv": [9.5, 0.5, 9.5, 0.5], "texture": "#0"},
				"down": {"uv": [9.5, 0.5, 9.5, 0.5], "texture": "#0"}
			}
		},
		{
			"name": "cube2",
			"from": [7.9685, 7.89952, 6.76147],
			"to": [8.056, 8.09952, 7.07397],
			"rotation": {"angle": 22.5, "axis": "y", "origin": [8.0685, 7.99952, 6.64897]},
			"faces": {
				"north": {"uv": [9.5, 0.5, 9.5, 0.5], "rotation": 270, "texture": "#0"},
				"east": {"uv": [9.5, 0.5, 9.5, 0.5], "rotation": 90, "texture": "#0"},
				"south": {"uv": [9.5, 0.5, 9.5, 0.5], "rotation": 90, "texture": "#0"},
				"west": {"uv": [9.5, 0.5, 9.5, 0.5], "rotation": 90, "texture": "#0"},
				"up": {"uv": [9.5, 0.5, 9.5, 0.5], "rotation": 90, "texture": "#0"},
				"down": {"uv": [9.5, 0.5, 9.5, 0.5], "rotation": 90, "texture": "#0"}
			}
		},
		{
			"name": "cube3",
			"from": [7.93544, 7.89952, 6.80452],
			"to": [8.02294, 8.09952, 7.11702],
			"rotation": {"angle": -22.5, "axis": "y", "origin": [8.03544, 7.99952, 6.69202]},
			"faces": {
				"north": {"uv": [9.5, 0.5, 9.5, 0.5], "rotation": 270, "texture": "#0"},
				"east": {"uv": [9.5, 0.5, 9.5, 0.5], "rotation": 90, "texture": "#0"},
				"south": {"uv": [9.5, 0.5, 9.5, 0.5], "rotation": 90, "texture": "#0"},
				"west": {"uv": [9.5, 0.5, 9.5, 0.5], "rotation": 90, "texture": "#0"},
				"up": {"uv": [9.5, 0.5, 9.5, 0.5], "rotation": 90, "texture": "#0"},
				"down": {"uv": [9.5, 0.5, 9.5, 0.5], "rotation": 90, "texture": "#0"}
			}
		},
		{
			"name": "cube4",
			"from": [7.9, 7.93496, 6.80452],
			"to": [8.1, 8.02246, 7.11702],
			"rotation": {"angle": 22.5, "axis": "x", "origin": [8, 8.03496, 6.69202]},
			"faces": {
				"north": {"uv": [9.5, 0.5, 9.5, 0.5], "texture": "#0"},
				"east": {"uv": [9.5, 0.5, 9.5, 0.5], "texture": "#0"},
				"south": {"uv": [9.5, 0.5, 9.5, 0.5], "texture": "#0"},
				"west": {"uv": [9.5, 0.5, 9.5, 0.5], "texture": "#0"},
				"up": {"uv": [9.5, 0.5, 9.5, 0.5], "texture": "#0"},
				"down": {"uv": [9.5, 0.5, 9.5, 0.5], "texture": "#0"}
			}
		},
		{
			"name": "cubex1",
			"from": [7.9, 8.1851, 6.98195],
			"to": [8.1, 8.2851, 7.04445],
			"rotation": {"angle": 22.5, "axis": "x", "origin": [8, 8.0726, 6.94445]},
			"faces": {
				"north": {"uv": [9.5, 0.5, 9.5, 0.5], "rotation": 180, "texture": "#0"},
				"east": {"uv": [9.5, 0.5, 9.5, 0.5], "rotation": 90, "texture": "#0"},
				"south": {"uv": [9.5, 0.5, 9.5, 0.5], "texture": "#0"},
				"west": {"uv": [9.5, 0.5, 9.5, 0.5], "rotation": 270, "texture": "#0"},
				"up": {"uv": [9.5, 0.5, 9.5, 0.5], "texture": "#0"},
				"down": {"uv": [9.5, 0.5, 9.5, 0.5], "rotation": 180, "texture": "#0"}
			}
		},
		{
			"name": "cubex2",
			"from": [7.9, 8.23066, 7.06191],
			"to": [8.1, 8.25566, 7.11816],
			"rotation": {"angle": 0, "axis": "x", "origin": [8, 8.11816, 7.01816]},
			"faces": {
				"north": {"uv": [9.5, 0.5, 9.5, 0.5], "rotation": 180, "texture": "#0"},
				"east": {"uv": [9.5, 0.5, 9.5, 0.5], "rotation": 90, "texture": "#0"},
				"south": {"uv": [9.5, 0.5, 9.5, 0.5], "texture": "#0"},
				"west": {"uv": [9.5, 0.5, 9.5, 0.5], "rotation": 270, "texture": "#0"},
				"up": {"uv": [9.5, 0.5, 9.5, 0.5], "texture": "#0"},
				"down": {"uv": [9.5, 0.5, 9.5, 0.5], "rotation": 180, "texture": "#0"}
			}
		},
		{
			"name": "cubex1",
			"from": [7.9, 7.7149, 6.98195],
			"to": [8.1, 7.8149, 7.04445],
			"rotation": {"angle": -22.5, "axis": "x", "origin": [8, 7.9274, 6.94445]},
			"faces": {
				"north": {"uv": [9.5, 0.5, 9.5, 0.5], "rotation": 180, "texture": "#0"},
				"east": {"uv": [9.5, 0.5, 9.5, 0.5], "rotation": 90, "texture": "#0"},
				"south": {"uv": [9.5, 0.5, 9.5, 0.5], "texture": "#0"},
				"west": {"uv": [9.5, 0.5, 9.5, 0.5], "rotation": 270, "texture": "#0"},
				"up": {"uv": [9.5, 0.5, 9.5, 0.5], "rotation": 180, "texture": "#0"},
				"down": {"uv": [9.5, 0.5, 9.5, 0.5], "texture": "#0"}
			}
		},
		{
			"name": "cubex2",
			"from": [7.9, 7.74434, 7.06191],
			"to": [8.1, 7.76934, 7.11816],
			"rotation": {"angle": 0, "axis": "x", "origin": [8, 7.88184, 7.01816]},
			"faces": {
				"north": {"uv": [9.5, 0.5, 9.5, 0.5], "rotation": 180, "texture": "#0"},
				"east": {"uv": [9.5, 0.5, 9.5, 0.5], "rotation": 90, "texture": "#0"},
				"south": {"uv": [9.5, 0.5, 9.5, 0.5], "texture": "#0"},
				"west": {"uv": [9.5, 0.5, 9.5, 0.5], "rotation": 270, "texture": "#0"},
				"up": {"uv": [9.5, 0.5, 9.5, 0.5], "rotation": 180, "texture": "#0"},
				"down": {"uv": [9.5, 0.5, 9.5, 0.5], "texture": "#0"}
			}
		},
		{
			"name": "cubex3",
			"from": [8.18462, 7.89952, 6.98195],
			"to": [8.28462, 8.09952, 7.04445],
			"rotation": {"angle": -22.5, "axis": "y", "origin": [8.07212, 7.99952, 6.94445]},
			"faces": {
				"north": {"uv": [9.5, 0.5, 9.5, 0.5], "rotation": 270, "texture": "#0"},
				"east": {"uv": [9.5, 0.5, 9.5, 0.5], "rotation": 270, "texture": "#0"},
				"south": {"uv": [9.5, 0.5, 9.5, 0.5], "rotation": 270, "texture": "#0"},
				"west": {"uv": [9.5, 0.5, 9.5, 0.5], "rotation": 90, "texture": "#0"},
				"up": {"uv": [9.5, 0.5, 9.5, 0.5], "texture": "#0"},
				"down": {"uv": [9.5, 0.5, 9.5, 0.5], "rotation": 180, "texture": "#0"}
			}
		},
		{
			"name": "cubex4",
			"from": [8.23018, 7.89952, 7.06191],
			"to": [8.25518, 8.09952, 7.11816],
			"rotation": {"angle": 0, "axis": "x", "origin": [8.11768, 7.99952, 7.01816]},
			"faces": {
				"north": {"uv": [9.5, 0.5, 9.5, 0.5], "rotation": 270, "texture": "#0"},
				"east": {"uv": [9.5, 0.5, 9.5, 0.5], "rotation": 270, "texture": "#0"},
				"south": {"uv": [9.5, 0.5, 9.5, 0.5], "rotation": 270, "texture": "#0"},
				"west": {"uv": [9.5, 0.5, 9.5, 0.5], "rotation": 90, "texture": "#0"},
				"up": {"uv": [9.5, 0.5, 9.5, 0.5], "texture": "#0"},
				"down": {"uv": [9.5, 0.5, 9.5, 0.5], "rotation": 180, "texture": "#0"}
			}
		},
		{
			"name": "cubex3",
			"from": [7.71442, 7.89952, 6.98195],
			"to": [7.81442, 8.09952, 7.04445],
			"rotation": {"angle": 22.5, "axis": "y", "origin": [7.92692, 7.99952, 6.94445]},
			"faces": {
				"north": {"uv": [9.5, 0.5, 9.5, 0.5], "rotation": 270, "texture": "#0"},
				"east": {"uv": [9.5, 0.5, 9.5, 0.5], "rotation": 90, "texture": "#0"},
				"south": {"uv": [9.5, 0.5, 9.5, 0.5], "rotation": 270, "texture": "#0"},
				"west": {"uv": [9.5, 0.5, 9.5, 0.5], "rotation": 270, "texture": "#0"},
				"up": {"uv": [9.5, 0.5, 9.5, 0.5], "texture": "#0"},
				"down": {"uv": [9.5, 0.5, 9.5, 0.5], "rotation": 180, "texture": "#0"}
			}
		},
		{
			"name": "cubex4",
			"from": [7.74386, 7.89952, 7.06191],
			"to": [7.76886, 8.09952, 7.11816],
			"rotation": {"angle": 0, "axis": "x", "origin": [7.88136, 7.99952, 7.01816]},
			"faces": {
				"north": {"uv": [9.5, 0.5, 9.5, 0.5], "rotation": 270, "texture": "#0"},
				"east": {"uv": [9.5, 0.5, 9.5, 0.5], "rotation": 90, "texture": "#0"},
				"south": {"uv": [9.5, 0.5, 9.5, 0.5], "rotation": 270, "texture": "#0"},
				"west": {"uv": [9.5, 0.5, 9.5, 0.5], "rotation": 270, "texture": "#0"},
				"up": {"uv": [9.5, 0.5, 9.5, 0.5], "texture": "#0"},
				"down": {"uv": [9.5, 0.5, 9.5, 0.5], "rotation": 180, "texture": "#0"}
			}
		}
	],
	"gui_light": "front",
	"display": {
		"thirdperson_righthand": {
			"translation": [-1.75, 0, 0.5],
			"scale": [1.7, 1.4, 1.7]
		},
		"thirdperson_lefthand": {
			"translation": [-1.75, 0, 0.5],
			"scale": [1.7, 1.4, 1.7]
		},
		"firstperson_righthand": {
			"rotation": [16, 0, 0],
			"translation": [2, 4, 0],
			"scale": [1.21, 1, 1.21]
		},
		"firstperson_lefthand": {
			"rotation": [16, 0, 0],
			"translation": [2, 4, 0],
			"scale": [1.21, 1, 1.21]
		},
		"ground": {
			"rotation": [90, -45, 90],
			"translation": [1.5, 1.5, -0.5],
			"scale": [1.7, 1.4, 1.7]
		},
		"gui": {
			"rotation": [90, 45, 90],
			"translation": [-1.5, 1.75, -2.5],
			"scale": [2, 1.652, 2]
		},
		"head": {
			"rotation": [-90, 0, 90],
			"translation": [0, -6.75, -6.5],
			"scale": [1.21, 1, 1.21]
		},
		"fixed": {
			"rotation": [90, -45, 90],
			"translation": [1.5, 1.5, -0.5],
			"scale": [1.7, 1.4, 1.7]
		}
	},
	"groups": [
		{
			"name": "弦",
			"origin": [6.625, 8, 8],
			"children": [0, 1]
		},
		{
			"name": "上半分",
			"origin": [6.75, 12.75, 8],
			"children": [2, 3, 4, 5, 6, 7, 8, 9, 10, 11, 12, 13, 14, 15, 16, 17, 18, 19, 20, 21, 22, 23, 24, 25, 26, 27, 28, 29, 30, 31, 32, 33, 34, 35, 36, 37]
		},
		{
			"name": "下半分",
			"origin": [6.75, 12.75, 8],
			"children": [38, 39, 40, 41, 42, 43, 44, 45, 46, 47, 48, 49, 50, 51, 52, 53, 54, 55, 56, 57, 58, 59, 60, 61, 62, 63, 64, 65, 66, 67, 68, 69, 70, 71, 72, 73]
		},
		{
			"name": "持ち手",
			"origin": [8, 8, 8],
			"children": [74,
				{
					"name": "ぐるぐる",
					"origin": [6.625, 9.54959, 5.92964],
					"children": [75, 76, 77, 78, 79, 80, 81, 82]
				}
			]
		},
		{
			"name": "矢",
			"origin": [8, 8, 8],
			"children": [83, 84, 85, 86, 87, 88, 89, 90, 91, 92, 93, 94, 95, 96, 97, 98, 99, 100, 101, 102, 103, 104]
		}
	]
}