{
	"credit": "Made with Blockbench",
	"textures": {
		"0": "block/spruce_log",
		"1": "block/anvil",
		"2": "block/black_concrete",
		"particle": "block/spruce_log"
	},
	"elements": [
		{
			"from": [6.82064, 6.9882, 10.07211],
			"to": [7.86896, 7.971, 12.36531],
			"rotation": {"angle": 0, "axis": "x", "origin": [7.3448, 5.2416, 13.2416]},
			"faces": {
				"north": {"uv": [0, 0, 16, 8], "texture": "#0"},
				"east": {"uv": [0, 0, 16, 8], "texture": "#0"},
				"south": {"uv": [0, 0, 16, 8], "texture": "#0"},
				"west": {"uv": [0, 0, 16, 8], "texture": "#0"},
				"up": {"uv": [0, 0, 16, 8], "texture": "#0"},
				"down": {"uv": [0, 0, 16, 8], "texture": "#0"}
			}
		},
		{
			"from": [6.82064, 7.8072, 13.15155],
			"to": [7.86896, 9.18312, 15.11715],
			"rotation": {"angle": -45, "axis": "x", "origin": [7.3448, 5.2416, 13.2416]},
			"faces": {
				"north": {"uv": [0, 0, 16, 16], "texture": "#0"},
				"east": {"uv": [0, 0, 16, 16], "texture": "#0"},
				"south": {"uv": [0, 0, 16, 16], "texture": "#0"},
				"west": {"uv": [0, 0, 16, 16], "texture": "#0"},
				"up": {"uv": [0, 0, 16, 16], "texture": "#0"},
				"down": {"uv": [0, 0, 16, 16], "texture": "#0"}
			}
		},
		{
			"from": [6.75836, 4.26204, 11.8034],
			"to": [7.93124, 5.55941, 14.13598],
			"rotation": {"angle": 0, "axis": "x", "origin": [7.3448, 5.2416, 13.2416]},
			"faces": {
				"north": {"uv": [0, 0, 16, 8], "texture": "#0"},
				"east": {"uv": [0, 0, 16, 8], "texture": "#0"},
				"south": {"uv": [0, 0, 16, 8], "texture": "#0"},
				"west": {"uv": [0, 0, 16, 8], "texture": "#0"},
				"up": {"uv": [0, 0, 16, 8], "texture": "#0"},
				"down": {"uv": [0, 0, 16, 8], "texture": "#0"}
			}
		},
		{
			"from": [6.75836, 4.26204, 13.9328],
			"to": [7.93124, 4.64213, 14.5291],
			"rotation": {"angle": 0, "axis": "x", "origin": [7.3448, 5.2416, 13.2416]},
			"faces": {
				"north": {"uv": [0, 0, 16, 8], "texture": "#0"},
				"east": {"uv": [0, 0, 16, 8], "texture": "#0"},
				"south": {"uv": [0, 0, 16, 8], "texture": "#0"},
				"west": {"uv": [0, 0, 16, 8], "texture": "#0"},
				"up": {"uv": [0, 0, 16, 8], "texture": "#0"},
				"down": {"uv": [0, 0, 16, 8], "texture": "#0"}
			}
		},
		{
			"from": [6.75836, 4.26204, 14.32592],
			"to": [7.93124, 4.47833, 14.59462],
			"rotation": {"angle": 0, "axis": "x", "origin": [7.3448, 5.2416, 13.2416]},
			"faces": {
				"north": {"uv": [0, 0, 16, 8], "texture": "#0"},
				"east": {"uv": [0, 0, 16, 8], "texture": "#0"},
				"south": {"uv": [0, 0, 16, 8], "texture": "#0"},
				"west": {"uv": [0, 0, 16, 8], "texture": "#0"},
				"up": {"uv": [0, 0, 16, 8], "texture": "#0"},
				"down": {"uv": [0, 0, 16, 8], "texture": "#0"}
			}
		},
		{
			"from": [6.7256, 5.0451, 11.65022],
			"to": [7.964, 8.51118, 14.16626],
			"rotation": {"angle": -22.5, "axis": "x", "origin": [7.3448, 5.2416, 13.2416]},
			"faces": {
				"north": {"uv": [0, 0, 16, 16], "texture": "#0"},
				"east": {"uv": [0, 0, 16, 16], "texture": "#0"},
				"south": {"uv": [0, 0, 16, 16], "texture": "#0"},
				"west": {"uv": [0, 0, 16, 16], "texture": "#0"},
				"up": {"uv": [0, 0, 16, 16], "texture": "#0"},
				"down": {"uv": [0, 0, 16, 16], "texture": "#0"}
			}
		},
		{
			"from": [6.7256, 4.02955, 13.5503],
			"to": [7.964, 5.26795, 14.16626],
			"rotation": {"angle": -22.5, "axis": "x", "origin": [7.3448, 5.2416, 13.2416]},
			"faces": {
				"north": {"uv": [0, 0, 16, 16], "texture": "#0"},
				"east": {"uv": [0, 0, 16, 16], "texture": "#0"},
				"south": {"uv": [0, 0, 16, 16], "texture": "#0"},
				"west": {"uv": [0, 0, 6, 16], "texture": "#0"},
				"up": {"uv": [0, 0, 16, 16], "texture": "#0"},
				"down": {"uv": [0, 0, 16, 16], "texture": "#0"}
			}
		},
		{
			"from": [6.7256, 3.87636, 13.91066],
			"to": [7.964, 4.29576, 14.16626],
			"rotation": {"angle": -22.5, "axis": "x", "origin": [7.3448, 5.2416, 13.2416]},
			"faces": {
				"north": {"uv": [0, 0, 16, 16], "texture": "#0"},
				"east": {"uv": [0, 0, 16, 16], "texture": "#0"},
				"south": {"uv": [0, 0, 16, 16], "texture": "#0"},
				"west": {"uv": [0, 0, 6, 16], "texture": "#0"},
				"up": {"uv": [0, 0, 16, 16], "texture": "#0"},
				"down": {"uv": [0, 0, 16, 16], "texture": "#0"}
			}
		},
		{
			"from": [6.82064, 7.99529, 7.74488],
			"to": [7.86896, 10.61609, 10.49672],
			"rotation": {"angle": 0, "axis": "x", "origin": [7.3448, 9.30569, 9.1208]},
			"faces": {
				"north": {"uv": [10, 10, 16, 16], "rotation": 90, "texture": "#1"},
				"east": {"uv": [10, 10, 16, 16], "rotation": 90, "texture": "#1"},
				"south": {"uv": [10, 10, 16, 16], "rotation": 90, "texture": "#1"},
				"west": {"uv": [10, 10, 16, 16], "rotation": 90, "texture": "#1"},
				"up": {"uv": [10, 10, 16, 16], "rotation": 90, "texture": "#1"},
				"down": {"uv": [10, 10, 16, 16], "rotation": 90, "texture": "#1"}
			}
		},
		{
			"from": [6.8534, 7.99529, 9.05528],
			"to": [7.8362, 9.37121, 11.80712],
			"rotation": {"angle": 0, "axis": "x", "origin": [7.3448, 8.35565, 8.10524]},
			"faces": {
				"north": {"uv": [10, 10, 16, 16], "rotation": 90, "texture": "#1"},
				"east": {"uv": [10, 10, 16, 16], "rotation": 90, "texture": "#1"},
				"south": {"uv": [10, 10, 16, 16], "rotation": 90, "texture": "#1"},
				"west": {"uv": [10, 10, 16, 16], "rotation": 90, "texture": "#1"},
				"up": {"uv": [10, 10, 16, 16], "rotation": 90, "texture": "#1"},
				"down": {"uv": [10, 10, 16, 16], "rotation": 90, "texture": "#1"}
			}
		},
		{
			"from": [6.8784, 9.84848, 8.5125],
			"to": [7.8112, 11.2244, 9.95394],
			"rotation": {"angle": 45, "axis": "x", "origin": [7.3448, 8.35565, 8.10524]},
			"faces": {
				"north": {"uv": [10, 10, 16, 16], "rotation": 90, "texture": "#1"},
				"east": {"uv": [10, 10, 16, 16], "rotation": 90, "texture": "#1"},
				"south": {"uv": [10, 10, 16, 16], "rotation": 90, "texture": "#1"},
				"west": {"uv": [10, 10, 16, 16], "rotation": 90, "texture": "#1"},
				"up": {"uv": [10, 10, 16, 16], "rotation": 90, "texture": "#1"},
				"down": {"uv": [10, 10, 16, 16], "rotation": 90, "texture": "#1"}
			}
		},
		{
			"from": [7.08272, 9.10913, -0.24856],
			"to": [7.60688, 10.02641, 8.53112],
			"rotation": {"angle": 0, "axis": "x", "origin": [7.3448, 8.35565, 8.10524]},
			"faces": {
				"north": {"uv": [10, 10, 16, 16], "rotation": 90, "texture": "#1"},
				"east": {"uv": [10, 10, 16, 16], "rotation": 90, "texture": "#1"},
				"south": {"uv": [10, 10, 16, 16], "rotation": 90, "texture": "#1"},
				"west": {"uv": [10, 10, 16, 16], "rotation": 90, "texture": "#1"},
				"up": {"uv": [10, 10, 16, 16], "rotation": 90, "texture": "#1"},
				"down": {"uv": [10, 10, 16, 16], "rotation": 90, "texture": "#1"}
			}
		},
		{
			"from": [7.21376, 9.30569, -0.24871],
			"to": [7.47584, 9.82985, 0.66857],
			"rotation": {"angle": 0, "axis": "x", "origin": [7.3448, 9.63329, 2.24105]},
			"faces": {
				"north": {"uv": [0, 0, 16, 16], "rotation": 90, "texture": "#2"},
				"east": {"uv": [0, 0, 16, 16], "rotation": 90, "texture": "#2"},
				"south": {"uv": [0, 0, 16, 16], "rotation": 90, "texture": "#2"},
				"west": {"uv": [0, 0, 16, 16], "rotation": 90, "texture": "#2"},
				"up": {"uv": [0, 0, 16, 16], "rotation": 90, "texture": "#2"},
				"down": {"uv": [0, 0, 16, 16], "rotation": 90, "texture": "#2"}
			}
		},
		{
			"from": [7.21376, 8.58497, -0.11752],
			"to": [7.47584, 9.10913, 8.53112],
			"rotation": {"angle": 0, "axis": "x", "origin": [7.3448, 8.35565, 8.10524]},
			"faces": {
				"north": {"uv": [10, 10, 16, 16], "rotation": 90, "texture": "#1"},
				"east": {"uv": [10, 10, 16, 16], "rotation": 90, "texture": "#1"},
				"south": {"uv": [10, 10, 16, 16], "rotation": 90, "texture": "#1"},
				"west": {"uv": [10, 10, 16, 16], "rotation": 90, "texture": "#1"},
				"up": {"uv": [10, 10, 16, 16], "rotation": 90, "texture": "#1"},
				"down": {"uv": [10, 10, 16, 16], "rotation": 90, "texture": "#1"}
			}
		},
		{
			"from": [7.21376, 10.28849, -0.11752],
			"to": [7.47584, 10.55057, 8.53112],
			"rotation": {"angle": 0, "axis": "x", "origin": [7.3448, 8.35565, 8.10524]},
			"faces": {
				"north": {"uv": [10, 10, 16, 16], "rotation": 90, "texture": "#1"},
				"east": {"uv": [10, 10, 16, 16], "rotation": 90, "texture": "#1"},
				"south": {"uv": [10, 10, 16, 16], "rotation": 90, "texture": "#1"},
				"west": {"uv": [10, 10, 16, 16], "rotation": 90, "texture": "#1"},
				"up": {"uv": [10, 10, 16, 16], "rotation": 90, "texture": "#1"},
				"down": {"uv": [10, 10, 16, 16], "rotation": 90, "texture": "#1"}
			}
		},
		{
			"from": [7.181, 9.96089, -0.11752],
			"to": [7.5086, 10.55057, 0.53768],
			"rotation": {"angle": 0, "axis": "x", "origin": [7.3448, 8.35565, 8.10524]},
			"faces": {
				"north": {"uv": [10, 10, 16, 16], "rotation": 90, "texture": "#1"},
				"east": {"uv": [10, 10, 16, 16], "rotation": 90, "texture": "#1"},
				"south": {"uv": [10, 10, 16, 16], "rotation": 90, "texture": "#1"},
				"west": {"uv": [10, 10, 16, 16], "rotation": 90, "texture": "#1"},
				"up": {"uv": [10, 10, 16, 16], "rotation": 90, "texture": "#1"},
				"down": {"uv": [10, 10, 16, 16], "rotation": 90, "texture": "#1"}
			}
		},
		{
			"from": [7.181, 9.96089, 1.84808],
			"to": [7.5086, 10.55057, 3.15848],
			"rotation": {"angle": 0, "axis": "x", "origin": [7.3448, 8.35565, 8.10524]},
			"faces": {
				"north": {"uv": [10, 10, 16, 16], "rotation": 90, "texture": "#1"},
				"east": {"uv": [10, 10, 16, 16], "rotation": 90, "texture": "#1"},
				"south": {"uv": [10, 10, 16, 16], "rotation": 90, "texture": "#1"},
				"west": {"uv": [10, 10, 16, 16], "rotation": 90, "texture": "#1"},
				"up": {"uv": [10, 10, 16, 16], "rotation": 90, "texture": "#1"},
				"down": {"uv": [10, 10, 16, 16], "rotation": 90, "texture": "#1"}
			}
		},
		{
			"from": [7.181, 9.96089, 4.46888],
			"to": [7.5086, 10.55057, 5.77928],
			"rotation": {"angle": 0, "axis": "x", "origin": [7.3448, 8.35565, 8.10524]},
			"faces": {
				"north": {"uv": [10, 10, 16, 16], "rotation": 90, "texture": "#1"},
				"east": {"uv": [10, 10, 16, 16], "rotation": 90, "texture": "#1"},
				"south": {"uv": [10, 10, 16, 16], "rotation": 90, "texture": "#1"},
				"west": {"uv": [10, 10, 16, 16], "rotation": 90, "texture": "#1"},
				"up": {"uv": [10, 10, 16, 16], "rotation": 90, "texture": "#1"},
				"down": {"uv": [10, 10, 16, 16], "rotation": 90, "texture": "#1"}
			}
		},
		{
			"from": [7.181, 9.96089, 7.08968],
			"to": [7.5086, 10.55057, 8.40008],
			"rotation": {"angle": 0, "axis": "x", "origin": [7.3448, 8.35565, 8.10524]},
			"faces": {
				"north": {"uv": [10, 10, 16, 16], "rotation": 90, "texture": "#1"},
				"east": {"uv": [10, 10, 16, 16], "rotation": 90, "texture": "#1"},
				"south": {"uv": [10, 10, 16, 16], "rotation": 90, "texture": "#1"},
				"west": {"uv": [10, 10, 16, 16], "rotation": 90, "texture": "#1"},
				"up": {"uv": [10, 10, 16, 16], "rotation": 90, "texture": "#1"},
				"down": {"uv": [10, 10, 16, 16], "rotation": 90, "texture": "#1"}
			}
		},
		{
			"from": [6.3782, 9.07683, 8.15418],
			"to": [8.3114, 9.53452, 10.08738],
			"rotation": {"angle": 0, "axis": "z", "origin": [7.3448, 9.30569, 9.1208]},
			"faces": {
				"north": {"uv": [14, 14, 16, 16], "rotation": 90, "texture": "#1"},
				"east": {"uv": [14, 14, 16, 16], "rotation": 90, "texture": "#1"},
				"south": {"uv": [14, 14, 16, 16], "rotation": 90, "texture": "#1"},
				"west": {"uv": [14, 14, 16, 16], "rotation": 90, "texture": "#1"},
				"up": {"uv": [14, 14, 16, 16], "rotation": 90, "texture": "#1"},
				"down": {"uv": [14, 14, 16, 16], "rotation": 90, "texture": "#1"}
			}
		},
		{
			"from": [6.3782, 9.07683, 8.15418],
			"to": [8.3114, 9.53452, 10.08738],
			"rotation": {"angle": -22.5, "axis": "z", "origin": [7.3448, 9.30569, 9.1208]},
			"faces": {
				"north": {"uv": [14, 14, 16, 16], "rotation": 90, "texture": "#1"},
				"east": {"uv": [14, 14, 16, 16], "rotation": 90, "texture": "#1"},
				"south": {"uv": [14, 14, 16, 16], "rotation": 90, "texture": "#1"},
				"west": {"uv": [14, 14, 16, 16], "rotation": 90, "texture": "#1"},
				"up": {"uv": [14, 14, 16, 16], "rotation": 90, "texture": "#1"},
				"down": {"uv": [14, 14, 16, 16], "rotation": 90, "texture": "#1"}
			}
		},
		{
			"from": [6.3782, 9.07683, 8.15418],
			"to": [8.3114, 9.53452, 10.08738],
			"rotation": {"angle": -45, "axis": "z", "origin": [7.3448, 9.30569, 9.1208]},
			"faces": {
				"north": {"uv": [14, 14, 16, 16], "rotation": 90, "texture": "#1"},
				"east": {"uv": [14, 14, 16, 16], "rotation": 90, "texture": "#1"},
				"south": {"uv": [14, 14, 16, 16], "rotation": 90, "texture": "#1"},
				"west": {"uv": [14, 14, 16, 16], "rotation": 90, "texture": "#1"},
				"up": {"uv": [14, 14, 16, 16], "rotation": 90, "texture": "#1"},
				"down": {"uv": [14, 14, 16, 16], "rotation": 90, "texture": "#1"}
			}
		},
		{
			"from": [6.3782, 9.07683, 8.15418],
			"to": [8.3114, 9.53452, 10.08738],
			"rotation": {"angle": 22.5, "axis": "z", "origin": [7.3448, 9.30569, 9.1208]},
			"faces": {
				"north": {"uv": [14, 14, 16, 16], "rotation": 90, "texture": "#1"},
				"east": {"uv": [14, 14, 16, 16], "rotation": 90, "texture": "#1"},
				"south": {"uv": [14, 14, 16, 16], "rotation": 90, "texture": "#1"},
				"west": {"uv": [14, 14, 16, 16], "rotation": 90, "texture": "#1"},
				"up": {"uv": [14, 14, 16, 16], "rotation": 90, "texture": "#1"},
				"down": {"uv": [14, 14, 16, 16], "rotation": 90, "texture": "#1"}
			}
		},
		{
			"from": [6.3782, 9.07683, 8.15418],
			"to": [8.3114, 9.53452, 10.08738],
			"rotation": {"angle": 45, "axis": "z", "origin": [7.3448, 9.30569, 9.1208]},
			"faces": {
				"north": {"uv": [14, 14, 16, 16], "rotation": 90, "texture": "#1"},
				"east": {"uv": [14, 14, 16, 16], "rotation": 90, "texture": "#1"},
				"south": {"uv": [14, 14, 16, 16], "rotation": 90, "texture": "#1"},
				"west": {"uv": [14, 14, 16, 16], "rotation": 90, "texture": "#1"},
				"up": {"uv": [14, 14, 16, 16], "rotation": 90, "texture": "#1"},
				"down": {"uv": [14, 14, 16, 16], "rotation": 90, "texture": "#1"}
			}
		},
		{
			"from": [7.181, 6.50142, 8.69492],
			"to": [7.5086, 6.5997, 9.54668],
			"rotation": {"angle": 0, "axis": "x", "origin": [7.3448, 6.55056, 8.90786]},
			"faces": {
				"north": {"uv": [10, 10, 16, 16], "rotation": 270, "texture": "#1"},
				"east": {"uv": [10, 10, 16, 16], "texture": "#1"},
				"south": {"uv": [10, 10, 16, 16], "rotation": 90, "texture": "#1"},
				"west": {"uv": [10, 10, 16, 16], "rotation": 180, "texture": "#1"},
				"up": {"uv": [10, 10, 16, 16], "rotation": 270, "texture": "#1"},
				"down": {"uv": [10, 10, 16, 16], "rotation": 90, "texture": "#1"}
			}
		},
		{
			"from": [7.181, 5.74192, 8.11265],
			"to": [7.5086, 6.13504, 8.21093],
			"rotation": {"angle": -22.5, "axis": "x", "origin": [7.181, 6.68488, 5.92918]},
			"faces": {
				"north": {"uv": [10, 16, 16, 10], "rotation": 90, "texture": "#1"},
				"east": {"uv": [10, 16, 16, 10], "rotation": 90, "texture": "#1"},
				"south": {"uv": [10, 16, 16, 10], "rotation": 90, "texture": "#1"},
				"west": {"uv": [10, 16, 16, 10], "rotation": 90, "texture": "#1"},
				"up": {"uv": [16, 10, 10, 16], "rotation": 90, "texture": "#1"},
				"down": {"uv": [16, 10, 10, 16], "rotation": 90, "texture": "#1"}
			}
		},
		{
			"from": [7.181, 7.56979, 8.15115],
			"to": [7.5086, 7.66807, 8.54427],
			"rotation": {"angle": 22.5, "axis": "x", "origin": [7.181, 6.68488, 5.92918]},
			"faces": {
				"north": {"uv": [10, 16, 16, 10], "rotation": 90, "texture": "#1"},
				"east": {"uv": [16, 10, 10, 16], "texture": "#1"},
				"south": {"uv": [10, 16, 16, 10], "rotation": 270, "texture": "#1"},
				"west": {"uv": [16, 10, 10, 16], "rotation": 180, "texture": "#1"},
				"up": {"uv": [16, 10, 10, 16], "rotation": 270, "texture": "#1"},
				"down": {"uv": [16, 10, 10, 16], "rotation": 90, "texture": "#1"}
			}
		},
		{
			"from": [7.181, 7.01249, 8.15684],
			"to": [7.5086, 7.96253, 8.25512],
			"rotation": {"angle": 0, "axis": "x", "origin": [7.181, 6.68488, 5.92918]},
			"faces": {
				"north": {"uv": [10, 16, 16, 10], "rotation": 90, "texture": "#1"},
				"east": {"uv": [10, 16, 16, 10], "rotation": 90, "texture": "#1"},
				"south": {"uv": [10, 16, 16, 10], "rotation": 90, "texture": "#1"},
				"west": {"uv": [10, 16, 16, 10], "rotation": 90, "texture": "#1"},
				"up": {"uv": [16, 10, 10, 16], "rotation": 90, "texture": "#1"},
				"down": {"uv": [16, 10, 10, 16], "rotation": 90, "texture": "#1"}
			}
		},
		{
			"from": [7.181, 7.01249, 9.97256],
			"to": [7.5086, 7.96253, 10.07084],
			"rotation": {"angle": 0, "axis": "x", "origin": [7.3448, 6.99611, 9.98894]},
			"faces": {
				"north": {"uv": [10, 10, 16, 16], "rotation": 90, "texture": "#1"},
				"east": {"uv": [10, 10, 16, 16], "rotation": 90, "texture": "#1"},
				"south": {"uv": [10, 10, 16, 16], "rotation": 90, "texture": "#1"},
				"west": {"uv": [10, 10, 16, 16], "rotation": 90, "texture": "#1"},
				"up": {"uv": [10, 10, 16, 16], "rotation": 90, "texture": "#1"},
				"down": {"uv": [10, 10, 16, 16], "rotation": 90, "texture": "#1"}
			}
		},
		{
			"from": [7.181, 6.71729, 9.51384],
			"to": [7.5086, 6.81557, 9.90696],
			"rotation": {"angle": -22.5, "axis": "x", "origin": [7.181, 6.68488, 10.07082]},
			"faces": {
				"north": {"uv": [10, 10, 16, 16], "rotation": 270, "texture": "#1"},
				"east": {"uv": [10, 10, 16, 16], "texture": "#1"},
				"south": {"uv": [10, 10, 16, 16], "rotation": 90, "texture": "#1"},
				"west": {"uv": [10, 10, 16, 16], "rotation": 180, "texture": "#1"},
				"up": {"uv": [10, 10, 16, 16], "rotation": 270, "texture": "#1"},
				"down": {"uv": [10, 10, 16, 16], "rotation": 90, "texture": "#1"}
			}
		},
		{
			"from": [7.181, 6.59442, 9.84718],
			"to": [7.5086, 6.98754, 9.94546],
			"rotation": {"angle": 22.5, "axis": "x", "origin": [7.181, 6.68488, 10.07082]},
			"faces": {
				"north": {"uv": [10, 10, 16, 16], "rotation": 90, "texture": "#1"},
				"east": {"uv": [10, 10, 16, 16], "rotation": 90, "texture": "#1"},
				"south": {"uv": [10, 10, 16, 16], "rotation": 90, "texture": "#1"},
				"west": {"uv": [10, 10, 16, 16], "rotation": 90, "texture": "#1"},
				"up": {"uv": [10, 10, 16, 16], "rotation": 90, "texture": "#1"},
				"down": {"uv": [10, 10, 16, 16], "rotation": 90, "texture": "#1"}
			}
		},
		{
			"from": [7.181, 7.54528, 7.4083],
			"to": [7.5086, 8.49532, 8.09626],
			"rotation": {"angle": 45, "axis": "x", "origin": [7.3448, 7.48751, 8.36978]},
			"faces": {
				"north": {"uv": [10, 16, 16, 10], "rotation": 90, "texture": "#1"},
				"east": {"uv": [10, 16, 16, 10], "rotation": 90, "texture": "#1"},
				"south": {"uv": [10, 16, 16, 10], "rotation": 90, "texture": "#1"},
				"west": {"uv": [10, 16, 16, 10], "rotation": 90, "texture": "#1"},
				"up": {"uv": [16, 10, 10, 16], "rotation": 90, "texture": "#1"},
				"down": {"uv": [16, 10, 10, 16], "rotation": 90, "texture": "#1"}
			}
		},
		{
			"from": [7.12064, 9.87206, 10.29131],
			"to": [7.5362, 10.10138, 11.07755],
			"rotation": {"angle": 45, "axis": "x", "origin": [7.32842, 9.98672, 10.68443]},
			"faces": {
				"north": {"uv": [10, 2, 11, 3], "rotation": 90, "texture": "#1"},
				"east": {"uv": [10, 2, 11, 3], "rotation": 90, "texture": "#1"},
				"south": {"uv": [10, 2, 11, 3], "rotation": 90, "texture": "#1"},
				"west": {"uv": [10, 2, 11, 3], "rotation": 90, "texture": "#1"},
				"up": {"uv": [10, 2, 11, 3], "rotation": 90, "texture": "#1"},
				"down": {"uv": [10, 2, 11, 3], "rotation": 90, "texture": "#1"}
			}
		},
		{
			"from": [7.12064, 9.89838, 10.95223],
			"to": [7.5362, 10.41838, 11.00675],
			"rotation": {"angle": 45, "axis": "x", "origin": [7.32842, 10.16046, 10.97399]},
			"faces": {
				"north": {"uv": [10, 2, 11, 3], "rotation": 270, "texture": "#1"},
				"east": {"uv": [10, 2, 11, 3], "rotation": 270, "texture": "#1"},
				"south": {"uv": [10, 2, 11, 3], "rotation": 270, "texture": "#1"},
				"west": {"uv": [10, 2, 11, 3], "rotation": 270, "texture": "#1"},
				"up": {"uv": [10, 2, 11, 3], "rotation": 270, "texture": "#1"},
				"down": {"uv": [10, 2, 11, 3], "rotation": 270, "texture": "#1"}
			}
		},
		{
			"from": [7.13864, 9.7497, 10.57691],
			"to": [7.5272, 10.1097, 10.93691],
			"rotation": {"angle": 0, "axis": "x", "origin": [7.32842, 10.16046, 10.97399]},
			"faces": {
				"north": {"uv": [10, 2, 11, 3], "rotation": 90, "texture": "#1"},
				"east": {"uv": [10, 2, 11, 3], "rotation": 90, "texture": "#1"},
				"south": {"uv": [10, 2, 11, 3], "rotation": 90, "texture": "#1"},
				"west": {"uv": [10, 2, 11, 3], "rotation": 90, "texture": "#1"},
				"up": {"uv": [10, 2, 11, 3], "rotation": 90, "texture": "#1"},
				"down": {"uv": [10, 2, 11, 3], "rotation": 90, "texture": "#1"}
			}
		},
		{
			"from": [7.12064, 10.22581, 11.196],
			"to": [7.5362, 10.27581, 11.33684],
			"rotation": {"angle": -22.5, "axis": "x", "origin": [7.32842, 10.17204, 10.9624]},
			"faces": {
				"north": {"uv": [10, 2, 11, 3], "rotation": 90, "texture": "#1"},
				"east": {"uv": [10, 2, 11, 3], "rotation": 90, "texture": "#1"},
				"south": {"uv": [10, 2, 11, 3], "rotation": 90, "texture": "#1"},
				"west": {"uv": [10, 2, 11, 3], "rotation": 90, "texture": "#1"},
				"up": {"uv": [10, 2, 11, 3], "rotation": 90, "texture": "#1"},
				"down": {"uv": [10, 2, 11, 3], "rotation": 90, "texture": "#1"}
			}
		},
		{
			"from": [7.12064, 10.364, 11.268],
			"to": [7.5362, 10.41052, 11.39884],
			"rotation": {"angle": 0, "axis": "x", "origin": [7.32842, 10.37854, 11.33453]},
			"faces": {
				"north": {"uv": [10, 2, 11, 3], "rotation": 90, "texture": "#1"},
				"east": {"uv": [10, 2, 11, 3], "rotation": 90, "texture": "#1"},
				"south": {"uv": [10, 2, 11, 3], "rotation": 90, "texture": "#1"},
				"west": {"uv": [10, 2, 11, 3], "rotation": 90, "texture": "#1"},
				"up": {"uv": [10, 2, 11, 3], "rotation": 90, "texture": "#1"},
				"down": {"uv": [10, 2, 11, 3], "rotation": 90, "texture": "#1"}
			}
		},
		{
			"from": [7.181, 7.4296, 9.16947],
			"to": [7.5086, 8.11756, 9.34947],
			"rotation": {"angle": -22.5, "axis": "x", "origin": [7.3448, 7.7357, 9.35094]},
			"faces": {
				"north": {"uv": [10, 16, 16, 10], "rotation": 180, "texture": "#1"},
				"east": {"uv": [10, 16, 16, 10], "rotation": 180, "texture": "#1"},
				"south": {"uv": [10, 16, 16, 10], "rotation": 180, "texture": "#1"},
				"west": {"uv": [10, 16, 16, 10], "rotation": 180, "texture": "#1"},
				"up": {"uv": [10, 16, 16, 10], "rotation": 180, "texture": "#1"},
				"down": {"uv": [10, 16, 16, 10], "rotation": 180, "texture": "#1"}
			}
		},
		{
			"from": [7.181, 7.0966, 9.29547],
			"to": [7.5086, 7.45156, 9.46647],
			"rotation": {"angle": 0, "axis": "x", "origin": [7.3448, 7.7357, 9.35094]},
			"faces": {
				"north": {"uv": [10, 16, 16, 10], "rotation": 180, "texture": "#1"},
				"east": {"uv": [10, 16, 16, 10], "rotation": 180, "texture": "#1"},
				"south": {"uv": [10, 16, 16, 10], "rotation": 180, "texture": "#1"},
				"west": {"uv": [10, 16, 16, 10], "rotation": 180, "texture": "#1"},
				"up": {"uv": [10, 16, 16, 10], "rotation": 180, "texture": "#1"},
				"down": {"uv": [10, 16, 16, 10], "rotation": 180, "texture": "#1"}
			}
		},
		{
			"from": [7.181, 6.9156, 9.53],
			"to": [7.5086, 7.1928, 9.701],
			"rotation": {"angle": 22.5, "axis": "x", "origin": [7.3448, 7.7357, 9.35094]},
			"faces": {
				"north": {"uv": [11, 16, 16, 11], "rotation": 180, "texture": "#1"},
				"east": {"uv": [11, 16, 16, 11], "rotation": 180, "texture": "#1"},
				"south": {"uv": [11, 16, 16, 11], "rotation": 180, "texture": "#1"},
				"west": {"uv": [11, 16, 16, 11], "rotation": 180, "texture": "#1"},
				"up": {"uv": [11, 16, 16, 11], "rotation": 180, "texture": "#1"},
				"down": {"uv": [11, 16, 16, 11], "rotation": 180, "texture": "#1"}
			}
		},
		{
			"from": [7.181, 6.90838, 8.62859],
			"to": [7.5086, 7.07938, 9.01955],
			"rotation": {"angle": -22.5, "axis": "x", "origin": [7.3448, 7.7357, 9.35094]},
			"faces": {
				"north": {"uv": [11, 16, 16, 11], "rotation": 270, "texture": "#1"},
				"east": {"uv": [11, 16, 16, 11], "rotation": 270, "texture": "#1"},
				"south": {"uv": [11, 16, 16, 11], "rotation": 270, "texture": "#1"},
				"west": {"uv": [11, 16, 16, 11], "rotation": 270, "texture": "#1"},
				"up": {"uv": [11, 16, 16, 11], "rotation": 270, "texture": "#1"},
				"down": {"uv": [11, 16, 16, 11], "rotation": 270, "texture": "#1"}
			}
		},
		{
			"from": [7.181, 7.8455, 9.20661],
			"to": [7.5086, 8.1155, 9.75057],
			"rotation": {"angle": -22.5, "axis": "x", "origin": [7.3448, 7.7357, 9.35094]},
			"faces": {
				"north": {"uv": [10, 16, 16, 10], "rotation": 270, "texture": "#1"},
				"east": {"uv": [10, 16, 16, 10], "rotation": 270, "texture": "#1"},
				"south": {"uv": [10, 16, 16, 10], "rotation": 270, "texture": "#1"},
				"west": {"uv": [10, 16, 16, 10], "rotation": 270, "texture": "#1"},
				"up": {"uv": [10, 16, 16, 10], "rotation": 270, "texture": "#1"},
				"down": {"uv": [10, 16, 16, 10], "rotation": 270, "texture": "#1"}
			}
		}
	],
	"gui_light": "front",
	"display": {
		"thirdperson_righthand": {
			"rotation": [90, 0, 0],
			"translation": [0, 1, 0.75]
		},
		"thirdperson_lefthand": {
			"rotation": [90, 0, 0],
			"translation": [0, 1, 0.75],
			"scale": [-1, 1, 1]
		},
		"firstperson_righthand": {
			"translation": [-8.35, 3.75, 0]
		},
		"firstperson_lefthand": {
			"translation": [-9.7, 3.75, 0]
		},
		"gui": {
			"rotation": [60, 60, -60],
			"translation": [1, 0, -1],
			"scale": [1.2, 1.2, 1.2]
		},
		"head": {
			"translation": [0, -4.75, -11.25]
		},
		"fixed": {
			"rotation": [0, -90, 0],
			"translation": [-1, 0, -1],
			"scale": [1.2, 1.2, 1.2]
		}
	},
	"groups": [
		{
			"name": "group",
			"origin": [8, 8, 8],
			"children": [0, 1, 2, 3, 4, 5, 6, 7]
		}, 8, 9, 10, 11, 12, 13, 14, 15, 16, 17, 18,
		{
			"name": "group",
			"origin": [7.5, 7.10141, 8.85531],
			"children": [19, 20, 21, 22, 23]
		}, 24,
		{
			"name": "group",
			"origin": [7.5, 5.33891, 9.51781],
			"children": [25, 26, 27]
		},
		{
			"name": "group",
			"origin": [7.375, 5.1014, 9.5803],
			"children": [28, 29, 30]
		}, 31, 32, 33, 34, 35, 36, 37, 38, 39, 40, 41]
}