{
    "parent": "item/handheld",
    "textures": {
        "layer0": "weapons/spear",
        "particle": "weapons/spear"
    },
    "display": {
        "thirdperson_righthand": {
            "rotation": [ 0, 90, 225 ],
            "translation": [ 0, -8, 1 ],
            "scale": [ 1, 1, 1 ]
        },
        "thirdperson_lefthand": {
            "rotation": [ 0, 90, 135 ],
            "translation": [ 0, -8, 1 ],
            "scale": [ 1, 1, 1 ]
        },
        "firstperson_righthand": {
            "rotation": [ 0, -90, 60 ],
            "translation": [ 9, 3, -12 ],
            "scale": [ 1, 1, 1 ]
        },
        "firstperson_lefthand": {
            "rotation": [ 0, -90, -30 ],
            "translation": [ 9, 3, -12 ],
            "scale": [ 1, 1, 1 ]
        }
    }
}
