{
	"parent": "item/handheld",
	"textures": {
		"layer0": "weapons/spear"
	},
	"display": {
		"thirdperson_righthand": {
			"rotation": [0, -90, 55],
			"translation": [0, 3, 0.5],
			"scale": [1.2, 1.2, 1.2]
		},
		"thirdperson_lefthand": {
			"rotation": [0, 90, -55],
			"translation": [0, 3, 0.5],
			"scale": [1.2, 1.2, 1.2]
		},
		"firstperson_righthand": {
			"rotation": [0, -90, 70],
			"translation": [1.13, 5.2, 1.13],
			"scale": [0.68, 0.68, 0.68]
		},
		"firstperson_lefthand": {
			"rotation": [0, 90, -70],
			"translation": [1.13, 5.2, 1.13],
			"scale": [0.68, 0.68, 0.68]
		}
	}
}