{
	"credit": "Made with Blockbench",
	"textures": {
		"0": "block/birch_log",
		"1": "block/beacon",
		"2": "block/sea_lantern",
		"3": "block/blue_ice",
		"4": "block/anvil",
		"particle": "block/birch_log"
	},
	"elements": [
		{
			"from": [7.59954, 10.66667, 7.8272],
			"to": [8.22491, 11.40378, 7.95063],
			"rotation": {"angle": 0, "axis": "y", "origin": [8.11794, 6.35967, 8.3456]},
			"faces": {
				"north": {"uv": [1, 3, 2, 4], "texture": "#0"},
				"east": {"uv": [1, 3, 2, 4], "texture": "#0"},
				"south": {"uv": [1, 3, 2, 4], "texture": "#0"},
				"west": {"uv": [1, 3, 2, 4], "texture": "#0"},
				"up": {"uv": [1, 3, 2, 4], "texture": "#0"},
				"down": {"uv": [1, 3, 2, 4], "texture": "#0"}
			}
		},
		{
			"from": [7.59954, 10.66667, 7.8272],
			"to": [8.22491, 11.40378, 7.95063],
			"rotation": {"angle": 22.5, "axis": "y", "origin": [7.91223, 5.84538, 7.88891]},
			"faces": {
				"north": {"uv": [1, 3, 2, 4], "texture": "#0"},
				"east": {"uv": [1, 3, 2, 4], "texture": "#0"},
				"south": {"uv": [1, 3, 2, 4], "texture": "#0"},
				"west": {"uv": [1, 3, 2, 4], "texture": "#0"},
				"up": {"uv": [1, 3, 2, 4], "texture": "#0"},
				"down": {"uv": [1, 3, 2, 4], "texture": "#0"}
			}
		},
		{
			"from": [7.85051, 10.66667, 7.57623],
			"to": [7.97394, 11.40378, 8.2016],
			"rotation": {"angle": -22.5, "axis": "y", "origin": [7.91223, 5.84538, 7.88891]},
			"faces": {
				"north": {"uv": [1, 3, 2, 4], "rotation": 270, "texture": "#0"},
				"east": {"uv": [1, 3, 2, 4], "rotation": 270, "texture": "#0"},
				"south": {"uv": [1, 3, 2, 4], "rotation": 270, "texture": "#0"},
				"west": {"uv": [1, 3, 2, 4], "rotation": 270, "texture": "#0"},
				"up": {"uv": [1, 3, 2, 4], "rotation": 270, "texture": "#0"},
				"down": {"uv": [1, 3, 2, 4], "rotation": 270, "texture": "#0"}
			}
		},
		{
			"from": [7.59954, 10.66667, 7.8272],
			"to": [8.22491, 11.40378, 7.95063],
			"rotation": {"angle": 45, "axis": "y", "origin": [7.91223, 5.84538, 7.88891]},
			"faces": {
				"north": {"uv": [1, 3, 2, 4], "texture": "#0"},
				"east": {"uv": [1, 3, 2, 4], "texture": "#0"},
				"south": {"uv": [1, 3, 2, 4], "texture": "#0"},
				"west": {"uv": [1, 3, 2, 4], "texture": "#0"},
				"up": {"uv": [1, 3, 2, 4], "texture": "#0"},
				"down": {"uv": [1, 3, 2, 4], "texture": "#0"}
			}
		},
		{
			"from": [7.59954, 10.66667, 7.8272],
			"to": [8.22491, 11.40378, 7.95063],
			"rotation": {"angle": -22.5, "axis": "y", "origin": [7.91223, 5.84538, 7.88891]},
			"faces": {
				"north": {"uv": [1, 3, 2, 4], "rotation": 180, "texture": "#0"},
				"east": {"uv": [1, 3, 2, 4], "rotation": 180, "texture": "#0"},
				"south": {"uv": [1, 3, 2, 4], "rotation": 180, "texture": "#0"},
				"west": {"uv": [1, 3, 2, 4], "rotation": 180, "texture": "#0"},
				"up": {"uv": [1, 3, 2, 4], "rotation": 180, "texture": "#0"},
				"down": {"uv": [1, 3, 2, 4], "rotation": 180, "texture": "#0"}
			}
		},
		{
			"from": [7.85051, 10.66667, 7.57623],
			"to": [7.97394, 11.40378, 8.2016],
			"rotation": {"angle": 45, "axis": "y", "origin": [7.91223, 5.84538, 7.88891]},
			"faces": {
				"north": {"uv": [1, 3, 2, 4], "rotation": 270, "texture": "#0"},
				"east": {"uv": [1, 3, 2, 4], "rotation": 270, "texture": "#0"},
				"south": {"uv": [1, 3, 2, 4], "rotation": 270, "texture": "#0"},
				"west": {"uv": [1, 3, 2, 4], "rotation": 270, "texture": "#0"},
				"up": {"uv": [1, 3, 2, 4], "rotation": 270, "texture": "#0"},
				"down": {"uv": [1, 3, 2, 4], "rotation": 270, "texture": "#0"}
			}
		},
		{
			"from": [7.85051, 10.66667, 7.57623],
			"to": [7.97394, 11.40378, 8.2016],
			"rotation": {"angle": 0, "axis": "y", "origin": [7.91223, 5.84538, 7.88891]},
			"faces": {
				"north": {"uv": [1, 3, 2, 4], "rotation": 270, "texture": "#0"},
				"east": {"uv": [1, 3, 2, 4], "rotation": 270, "texture": "#0"},
				"south": {"uv": [1, 3, 2, 4], "rotation": 270, "texture": "#0"},
				"west": {"uv": [1, 3, 2, 4], "rotation": 270, "texture": "#0"},
				"up": {"uv": [1, 3, 2, 4], "rotation": 270, "texture": "#0"},
				"down": {"uv": [1, 3, 2, 4], "rotation": 270, "texture": "#0"}
			}
		},
		{
			"from": [7.85051, 10.66667, 7.57623],
			"to": [7.97394, 11.40378, 8.2016],
			"rotation": {"angle": 22.5, "axis": "y", "origin": [7.91223, 5.84538, 7.88891]},
			"faces": {
				"north": {"uv": [1, 3, 2, 4], "rotation": 270, "texture": "#0"},
				"east": {"uv": [1, 3, 2, 4], "rotation": 270, "texture": "#0"},
				"south": {"uv": [1, 3, 2, 4], "rotation": 270, "texture": "#0"},
				"west": {"uv": [1, 3, 2, 4], "rotation": 270, "texture": "#0"},
				"up": {"uv": [1, 3, 2, 4], "rotation": 270, "texture": "#0"},
				"down": {"uv": [1, 3, 2, 4], "rotation": 270, "texture": "#0"}
			}
		},
		{
			"from": [7.51824, 11.21338, 7.81115],
			"to": [8.30621, 12.12691, 7.96667],
			"rotation": {"angle": 0, "axis": "y", "origin": [8.17143, 9.1999, 8.46434]},
			"faces": {
				"north": {"uv": [1, 3, 2, 4], "texture": "#0"},
				"east": {"uv": [1, 3, 2, 4], "texture": "#0"},
				"south": {"uv": [1, 3, 2, 4], "texture": "#0"},
				"west": {"uv": [1, 3, 2, 4], "texture": "#0"},
				"up": {"uv": [1, 3, 2, 4], "texture": "#0"},
				"down": {"uv": [1, 3, 2, 4], "texture": "#0"}
			}
		},
		{
			"from": [7.51824, 11.21338, 7.81115],
			"to": [8.30621, 12.12691, 7.96667],
			"rotation": {"angle": 22.5, "axis": "y", "origin": [7.91223, 8.5519, 7.88891]},
			"faces": {
				"north": {"uv": [1, 3, 2, 4], "texture": "#0"},
				"east": {"uv": [1, 3, 2, 4], "texture": "#0"},
				"south": {"uv": [1, 3, 2, 4], "texture": "#0"},
				"west": {"uv": [1, 3, 2, 4], "texture": "#0"},
				"up": {"uv": [1, 3, 2, 4], "texture": "#0"},
				"down": {"uv": [1, 3, 2, 4], "texture": "#0"}
			}
		},
		{
			"from": [7.83447, 11.21338, 7.49493],
			"to": [7.98999, 12.12691, 8.2829],
			"rotation": {"angle": -22.5, "axis": "y", "origin": [7.91223, 8.5519, 7.88891]},
			"faces": {
				"north": {"uv": [1, 3, 2, 4], "rotation": 270, "texture": "#0"},
				"east": {"uv": [1, 3, 2, 4], "rotation": 270, "texture": "#0"},
				"south": {"uv": [1, 3, 2, 4], "rotation": 270, "texture": "#0"},
				"west": {"uv": [1, 3, 2, 4], "rotation": 270, "texture": "#0"},
				"up": {"uv": [1, 3, 2, 4], "rotation": 270, "texture": "#0"},
				"down": {"uv": [1, 3, 2, 4], "rotation": 270, "texture": "#0"}
			}
		},
		{
			"from": [7.51824, 11.21338, 7.81115],
			"to": [8.30621, 12.12691, 7.96667],
			"rotation": {"angle": 45, "axis": "y", "origin": [7.91223, 8.5519, 7.88891]},
			"faces": {
				"north": {"uv": [1, 3, 2, 4], "texture": "#0"},
				"east": {"uv": [1, 3, 2, 4], "texture": "#0"},
				"south": {"uv": [1, 3, 2, 4], "texture": "#0"},
				"west": {"uv": [1, 3, 2, 4], "texture": "#0"},
				"up": {"uv": [1, 3, 2, 4], "texture": "#0"},
				"down": {"uv": [1, 3, 2, 4], "texture": "#0"}
			}
		},
		{
			"from": [7.51824, 11.21338, 7.81115],
			"to": [8.30621, 12.12691, 7.96667],
			"rotation": {"angle": -22.5, "axis": "y", "origin": [7.91223, 8.5519, 7.88891]},
			"faces": {
				"north": {"uv": [1, 3, 2, 4], "rotation": 180, "texture": "#0"},
				"east": {"uv": [1, 3, 2, 4], "rotation": 180, "texture": "#0"},
				"south": {"uv": [1, 3, 2, 4], "rotation": 180, "texture": "#0"},
				"west": {"uv": [1, 3, 2, 4], "rotation": 180, "texture": "#0"},
				"up": {"uv": [1, 3, 2, 4], "rotation": 180, "texture": "#0"},
				"down": {"uv": [1, 3, 2, 4], "rotation": 180, "texture": "#0"}
			}
		},
		{
			"from": [7.83447, 11.21338, 7.49493],
			"to": [7.98999, 12.12691, 8.2829],
			"rotation": {"angle": 45, "axis": "y", "origin": [7.91223, 8.5519, 7.88891]},
			"faces": {
				"north": {"uv": [1, 3, 2, 4], "rotation": 270, "texture": "#0"},
				"east": {"uv": [1, 3, 2, 4], "rotation": 270, "texture": "#0"},
				"south": {"uv": [1, 3, 2, 4], "rotation": 270, "texture": "#0"},
				"west": {"uv": [1, 3, 2, 4], "rotation": 270, "texture": "#0"},
				"up": {"uv": [1, 3, 2, 4], "rotation": 270, "texture": "#0"},
				"down": {"uv": [1, 3, 2, 4], "rotation": 270, "texture": "#0"}
			}
		},
		{
			"from": [7.83447, 11.21338, 7.49493],
			"to": [7.98999, 12.12691, 8.2829],
			"rotation": {"angle": 0, "axis": "y", "origin": [7.91223, 8.5519, 7.88891]},
			"faces": {
				"north": {"uv": [1, 3, 2, 4], "rotation": 270, "texture": "#0"},
				"east": {"uv": [1, 3, 2, 4], "rotation": 270, "texture": "#0"},
				"south": {"uv": [1, 3, 2, 4], "rotation": 270, "texture": "#0"},
				"west": {"uv": [1, 3, 2, 4], "rotation": 270, "texture": "#0"},
				"up": {"uv": [1, 3, 2, 4], "rotation": 270, "texture": "#0"},
				"down": {"uv": [1, 3, 2, 4], "rotation": 270, "texture": "#0"}
			}
		},
		{
			"from": [7.83447, 11.21338, 7.49493],
			"to": [7.98999, 12.12691, 8.2829],
			"rotation": {"angle": 22.5, "axis": "y", "origin": [7.91223, 8.5519, 7.88891]},
			"faces": {
				"north": {"uv": [1, 3, 2, 4], "rotation": 270, "texture": "#0"},
				"east": {"uv": [1, 3, 2, 4], "rotation": 270, "texture": "#0"},
				"south": {"uv": [1, 3, 2, 4], "rotation": 270, "texture": "#0"},
				"west": {"uv": [1, 3, 2, 4], "rotation": 270, "texture": "#0"},
				"up": {"uv": [1, 3, 2, 4], "rotation": 270, "texture": "#0"},
				"down": {"uv": [1, 3, 2, 4], "rotation": 270, "texture": "#0"}
			}
		},
		{
			"from": [7.73087, 10.28744, 7.85312],
			"to": [8.09359, 13.25973, 7.92471],
			"rotation": {"angle": 0, "axis": "y", "origin": [8.03154, 10.33415, 8.15379]},
			"faces": {
				"north": {"uv": [3, 3, 4, 4], "texture": "#2"},
				"east": {"uv": [3, 3, 4, 4], "texture": "#2"},
				"south": {"uv": [3, 3, 4, 4], "texture": "#2"},
				"west": {"uv": [3, 3, 4, 4], "texture": "#2"},
				"up": {"uv": [3, 3, 4, 4], "texture": "#2"},
				"down": {"uv": [3, 3, 4, 4], "texture": "#2"}
			}
		},
		{
			"from": [7.73087, 10.28744, 7.85312],
			"to": [8.09359, 13.25973, 7.92471],
			"rotation": {"angle": 22.5, "axis": "y", "origin": [7.91223, 10.03586, 7.88891]},
			"faces": {
				"north": {"uv": [3, 3, 4, 4], "texture": "#2"},
				"east": {"uv": [3, 3, 4, 4], "texture": "#2"},
				"south": {"uv": [3, 3, 4, 4], "texture": "#2"},
				"west": {"uv": [3, 3, 4, 4], "texture": "#2"},
				"up": {"uv": [3, 3, 4, 4], "texture": "#2"},
				"down": {"uv": [3, 3, 4, 4], "texture": "#2"}
			}
		},
		{
			"from": [7.87643, 10.28744, 7.70756],
			"to": [7.94802, 13.25973, 8.07027],
			"rotation": {"angle": -22.5, "axis": "y", "origin": [7.91223, 10.03586, 7.88891]},
			"faces": {
				"north": {"uv": [3, 3, 4, 4], "rotation": 270, "texture": "#2"},
				"east": {"uv": [3, 3, 4, 4], "rotation": 270, "texture": "#2"},
				"south": {"uv": [3, 3, 4, 4], "rotation": 270, "texture": "#2"},
				"west": {"uv": [3, 3, 4, 4], "rotation": 270, "texture": "#2"},
				"up": {"uv": [3, 3, 4, 4], "rotation": 270, "texture": "#2"},
				"down": {"uv": [3, 3, 4, 4], "rotation": 270, "texture": "#2"}
			}
		},
		{
			"from": [7.73087, 10.28744, 7.85312],
			"to": [8.09359, 13.25973, 7.92471],
			"rotation": {"angle": 45, "axis": "y", "origin": [7.91223, 10.03586, 7.88891]},
			"faces": {
				"north": {"uv": [3, 3, 4, 4], "texture": "#2"},
				"east": {"uv": [3, 3, 4, 4], "texture": "#2"},
				"south": {"uv": [3, 3, 4, 4], "texture": "#2"},
				"west": {"uv": [3, 3, 4, 4], "texture": "#2"},
				"up": {"uv": [3, 3, 4, 4], "texture": "#2"},
				"down": {"uv": [3, 3, 4, 4], "texture": "#2"}
			}
		},
		{
			"from": [7.73087, 10.28744, 7.85312],
			"to": [8.09359, 13.25973, 7.92471],
			"rotation": {"angle": -22.5, "axis": "y", "origin": [7.91223, 10.03586, 7.88891]},
			"faces": {
				"north": {"uv": [3, 3, 4, 4], "rotation": 180, "texture": "#2"},
				"east": {"uv": [3, 3, 4, 4], "rotation": 180, "texture": "#2"},
				"south": {"uv": [3, 3, 4, 4], "rotation": 180, "texture": "#2"},
				"west": {"uv": [3, 3, 4, 4], "rotation": 180, "texture": "#2"},
				"up": {"uv": [3, 3, 4, 4], "rotation": 180, "texture": "#2"},
				"down": {"uv": [3, 3, 4, 4], "rotation": 180, "texture": "#2"}
			}
		},
		{
			"from": [7.87643, 10.28744, 7.70756],
			"to": [7.94802, 13.25973, 8.07027],
			"rotation": {"angle": 45, "axis": "y", "origin": [7.91223, 10.03586, 7.88891]},
			"faces": {
				"north": {"uv": [3, 3, 4, 4], "rotation": 270, "texture": "#2"},
				"east": {"uv": [3, 3, 4, 4], "rotation": 270, "texture": "#2"},
				"south": {"uv": [3, 3, 4, 4], "rotation": 270, "texture": "#2"},
				"west": {"uv": [3, 3, 4, 4], "rotation": 270, "texture": "#2"},
				"up": {"uv": [3, 3, 4, 4], "rotation": 270, "texture": "#2"},
				"down": {"uv": [3, 3, 4, 4], "rotation": 270, "texture": "#2"}
			}
		},
		{
			"from": [7.87643, 10.28744, 7.70756],
			"to": [7.94802, 13.25973, 8.07027],
			"rotation": {"angle": 0, "axis": "y", "origin": [7.91223, 10.03586, 7.88891]},
			"faces": {
				"north": {"uv": [3, 3, 4, 4], "rotation": 270, "texture": "#2"},
				"east": {"uv": [3, 3, 4, 4], "rotation": 270, "texture": "#2"},
				"south": {"uv": [3, 3, 4, 4], "rotation": 270, "texture": "#2"},
				"west": {"uv": [3, 3, 4, 4], "rotation": 270, "texture": "#2"},
				"up": {"uv": [3, 3, 4, 4], "rotation": 270, "texture": "#2"},
				"down": {"uv": [3, 3, 4, 4], "rotation": 270, "texture": "#2"}
			}
		},
		{
			"from": [7.87643, 10.28744, 7.70756],
			"to": [7.94802, 13.25973, 8.07027],
			"rotation": {"angle": 22.5, "axis": "y", "origin": [7.91223, 10.03586, 7.88891]},
			"faces": {
				"north": {"uv": [3, 3, 4, 4], "rotation": 270, "texture": "#2"},
				"east": {"uv": [3, 3, 4, 4], "rotation": 270, "texture": "#2"},
				"south": {"uv": [3, 3, 4, 4], "rotation": 270, "texture": "#2"},
				"west": {"uv": [3, 3, 4, 4], "rotation": 270, "texture": "#2"},
				"up": {"uv": [3, 3, 4, 4], "rotation": 270, "texture": "#2"},
				"down": {"uv": [3, 3, 4, 4], "rotation": 270, "texture": "#2"}
			}
		},
		{
			"from": [7.47885, 12.25812, 7.80338],
			"to": [8.34561, 12.51379, 7.97445],
			"rotation": {"angle": 0, "axis": "y", "origin": [8.19735, 12.97662, 8.52188]},
			"faces": {
				"north": {"uv": [1, 3, 2, 4], "texture": "#0"},
				"east": {"uv": [1, 3, 2, 4], "texture": "#0"},
				"south": {"uv": [1, 3, 2, 4], "texture": "#0"},
				"west": {"uv": [1, 3, 2, 4], "texture": "#0"},
				"up": {"uv": [1, 3, 2, 4], "texture": "#0"},
				"down": {"uv": [1, 3, 2, 4], "texture": "#0"}
			}
		},
		{
			"from": [7.47885, 12.25812, 7.80338],
			"to": [8.34561, 12.51379, 7.97445],
			"rotation": {"angle": 22.5, "axis": "y", "origin": [7.91223, 12.26382, 7.88891]},
			"faces": {
				"north": {"uv": [1, 3, 2, 4], "texture": "#0"},
				"east": {"uv": [1, 3, 2, 4], "texture": "#0"},
				"south": {"uv": [1, 3, 2, 4], "texture": "#0"},
				"west": {"uv": [1, 3, 2, 4], "texture": "#0"},
				"up": {"uv": [1, 3, 2, 4], "texture": "#0"},
				"down": {"uv": [1, 3, 2, 4], "texture": "#0"}
			}
		},
		{
			"from": [7.82669, 12.25812, 7.45553],
			"to": [7.99776, 12.51379, 8.3223],
			"rotation": {"angle": -22.5, "axis": "y", "origin": [7.91223, 12.26382, 7.88891]},
			"faces": {
				"north": {"uv": [1, 3, 2, 4], "rotation": 270, "texture": "#0"},
				"east": {"uv": [1, 3, 2, 4], "rotation": 270, "texture": "#0"},
				"south": {"uv": [1, 3, 2, 4], "rotation": 270, "texture": "#0"},
				"west": {"uv": [1, 3, 2, 4], "rotation": 270, "texture": "#0"},
				"up": {"uv": [1, 3, 2, 4], "rotation": 270, "texture": "#0"},
				"down": {"uv": [1, 3, 2, 4], "rotation": 270, "texture": "#0"}
			}
		},
		{
			"from": [7.47885, 12.25812, 7.80338],
			"to": [8.34561, 12.51379, 7.97445],
			"rotation": {"angle": 45, "axis": "y", "origin": [7.91223, 12.26382, 7.88891]},
			"faces": {
				"north": {"uv": [1, 3, 2, 4], "texture": "#0"},
				"east": {"uv": [1, 3, 2, 4], "texture": "#0"},
				"south": {"uv": [1, 3, 2, 4], "texture": "#0"},
				"west": {"uv": [1, 3, 2, 4], "texture": "#0"},
				"up": {"uv": [1, 3, 2, 4], "texture": "#0"},
				"down": {"uv": [1, 3, 2, 4], "texture": "#0"}
			}
		},
		{
			"from": [7.47885, 12.25812, 7.80338],
			"to": [8.34561, 12.51379, 7.97445],
			"rotation": {"angle": -22.5, "axis": "y", "origin": [7.91223, 12.26382, 7.88891]},
			"faces": {
				"north": {"uv": [1, 3, 2, 4], "rotation": 180, "texture": "#0"},
				"east": {"uv": [1, 3, 2, 4], "rotation": 180, "texture": "#0"},
				"south": {"uv": [1, 3, 2, 4], "rotation": 180, "texture": "#0"},
				"west": {"uv": [1, 3, 2, 4], "rotation": 180, "texture": "#0"},
				"up": {"uv": [1, 3, 2, 4], "rotation": 180, "texture": "#0"},
				"down": {"uv": [1, 3, 2, 4], "rotation": 180, "texture": "#0"}
			}
		},
		{
			"from": [7.82669, 12.25812, 7.45553],
			"to": [7.99776, 12.51379, 8.3223],
			"rotation": {"angle": 45, "axis": "y", "origin": [7.91223, 12.26382, 7.88891]},
			"faces": {
				"north": {"uv": [1, 3, 2, 4], "rotation": 270, "texture": "#0"},
				"east": {"uv": [1, 3, 2, 4], "rotation": 270, "texture": "#0"},
				"south": {"uv": [1, 3, 2, 4], "rotation": 270, "texture": "#0"},
				"west": {"uv": [1, 3, 2, 4], "rotation": 270, "texture": "#0"},
				"up": {"uv": [1, 3, 2, 4], "rotation": 270, "texture": "#0"},
				"down": {"uv": [1, 3, 2, 4], "rotation": 270, "texture": "#0"}
			}
		},
		{
			"from": [7.82669, 12.25812, 7.45553],
			"to": [7.99776, 12.51379, 8.3223],
			"rotation": {"angle": 0, "axis": "y", "origin": [7.91223, 12.26382, 7.88891]},
			"faces": {
				"north": {"uv": [1, 3, 2, 4], "rotation": 270, "texture": "#0"},
				"east": {"uv": [1, 3, 2, 4], "rotation": 270, "texture": "#0"},
				"south": {"uv": [1, 3, 2, 4], "rotation": 270, "texture": "#0"},
				"west": {"uv": [1, 3, 2, 4], "rotation": 270, "texture": "#0"},
				"up": {"uv": [1, 3, 2, 4], "rotation": 270, "texture": "#0"},
				"down": {"uv": [1, 3, 2, 4], "rotation": 270, "texture": "#0"}
			}
		},
		{
			"from": [7.82669, 12.25812, 7.45553],
			"to": [7.99776, 12.51379, 8.3223],
			"rotation": {"angle": 22.5, "axis": "y", "origin": [7.91223, 12.26382, 7.88891]},
			"faces": {
				"north": {"uv": [1, 3, 2, 4], "rotation": 270, "texture": "#0"},
				"east": {"uv": [1, 3, 2, 4], "rotation": 270, "texture": "#0"},
				"south": {"uv": [1, 3, 2, 4], "rotation": 270, "texture": "#0"},
				"west": {"uv": [1, 3, 2, 4], "rotation": 270, "texture": "#0"},
				"up": {"uv": [1, 3, 2, 4], "rotation": 270, "texture": "#0"},
				"down": {"uv": [1, 3, 2, 4], "rotation": 270, "texture": "#0"}
			}
		},
		{
			"from": [7.47885, 12.76605, 7.80338],
			"to": [8.34561, 13.02173, 7.97445],
			"rotation": {"angle": 0, "axis": "y", "origin": [8.19735, 13.48456, 8.52188]},
			"faces": {
				"north": {"uv": [1, 3, 2, 4], "texture": "#0"},
				"east": {"uv": [1, 3, 2, 4], "texture": "#0"},
				"south": {"uv": [1, 3, 2, 4], "texture": "#0"},
				"west": {"uv": [1, 3, 2, 4], "texture": "#0"},
				"up": {"uv": [1, 3, 2, 4], "texture": "#0"},
				"down": {"uv": [1, 3, 2, 4], "texture": "#0"}
			}
		},
		{
			"from": [7.47885, 12.76605, 7.80338],
			"to": [8.34561, 13.02173, 7.97445],
			"rotation": {"angle": 22.5, "axis": "y", "origin": [7.91223, 12.77176, 7.88891]},
			"faces": {
				"north": {"uv": [1, 3, 2, 4], "texture": "#0"},
				"east": {"uv": [1, 3, 2, 4], "texture": "#0"},
				"south": {"uv": [1, 3, 2, 4], "texture": "#0"},
				"west": {"uv": [1, 3, 2, 4], "texture": "#0"},
				"up": {"uv": [1, 3, 2, 4], "texture": "#0"},
				"down": {"uv": [1, 3, 2, 4], "texture": "#0"}
			}
		},
		{
			"from": [7.82669, 12.76605, 7.45553],
			"to": [7.99776, 13.02173, 8.3223],
			"rotation": {"angle": -22.5, "axis": "y", "origin": [7.91223, 12.77176, 7.88891]},
			"faces": {
				"north": {"uv": [1, 3, 2, 4], "rotation": 270, "texture": "#0"},
				"east": {"uv": [1, 3, 2, 4], "rotation": 270, "texture": "#0"},
				"south": {"uv": [1, 3, 2, 4], "rotation": 270, "texture": "#0"},
				"west": {"uv": [1, 3, 2, 4], "rotation": 270, "texture": "#0"},
				"up": {"uv": [1, 3, 2, 4], "rotation": 270, "texture": "#0"},
				"down": {"uv": [1, 3, 2, 4], "rotation": 270, "texture": "#0"}
			}
		},
		{
			"from": [7.47885, 12.76605, 7.80338],
			"to": [8.34561, 13.02173, 7.97445],
			"rotation": {"angle": 45, "axis": "y", "origin": [7.91223, 12.77176, 7.88891]},
			"faces": {
				"north": {"uv": [1, 3, 2, 4], "texture": "#0"},
				"east": {"uv": [1, 3, 2, 4], "texture": "#0"},
				"south": {"uv": [1, 3, 2, 4], "texture": "#0"},
				"west": {"uv": [1, 3, 2, 4], "texture": "#0"},
				"up": {"uv": [1, 3, 2, 4], "texture": "#0"},
				"down": {"uv": [1, 3, 2, 4], "texture": "#0"}
			}
		},
		{
			"from": [7.47885, 12.76605, 7.80338],
			"to": [8.34561, 13.02173, 7.97445],
			"rotation": {"angle": -22.5, "axis": "y", "origin": [7.91223, 12.77176, 7.88891]},
			"faces": {
				"north": {"uv": [1, 3, 2, 4], "rotation": 180, "texture": "#0"},
				"east": {"uv": [1, 3, 2, 4], "rotation": 180, "texture": "#0"},
				"south": {"uv": [1, 3, 2, 4], "rotation": 180, "texture": "#0"},
				"west": {"uv": [1, 3, 2, 4], "rotation": 180, "texture": "#0"},
				"up": {"uv": [1, 3, 2, 4], "rotation": 180, "texture": "#0"},
				"down": {"uv": [1, 3, 2, 4], "rotation": 180, "texture": "#0"}
			}
		},
		{
			"from": [7.82669, 12.76605, 7.45553],
			"to": [7.99776, 13.02173, 8.3223],
			"rotation": {"angle": 45, "axis": "y", "origin": [7.91223, 12.77176, 7.88891]},
			"faces": {
				"north": {"uv": [1, 3, 2, 4], "rotation": 270, "texture": "#0"},
				"east": {"uv": [1, 3, 2, 4], "rotation": 270, "texture": "#0"},
				"south": {"uv": [1, 3, 2, 4], "rotation": 270, "texture": "#0"},
				"west": {"uv": [1, 3, 2, 4], "rotation": 270, "texture": "#0"},
				"up": {"uv": [1, 3, 2, 4], "rotation": 270, "texture": "#0"},
				"down": {"uv": [1, 3, 2, 4], "rotation": 270, "texture": "#0"}
			}
		},
		{
			"from": [7.82669, 12.76605, 7.45553],
			"to": [7.99776, 13.02173, 8.3223],
			"rotation": {"angle": 0, "axis": "y", "origin": [7.91223, 12.77176, 7.88891]},
			"faces": {
				"north": {"uv": [1, 3, 2, 4], "rotation": 270, "texture": "#0"},
				"east": {"uv": [1, 3, 2, 4], "rotation": 270, "texture": "#0"},
				"south": {"uv": [1, 3, 2, 4], "rotation": 270, "texture": "#0"},
				"west": {"uv": [1, 3, 2, 4], "rotation": 270, "texture": "#0"},
				"up": {"uv": [1, 3, 2, 4], "rotation": 270, "texture": "#0"},
				"down": {"uv": [1, 3, 2, 4], "rotation": 270, "texture": "#0"}
			}
		},
		{
			"from": [7.82669, 11.31765, 6.99917],
			"to": [7.99776, 13.20029, 7.25485],
			"rotation": {"angle": -22.5, "axis": "x", "origin": [7.91223, 12.76691, 7.12701]},
			"faces": {
				"north": {"uv": [1, 3, 2, 4], "rotation": 90, "texture": "#0"},
				"east": {"uv": [1, 3, 2, 4], "rotation": 180, "texture": "#0"},
				"south": {"uv": [1, 3, 2, 4], "rotation": 270, "texture": "#0"},
				"west": {"uv": [1, 3, 2, 4], "texture": "#0"},
				"up": {"uv": [1, 3, 2, 4], "rotation": 90, "texture": "#0"},
				"down": {"uv": [1, 3, 2, 4], "rotation": 270, "texture": "#0"}
			}
		},
		{
			"from": [7.88919, 11.43463, 6.99917],
			"to": [7.93526, 12.3014, 7.25485],
			"rotation": {"angle": 22.5, "axis": "x", "origin": [7.91223, 11.86801, 7.12701]},
			"faces": {
				"north": {"uv": [2, 3, 1, 4], "rotation": 90, "texture": "#0"},
				"east": {"uv": [1, 4, 2, 3], "rotation": 180, "texture": "#0"},
				"south": {"uv": [2, 3, 1, 4], "rotation": 270, "texture": "#0"},
				"west": {"uv": [1, 4, 2, 3], "texture": "#0"},
				"up": {"uv": [2, 3, 1, 4], "rotation": 270, "texture": "#0"},
				"down": {"uv": [2, 3, 1, 4], "rotation": 90, "texture": "#0"}
			}
		},
		{
			"from": [8.31232, 11.57499, 7.80728],
			"to": [8.568, 13.45763, 7.97835],
			"rotation": {"angle": -22.5, "axis": "z", "origin": [7.91223, 12.29764, 7.89282]},
			"faces": {
				"north": {"uv": [1, 3, 2, 4], "texture": "#0"},
				"east": {"uv": [1, 3, 2, 4], "rotation": 90, "texture": "#0"},
				"south": {"uv": [1, 3, 2, 4], "rotation": 180, "texture": "#0"},
				"west": {"uv": [1, 3, 2, 4], "rotation": 270, "texture": "#0"},
				"up": {"uv": [1, 3, 2, 4], "rotation": 180, "texture": "#0"},
				"down": {"uv": [1, 3, 2, 4], "rotation": 180, "texture": "#0"}
			}
		},
		{
			"from": [8.31232, 11.17729, 7.86978],
			"to": [8.568, 12.04405, 7.91585],
			"rotation": {"angle": 22.5, "axis": "z", "origin": [7.91223, 12.33728, 7.89282]},
			"faces": {
				"north": {"uv": [1, 4, 2, 3], "texture": "#0"},
				"east": {"uv": [2, 3, 1, 4], "rotation": 90, "texture": "#0"},
				"south": {"uv": [1, 4, 2, 3], "rotation": 180, "texture": "#0"},
				"west": {"uv": [2, 3, 1, 4], "rotation": 270, "texture": "#0"},
				"up": {"uv": [1, 4, 2, 3], "rotation": 180, "texture": "#0"},
				"down": {"uv": [1, 4, 2, 3], "rotation": 180, "texture": "#0"}
			}
		},
		{
			"from": [7.82669, 11.35632, 8.33641],
			"to": [7.99776, 13.23895, 8.59208],
			"rotation": {"angle": 22.5, "axis": "x", "origin": [7.91223, 12.29764, 8.46425]},
			"faces": {
				"north": {"uv": [1, 3, 2, 4], "rotation": 90, "texture": "#0"},
				"east": {"uv": [1, 3, 2, 4], "rotation": 180, "texture": "#0"},
				"south": {"uv": [1, 3, 2, 4], "rotation": 270, "texture": "#0"},
				"west": {"uv": [1, 3, 2, 4], "texture": "#0"},
				"up": {"uv": [1, 3, 2, 4], "rotation": 90, "texture": "#0"},
				"down": {"uv": [1, 3, 2, 4], "rotation": 270, "texture": "#0"}
			}
		},
		{
			"from": [7.88919, 11.39597, 8.33641],
			"to": [7.93526, 12.26273, 8.59208],
			"rotation": {"angle": -22.5, "axis": "x", "origin": [7.91223, 12.33728, 8.46425]},
			"faces": {
				"north": {"uv": [2, 3, 1, 4], "rotation": 90, "texture": "#0"},
				"east": {"uv": [1, 4, 2, 3], "rotation": 180, "texture": "#0"},
				"south": {"uv": [2, 3, 1, 4], "rotation": 270, "texture": "#0"},
				"west": {"uv": [1, 4, 2, 3], "texture": "#0"},
				"up": {"uv": [2, 3, 1, 4], "rotation": 270, "texture": "#0"},
				"down": {"uv": [2, 3, 1, 4], "rotation": 90, "texture": "#0"}
			}
		},
		{
			"from": [7.25646, 11.57499, 7.80728],
			"to": [7.51214, 13.45763, 7.97835],
			"rotation": {"angle": 22.5, "axis": "z", "origin": [7.91223, 12.29764, 7.89282]},
			"faces": {
				"north": {"uv": [1, 3, 2, 4], "texture": "#0"},
				"east": {"uv": [1, 3, 2, 4], "rotation": 90, "texture": "#0"},
				"south": {"uv": [1, 3, 2, 4], "rotation": 180, "texture": "#0"},
				"west": {"uv": [1, 3, 2, 4], "rotation": 270, "texture": "#0"},
				"up": {"uv": [1, 3, 2, 4], "rotation": 180, "texture": "#0"},
				"down": {"uv": [1, 3, 2, 4], "rotation": 180, "texture": "#0"}
			}
		},
		{
			"from": [7.25646, 11.17729, 7.86978],
			"to": [7.51214, 12.04405, 7.91585],
			"rotation": {"angle": -22.5, "axis": "z", "origin": [7.91223, 12.33728, 7.89282]},
			"faces": {
				"north": {"uv": [1, 4, 2, 3], "texture": "#0"},
				"east": {"uv": [2, 3, 1, 4], "rotation": 90, "texture": "#0"},
				"south": {"uv": [1, 4, 2, 3], "rotation": 180, "texture": "#0"},
				"west": {"uv": [2, 3, 1, 4], "rotation": 270, "texture": "#0"},
				"up": {"uv": [1, 4, 2, 3], "rotation": 180, "texture": "#0"},
				"down": {"uv": [1, 4, 2, 3], "rotation": 180, "texture": "#0"}
			}
		},
		{
			"from": [7.82669, 12.76605, 7.45553],
			"to": [7.99776, 13.02173, 8.3223],
			"rotation": {"angle": 22.5, "axis": "y", "origin": [7.91223, 12.77176, 7.88891]},
			"faces": {
				"north": {"uv": [1, 3, 2, 4], "rotation": 270, "texture": "#0"},
				"east": {"uv": [1, 3, 2, 4], "rotation": 270, "texture": "#0"},
				"south": {"uv": [1, 3, 2, 4], "rotation": 270, "texture": "#0"},
				"west": {"uv": [1, 3, 2, 4], "rotation": 270, "texture": "#0"},
				"up": {"uv": [1, 3, 2, 4], "rotation": 270, "texture": "#0"},
				"down": {"uv": [1, 3, 2, 4], "rotation": 270, "texture": "#0"}
			}
		},
		{
			"from": [6.88078, 13.09757, 7.68534],
			"to": [8.94368, 13.32513, 8.09249],
			"rotation": {"angle": 0, "axis": "y", "origin": [8.59081, 14.55364, 9.39537]},
			"faces": {
				"north": {"uv": [4, 4, 5, 5], "texture": "#1"},
				"east": {"uv": [4, 4, 5, 5], "texture": "#1"},
				"south": {"uv": [4, 4, 5, 5], "texture": "#1"},
				"west": {"uv": [4, 4, 5, 5], "texture": "#1"},
				"up": {"uv": [4, 4, 5, 5], "texture": "#1"},
				"down": {"uv": [4, 4, 5, 5], "texture": "#1"}
			}
		},
		{
			"from": [6.88078, 13.09757, 7.68534],
			"to": [8.94368, 13.32513, 8.09249],
			"rotation": {"angle": 22.5, "axis": "y", "origin": [7.91223, 12.85718, 7.88891]},
			"faces": {
				"north": {"uv": [4, 4, 5, 5], "texture": "#1"},
				"east": {"uv": [4, 4, 5, 5], "texture": "#1"},
				"south": {"uv": [4, 4, 5, 5], "texture": "#1"},
				"west": {"uv": [4, 4, 5, 5], "texture": "#1"},
				"up": {"uv": [4, 4, 5, 5], "texture": "#1"},
				"down": {"uv": [4, 4, 5, 5], "texture": "#1"}
			}
		},
		{
			"from": [7.70865, 13.09757, 6.85746],
			"to": [8.1158, 13.32513, 8.92036],
			"rotation": {"angle": -22.5, "axis": "y", "origin": [7.91223, 12.85718, 7.88891]},
			"faces": {
				"north": {"uv": [4, 4, 5, 5], "rotation": 270, "texture": "#1"},
				"east": {"uv": [4, 4, 5, 5], "rotation": 270, "texture": "#1"},
				"south": {"uv": [4, 4, 5, 5], "rotation": 270, "texture": "#1"},
				"west": {"uv": [4, 4, 5, 5], "rotation": 270, "texture": "#1"},
				"up": {"uv": [4, 4, 5, 5], "rotation": 270, "texture": "#1"},
				"down": {"uv": [4, 4, 5, 5], "rotation": 270, "texture": "#1"}
			}
		},
		{
			"from": [6.88078, 13.09757, 7.68534],
			"to": [8.94368, 13.32513, 8.09249],
			"rotation": {"angle": 45, "axis": "y", "origin": [7.91223, 12.85718, 7.88891]},
			"faces": {
				"north": {"uv": [4, 4, 5, 5], "texture": "#1"},
				"east": {"uv": [4, 4, 5, 5], "texture": "#1"},
				"south": {"uv": [4, 4, 5, 5], "texture": "#1"},
				"west": {"uv": [4, 4, 5, 5], "texture": "#1"},
				"up": {"uv": [4, 4, 5, 5], "texture": "#1"},
				"down": {"uv": [4, 4, 5, 5], "texture": "#1"}
			}
		},
		{
			"from": [6.88078, 13.09757, 7.68534],
			"to": [8.94368, 13.32513, 8.09249],
			"rotation": {"angle": -22.5, "axis": "y", "origin": [7.91223, 12.85718, 7.88891]},
			"faces": {
				"north": {"uv": [4, 4, 5, 5], "rotation": 180, "texture": "#1"},
				"east": {"uv": [4, 4, 5, 5], "rotation": 180, "texture": "#1"},
				"south": {"uv": [4, 4, 5, 5], "rotation": 180, "texture": "#1"},
				"west": {"uv": [4, 4, 5, 5], "rotation": 180, "texture": "#1"},
				"up": {"uv": [4, 4, 5, 5], "rotation": 180, "texture": "#1"},
				"down": {"uv": [4, 4, 5, 5], "rotation": 180, "texture": "#1"}
			}
		},
		{
			"from": [7.70865, 13.09757, 6.85746],
			"to": [8.1158, 13.32513, 8.92036],
			"rotation": {"angle": 45, "axis": "y", "origin": [7.91223, 12.85718, 7.88891]},
			"faces": {
				"north": {"uv": [4, 4, 5, 5], "rotation": 270, "texture": "#1"},
				"east": {"uv": [4, 4, 5, 5], "rotation": 270, "texture": "#1"},
				"south": {"uv": [4, 4, 5, 5], "rotation": 270, "texture": "#1"},
				"west": {"uv": [4, 4, 5, 5], "rotation": 270, "texture": "#1"},
				"up": {"uv": [4, 4, 5, 5], "rotation": 270, "texture": "#1"},
				"down": {"uv": [4, 4, 5, 5], "rotation": 270, "texture": "#1"}
			}
		},
		{
			"from": [7.70865, 13.09757, 6.85746],
			"to": [8.1158, 13.32513, 8.92036],
			"rotation": {"angle": 0, "axis": "y", "origin": [7.91223, 12.85718, 7.88891]},
			"faces": {
				"north": {"uv": [4, 4, 5, 5], "rotation": 270, "texture": "#1"},
				"east": {"uv": [4, 4, 5, 5], "rotation": 270, "texture": "#1"},
				"south": {"uv": [4, 4, 5, 5], "rotation": 270, "texture": "#1"},
				"west": {"uv": [4, 4, 5, 5], "rotation": 270, "texture": "#1"},
				"up": {"uv": [4, 4, 5, 5], "rotation": 270, "texture": "#1"},
				"down": {"uv": [4, 4, 5, 5], "rotation": 270, "texture": "#1"}
			}
		},
		{
			"from": [7.70865, 13.09757, 6.85746],
			"to": [8.1158, 13.32513, 8.92036],
			"rotation": {"angle": 22.5, "axis": "y", "origin": [7.91223, 12.85718, 7.88891]},
			"faces": {
				"north": {"uv": [4, 4, 5, 5], "rotation": 270, "texture": "#1"},
				"east": {"uv": [4, 4, 5, 5], "rotation": 270, "texture": "#1"},
				"south": {"uv": [4, 4, 5, 5], "rotation": 270, "texture": "#1"},
				"west": {"uv": [4, 4, 5, 5], "rotation": 270, "texture": "#1"},
				"up": {"uv": [4, 4, 5, 5], "rotation": 270, "texture": "#1"},
				"down": {"uv": [4, 4, 5, 5], "rotation": 270, "texture": "#1"}
			}
		},
		{
			"from": [6.83952, 13.24036, 7.6772],
			"to": [8.98494, 13.35202, 8.10063],
			"rotation": {"angle": 0, "axis": "y", "origin": [8.61796, 14.75467, 9.45563]},
			"faces": {
				"north": {"uv": [1, 3, 2, 4], "texture": "#0"},
				"east": {"uv": [1, 3, 2, 4], "texture": "#0"},
				"south": {"uv": [1, 3, 2, 4], "texture": "#0"},
				"west": {"uv": [1, 3, 2, 4], "texture": "#0"},
				"up": {"uv": [1, 3, 2, 4], "texture": "#0"},
				"down": {"uv": [1, 3, 2, 4], "texture": "#0"}
			}
		},
		{
			"from": [6.83952, 13.24036, 7.6772],
			"to": [8.98494, 13.35202, 8.10063],
			"rotation": {"angle": 22.5, "axis": "y", "origin": [7.91223, 12.99035, 7.88891]},
			"faces": {
				"north": {"uv": [1, 3, 2, 4], "texture": "#0"},
				"east": {"uv": [1, 3, 2, 4], "texture": "#0"},
				"south": {"uv": [1, 3, 2, 4], "texture": "#0"},
				"west": {"uv": [1, 3, 2, 4], "texture": "#0"},
				"up": {"uv": [1, 3, 2, 4], "texture": "#0"},
				"down": {"uv": [1, 3, 2, 4], "texture": "#0"}
			}
		},
		{
			"from": [7.70051, 13.24036, 6.81621],
			"to": [8.12395, 13.35202, 8.96162],
			"rotation": {"angle": -22.5, "axis": "y", "origin": [7.91223, 12.99035, 7.88891]},
			"faces": {
				"north": {"uv": [1, 3, 2, 4], "rotation": 270, "texture": "#0"},
				"east": {"uv": [1, 3, 2, 4], "rotation": 270, "texture": "#0"},
				"south": {"uv": [1, 3, 2, 4], "rotation": 270, "texture": "#0"},
				"west": {"uv": [1, 3, 2, 4], "rotation": 270, "texture": "#0"},
				"up": {"uv": [1, 3, 2, 4], "rotation": 270, "texture": "#0"},
				"down": {"uv": [1, 3, 2, 4], "rotation": 270, "texture": "#0"}
			}
		},
		{
			"from": [6.83952, 13.24036, 7.6772],
			"to": [8.98494, 13.35202, 8.10063],
			"rotation": {"angle": 45, "axis": "y", "origin": [7.91223, 12.99035, 7.88891]},
			"faces": {
				"north": {"uv": [1, 3, 2, 4], "texture": "#0"},
				"east": {"uv": [1, 3, 2, 4], "texture": "#0"},
				"south": {"uv": [1, 3, 2, 4], "texture": "#0"},
				"west": {"uv": [1, 3, 2, 4], "texture": "#0"},
				"up": {"uv": [1, 3, 2, 4], "texture": "#0"},
				"down": {"uv": [1, 3, 2, 4], "texture": "#0"}
			}
		},
		{
			"from": [6.83952, 13.24036, 7.6772],
			"to": [8.98494, 13.35202, 8.10063],
			"rotation": {"angle": -22.5, "axis": "y", "origin": [7.91223, 12.99035, 7.88891]},
			"faces": {
				"north": {"uv": [1, 3, 2, 4], "rotation": 180, "texture": "#0"},
				"east": {"uv": [1, 3, 2, 4], "rotation": 180, "texture": "#0"},
				"south": {"uv": [1, 3, 2, 4], "rotation": 180, "texture": "#0"},
				"west": {"uv": [1, 3, 2, 4], "rotation": 180, "texture": "#0"},
				"up": {"uv": [1, 3, 2, 4], "rotation": 180, "texture": "#0"},
				"down": {"uv": [1, 3, 2, 4], "rotation": 180, "texture": "#0"}
			}
		},
		{
			"from": [7.70051, 13.24036, 6.81621],
			"to": [8.12395, 13.35202, 8.96162],
			"rotation": {"angle": 45, "axis": "y", "origin": [7.91223, 12.99035, 7.88891]},
			"faces": {
				"north": {"uv": [1, 3, 2, 4], "rotation": 270, "texture": "#0"},
				"east": {"uv": [1, 3, 2, 4], "rotation": 270, "texture": "#0"},
				"south": {"uv": [1, 3, 2, 4], "rotation": 270, "texture": "#0"},
				"west": {"uv": [1, 3, 2, 4], "rotation": 270, "texture": "#0"},
				"up": {"uv": [1, 3, 2, 4], "rotation": 270, "texture": "#0"},
				"down": {"uv": [1, 3, 2, 4], "rotation": 270, "texture": "#0"}
			}
		},
		{
			"from": [7.70051, 13.24036, 6.81621],
			"to": [8.12395, 13.35202, 8.96162],
			"rotation": {"angle": 0, "axis": "y", "origin": [7.91223, 12.99035, 7.88891]},
			"faces": {
				"north": {"uv": [1, 3, 2, 4], "rotation": 270, "texture": "#0"},
				"east": {"uv": [1, 3, 2, 4], "rotation": 270, "texture": "#0"},
				"south": {"uv": [1, 3, 2, 4], "rotation": 270, "texture": "#0"},
				"west": {"uv": [1, 3, 2, 4], "rotation": 270, "texture": "#0"},
				"up": {"uv": [1, 3, 2, 4], "rotation": 270, "texture": "#0"},
				"down": {"uv": [1, 3, 2, 4], "rotation": 270, "texture": "#0"}
			}
		},
		{
			"from": [7.70051, 13.24036, 6.81621],
			"to": [8.12395, 13.35202, 8.96162],
			"rotation": {"angle": 22.5, "axis": "y", "origin": [7.91223, 12.99035, 7.88891]},
			"faces": {
				"north": {"uv": [1, 3, 2, 4], "rotation": 270, "texture": "#0"},
				"east": {"uv": [1, 3, 2, 4], "rotation": 270, "texture": "#0"},
				"south": {"uv": [1, 3, 2, 4], "rotation": 270, "texture": "#0"},
				"west": {"uv": [1, 3, 2, 4], "rotation": 270, "texture": "#0"},
				"up": {"uv": [1, 3, 2, 4], "rotation": 270, "texture": "#0"},
				"down": {"uv": [1, 3, 2, 4], "rotation": 270, "texture": "#0"}
			}
		},
		{
			"from": [6.83952, 13.05286, 7.6772],
			"to": [8.98494, 13.16452, 8.10063],
			"rotation": {"angle": 0, "axis": "y", "origin": [8.61796, 14.56717, 9.45563]},
			"faces": {
				"north": {"uv": [1, 3, 2, 4], "texture": "#0"},
				"east": {"uv": [1, 3, 2, 4], "texture": "#0"},
				"south": {"uv": [1, 3, 2, 4], "texture": "#0"},
				"west": {"uv": [1, 3, 2, 4], "texture": "#0"},
				"up": {"uv": [1, 3, 2, 4], "texture": "#0"},
				"down": {"uv": [1, 3, 2, 4], "texture": "#0"}
			}
		},
		{
			"from": [6.83952, 13.05286, 7.6772],
			"to": [8.98494, 13.16452, 8.10063],
			"rotation": {"angle": 22.5, "axis": "y", "origin": [7.91223, 12.80285, 7.88891]},
			"faces": {
				"north": {"uv": [1, 3, 2, 4], "texture": "#0"},
				"east": {"uv": [1, 3, 2, 4], "texture": "#0"},
				"south": {"uv": [1, 3, 2, 4], "texture": "#0"},
				"west": {"uv": [1, 3, 2, 4], "texture": "#0"},
				"up": {"uv": [1, 3, 2, 4], "texture": "#0"},
				"down": {"uv": [1, 3, 2, 4], "texture": "#0"}
			}
		},
		{
			"from": [7.70051, 13.05286, 6.81621],
			"to": [8.12395, 13.16452, 8.96162],
			"rotation": {"angle": -22.5, "axis": "y", "origin": [7.91223, 12.80285, 7.88891]},
			"faces": {
				"north": {"uv": [1, 3, 2, 4], "rotation": 270, "texture": "#0"},
				"east": {"uv": [1, 3, 2, 4], "rotation": 270, "texture": "#0"},
				"south": {"uv": [1, 3, 2, 4], "rotation": 270, "texture": "#0"},
				"west": {"uv": [1, 3, 2, 4], "rotation": 270, "texture": "#0"},
				"up": {"uv": [1, 3, 2, 4], "rotation": 270, "texture": "#0"},
				"down": {"uv": [1, 3, 2, 4], "rotation": 270, "texture": "#0"}
			}
		},
		{
			"from": [6.83952, 13.05286, 7.6772],
			"to": [8.98494, 13.16452, 8.10063],
			"rotation": {"angle": 45, "axis": "y", "origin": [7.91223, 12.80285, 7.88891]},
			"faces": {
				"north": {"uv": [1, 3, 2, 4], "texture": "#0"},
				"east": {"uv": [1, 3, 2, 4], "texture": "#0"},
				"south": {"uv": [1, 3, 2, 4], "texture": "#0"},
				"west": {"uv": [1, 3, 2, 4], "texture": "#0"},
				"up": {"uv": [1, 3, 2, 4], "texture": "#0"},
				"down": {"uv": [1, 3, 2, 4], "texture": "#0"}
			}
		},
		{
			"from": [6.83952, 13.05286, 7.6772],
			"to": [8.98494, 13.16452, 8.10063],
			"rotation": {"angle": -22.5, "axis": "y", "origin": [7.91223, 12.80285, 7.88891]},
			"faces": {
				"north": {"uv": [1, 3, 2, 4], "rotation": 180, "texture": "#0"},
				"east": {"uv": [1, 3, 2, 4], "rotation": 180, "texture": "#0"},
				"south": {"uv": [1, 3, 2, 4], "rotation": 180, "texture": "#0"},
				"west": {"uv": [1, 3, 2, 4], "rotation": 180, "texture": "#0"},
				"up": {"uv": [1, 3, 2, 4], "rotation": 180, "texture": "#0"},
				"down": {"uv": [1, 3, 2, 4], "rotation": 180, "texture": "#0"}
			}
		},
		{
			"from": [7.70051, 13.05286, 6.81621],
			"to": [8.12395, 13.16452, 8.96162],
			"rotation": {"angle": 45, "axis": "y", "origin": [7.91223, 12.80285, 7.88891]},
			"faces": {
				"north": {"uv": [1, 3, 2, 4], "rotation": 270, "texture": "#0"},
				"east": {"uv": [1, 3, 2, 4], "rotation": 270, "texture": "#0"},
				"south": {"uv": [1, 3, 2, 4], "rotation": 270, "texture": "#0"},
				"west": {"uv": [1, 3, 2, 4], "rotation": 270, "texture": "#0"},
				"up": {"uv": [1, 3, 2, 4], "rotation": 270, "texture": "#0"},
				"down": {"uv": [1, 3, 2, 4], "rotation": 270, "texture": "#0"}
			}
		},
		{
			"from": [7.70051, 13.05286, 6.81621],
			"to": [8.12395, 13.16452, 8.96162],
			"rotation": {"angle": 0, "axis": "y", "origin": [7.91223, 12.80285, 7.88891]},
			"faces": {
				"north": {"uv": [1, 3, 2, 4], "rotation": 270, "texture": "#0"},
				"east": {"uv": [1, 3, 2, 4], "rotation": 270, "texture": "#0"},
				"south": {"uv": [1, 3, 2, 4], "rotation": 270, "texture": "#0"},
				"west": {"uv": [1, 3, 2, 4], "rotation": 270, "texture": "#0"},
				"up": {"uv": [1, 3, 2, 4], "rotation": 270, "texture": "#0"},
				"down": {"uv": [1, 3, 2, 4], "rotation": 270, "texture": "#0"}
			}
		},
		{
			"from": [7.70051, 13.05286, 6.81621],
			"to": [8.12395, 13.16452, 8.96162],
			"rotation": {"angle": 22.5, "axis": "y", "origin": [7.91223, 12.80285, 7.88891]},
			"faces": {
				"north": {"uv": [1, 3, 2, 4], "rotation": 270, "texture": "#0"},
				"east": {"uv": [1, 3, 2, 4], "rotation": 270, "texture": "#0"},
				"south": {"uv": [1, 3, 2, 4], "rotation": 270, "texture": "#0"},
				"west": {"uv": [1, 3, 2, 4], "rotation": 270, "texture": "#0"},
				"up": {"uv": [1, 3, 2, 4], "rotation": 270, "texture": "#0"},
				"down": {"uv": [1, 3, 2, 4], "rotation": 270, "texture": "#0"}
			}
		},
		{
			"from": [7.47097, 11.47659, 7.80182],
			"to": [8.35349, 11.80387, 7.97601],
			"rotation": {"angle": 0, "axis": "y", "origin": [8.20253, 9.92244, 8.53339]},
			"faces": {
				"north": {"uv": [2, 3, 3, 4], "texture": "#0"},
				"east": {"uv": [2, 3, 3, 4], "texture": "#0"},
				"south": {"uv": [2, 3, 3, 4], "texture": "#0"},
				"west": {"uv": [2, 3, 3, 4], "texture": "#0"},
				"up": {"uv": [2, 3, 3, 4], "texture": "#0"},
				"down": {"uv": [2, 3, 3, 4], "texture": "#0"}
			}
		},
		{
			"from": [7.47097, 11.47659, 7.80182],
			"to": [8.35349, 11.80387, 7.97601],
			"rotation": {"angle": 22.5, "axis": "y", "origin": [7.91223, 9.19668, 7.88891]},
			"faces": {
				"north": {"uv": [2, 3, 3, 4], "texture": "#0"},
				"east": {"uv": [2, 3, 3, 4], "texture": "#0"},
				"south": {"uv": [2, 3, 3, 4], "texture": "#0"},
				"west": {"uv": [2, 3, 3, 4], "texture": "#0"},
				"up": {"uv": [2, 3, 3, 4], "texture": "#0"},
				"down": {"uv": [2, 3, 3, 4], "texture": "#0"}
			}
		},
		{
			"from": [7.82514, 11.47659, 7.44765],
			"to": [7.99932, 11.80387, 8.33018],
			"rotation": {"angle": -22.5, "axis": "y", "origin": [7.91223, 9.19668, 7.88891]},
			"faces": {
				"north": {"uv": [2, 3, 3, 4], "rotation": 270, "texture": "#0"},
				"east": {"uv": [2, 3, 3, 4], "rotation": 270, "texture": "#0"},
				"south": {"uv": [2, 3, 3, 4], "rotation": 270, "texture": "#0"},
				"west": {"uv": [2, 3, 3, 4], "rotation": 270, "texture": "#0"},
				"up": {"uv": [2, 3, 3, 4], "rotation": 270, "texture": "#0"},
				"down": {"uv": [2, 3, 3, 4], "rotation": 270, "texture": "#0"}
			}
		},
		{
			"from": [7.47097, 11.47659, 7.80182],
			"to": [8.35349, 11.80387, 7.97601],
			"rotation": {"angle": 45, "axis": "y", "origin": [7.91223, 9.19668, 7.88891]},
			"faces": {
				"north": {"uv": [2, 3, 3, 4], "texture": "#0"},
				"east": {"uv": [2, 3, 3, 4], "texture": "#0"},
				"south": {"uv": [2, 3, 3, 4], "texture": "#0"},
				"west": {"uv": [2, 3, 3, 4], "texture": "#0"},
				"up": {"uv": [2, 3, 3, 4], "texture": "#0"},
				"down": {"uv": [2, 3, 3, 4], "texture": "#0"}
			}
		},
		{
			"from": [7.47097, 11.47659, 7.80182],
			"to": [8.35349, 11.80387, 7.97601],
			"rotation": {"angle": -22.5, "axis": "y", "origin": [7.91223, 9.19668, 7.88891]},
			"faces": {
				"north": {"uv": [2, 3, 3, 4], "rotation": 180, "texture": "#0"},
				"east": {"uv": [2, 3, 3, 4], "rotation": 180, "texture": "#0"},
				"south": {"uv": [2, 3, 3, 4], "rotation": 180, "texture": "#0"},
				"west": {"uv": [2, 3, 3, 4], "rotation": 180, "texture": "#0"},
				"up": {"uv": [2, 3, 3, 4], "rotation": 180, "texture": "#0"},
				"down": {"uv": [2, 3, 3, 4], "rotation": 180, "texture": "#0"}
			}
		},
		{
			"from": [7.82514, 11.47659, 7.44765],
			"to": [7.99932, 11.80387, 8.33018],
			"rotation": {"angle": 45, "axis": "y", "origin": [7.91223, 9.19668, 7.88891]},
			"faces": {
				"north": {"uv": [2, 3, 3, 4], "rotation": 270, "texture": "#0"},
				"east": {"uv": [2, 3, 3, 4], "rotation": 270, "texture": "#0"},
				"south": {"uv": [2, 3, 3, 4], "rotation": 270, "texture": "#0"},
				"west": {"uv": [2, 3, 3, 4], "rotation": 270, "texture": "#0"},
				"up": {"uv": [2, 3, 3, 4], "rotation": 270, "texture": "#0"},
				"down": {"uv": [2, 3, 3, 4], "rotation": 270, "texture": "#0"}
			}
		},
		{
			"from": [7.82514, 11.47659, 7.44765],
			"to": [7.99932, 11.80387, 8.33018],
			"rotation": {"angle": 0, "axis": "y", "origin": [7.91223, 9.19668, 7.88891]},
			"faces": {
				"north": {"uv": [2, 3, 3, 4], "rotation": 270, "texture": "#0"},
				"east": {"uv": [2, 3, 3, 4], "rotation": 270, "texture": "#0"},
				"south": {"uv": [2, 3, 3, 4], "rotation": 270, "texture": "#0"},
				"west": {"uv": [2, 3, 3, 4], "rotation": 270, "texture": "#0"},
				"up": {"uv": [2, 3, 3, 4], "rotation": 270, "texture": "#0"},
				"down": {"uv": [2, 3, 3, 4], "rotation": 270, "texture": "#0"}
			}
		},
		{
			"from": [7.82514, 11.47659, 7.44765],
			"to": [7.99932, 11.80387, 8.33018],
			"rotation": {"angle": 22.5, "axis": "y", "origin": [7.91223, 9.19668, 7.88891]},
			"faces": {
				"north": {"uv": [2, 3, 3, 4], "rotation": 270, "texture": "#0"},
				"east": {"uv": [2, 3, 3, 4], "rotation": 270, "texture": "#0"},
				"south": {"uv": [2, 3, 3, 4], "rotation": 270, "texture": "#0"},
				"west": {"uv": [2, 3, 3, 4], "rotation": 270, "texture": "#0"},
				"up": {"uv": [2, 3, 3, 4], "rotation": 270, "texture": "#0"},
				"down": {"uv": [2, 3, 3, 4], "rotation": 270, "texture": "#0"}
			}
		},
		{
			"from": [7.65583, 9.66423, 7.83831],
			"to": [8.16863, 10.81216, 7.93952],
			"rotation": {"angle": 0, "axis": "y", "origin": [8.08091, 5.7871, 8.2634]},
			"faces": {
				"north": {"uv": [1, 3, 2, 4], "texture": "#0"},
				"east": {"uv": [1, 3, 2, 4], "texture": "#0"},
				"south": {"uv": [1, 3, 2, 4], "texture": "#0"},
				"west": {"uv": [1, 3, 2, 4], "texture": "#0"},
				"up": {"uv": [1, 3, 2, 4], "texture": "#0"},
				"down": {"uv": [1, 3, 2, 4], "texture": "#0"}
			}
		},
		{
			"from": [7.65583, 9.66423, 7.83831],
			"to": [8.16863, 10.81216, 7.93952],
			"rotation": {"angle": 22.5, "axis": "y", "origin": [7.91223, 5.36538, 7.88891]},
			"faces": {
				"north": {"uv": [1, 3, 2, 4], "texture": "#0"},
				"east": {"uv": [1, 3, 2, 4], "texture": "#0"},
				"south": {"uv": [1, 3, 2, 4], "texture": "#0"},
				"west": {"uv": [1, 3, 2, 4], "texture": "#0"},
				"up": {"uv": [1, 3, 2, 4], "texture": "#0"},
				"down": {"uv": [1, 3, 2, 4], "texture": "#0"}
			}
		},
		{
			"from": [7.86162, 9.66423, 7.63251],
			"to": [7.96283, 10.81216, 8.14532],
			"rotation": {"angle": -22.5, "axis": "y", "origin": [7.91223, 5.36538, 7.88891]},
			"faces": {
				"north": {"uv": [1, 3, 2, 4], "rotation": 270, "texture": "#0"},
				"east": {"uv": [1, 3, 2, 4], "rotation": 270, "texture": "#0"},
				"south": {"uv": [1, 3, 2, 4], "rotation": 270, "texture": "#0"},
				"west": {"uv": [1, 3, 2, 4], "rotation": 270, "texture": "#0"},
				"up": {"uv": [1, 3, 2, 4], "rotation": 270, "texture": "#0"},
				"down": {"uv": [1, 3, 2, 4], "rotation": 270, "texture": "#0"}
			}
		},
		{
			"from": [7.65583, 9.66423, 7.83831],
			"to": [8.16863, 10.81216, 7.93952],
			"rotation": {"angle": 45, "axis": "y", "origin": [7.91223, 5.36538, 7.88891]},
			"faces": {
				"north": {"uv": [1, 3, 2, 4], "texture": "#0"},
				"east": {"uv": [1, 3, 2, 4], "texture": "#0"},
				"south": {"uv": [1, 3, 2, 4], "texture": "#0"},
				"west": {"uv": [1, 3, 2, 4], "texture": "#0"},
				"up": {"uv": [1, 3, 2, 4], "texture": "#0"},
				"down": {"uv": [1, 3, 2, 4], "texture": "#0"}
			}
		},
		{
			"from": [7.65583, 9.66423, 7.83831],
			"to": [8.16863, 10.81216, 7.93952],
			"rotation": {"angle": -22.5, "axis": "y", "origin": [7.91223, 5.36538, 7.88891]},
			"faces": {
				"north": {"uv": [1, 3, 2, 4], "rotation": 180, "texture": "#0"},
				"east": {"uv": [1, 3, 2, 4], "rotation": 180, "texture": "#0"},
				"south": {"uv": [1, 3, 2, 4], "rotation": 180, "texture": "#0"},
				"west": {"uv": [1, 3, 2, 4], "rotation": 180, "texture": "#0"},
				"up": {"uv": [1, 3, 2, 4], "rotation": 180, "texture": "#0"},
				"down": {"uv": [1, 3, 2, 4], "rotation": 180, "texture": "#0"}
			}
		},
		{
			"from": [7.86162, 9.66423, 7.63251],
			"to": [7.96283, 10.81216, 8.14532],
			"rotation": {"angle": 45, "axis": "y", "origin": [7.91223, 5.36538, 7.88891]},
			"faces": {
				"north": {"uv": [1, 3, 2, 4], "rotation": 270, "texture": "#0"},
				"east": {"uv": [1, 3, 2, 4], "rotation": 270, "texture": "#0"},
				"south": {"uv": [1, 3, 2, 4], "rotation": 270, "texture": "#0"},
				"west": {"uv": [1, 3, 2, 4], "rotation": 270, "texture": "#0"},
				"up": {"uv": [1, 3, 2, 4], "rotation": 270, "texture": "#0"},
				"down": {"uv": [1, 3, 2, 4], "rotation": 270, "texture": "#0"}
			}
		},
		{
			"from": [7.86162, 9.66423, 7.63251],
			"to": [7.96283, 10.81216, 8.14532],
			"rotation": {"angle": 0, "axis": "y", "origin": [7.91223, 5.36538, 7.88891]},
			"faces": {
				"north": {"uv": [1, 3, 2, 4], "rotation": 270, "texture": "#0"},
				"east": {"uv": [1, 3, 2, 4], "rotation": 270, "texture": "#0"},
				"south": {"uv": [1, 3, 2, 4], "rotation": 270, "texture": "#0"},
				"west": {"uv": [1, 3, 2, 4], "rotation": 270, "texture": "#0"},
				"up": {"uv": [1, 3, 2, 4], "rotation": 270, "texture": "#0"},
				"down": {"uv": [1, 3, 2, 4], "rotation": 270, "texture": "#0"}
			}
		},
		{
			"from": [7.86162, 9.66423, 7.63251],
			"to": [7.96283, 10.81216, 8.14532],
			"rotation": {"angle": 22.5, "axis": "y", "origin": [7.91223, 5.36538, 7.88891]},
			"faces": {
				"north": {"uv": [1, 3, 2, 4], "rotation": 270, "texture": "#0"},
				"east": {"uv": [1, 3, 2, 4], "rotation": 270, "texture": "#0"},
				"south": {"uv": [1, 3, 2, 4], "rotation": 270, "texture": "#0"},
				"west": {"uv": [1, 3, 2, 4], "rotation": 270, "texture": "#0"},
				"up": {"uv": [1, 3, 2, 4], "rotation": 270, "texture": "#0"},
				"down": {"uv": [1, 3, 2, 4], "rotation": 270, "texture": "#0"}
			}
		},
		{
			"from": [7.3452, 13.37443, 7.72884],
			"to": [8.50735, 15.08109, 8.08453],
			"rotation": {"angle": 0, "axis": "y", "origin": [7.92627, 13.32753, 7.90669]},
			"faces": {
				"north": {"uv": [0, 2, 5, 11], "rotation": 180, "texture": "#3"},
				"east": {"uv": [0, 2, 5, 11], "rotation": 180, "texture": "#3"},
				"south": {"uv": [0, 2, 5, 11], "rotation": 180, "texture": "#3"},
				"west": {"uv": [0, 2, 5, 11], "rotation": 180, "texture": "#3"},
				"up": {"uv": [0, 2, 5, 11], "rotation": 180, "texture": "#3"},
				"down": {"uv": [0, 2, 5, 11], "rotation": 180, "texture": "#3"}
			}
		},
		{
			"from": [7.46141, 13.72125, 7.76441],
			"to": [8.39113, 15.21459, 8.04896],
			"rotation": {"angle": 0, "axis": "y", "origin": [7.92627, 13.68374, 7.90669]},
			"faces": {
				"north": {"uv": [0, 2, 5, 11], "rotation": 180, "texture": "#3"},
				"east": {"uv": [0, 2, 5, 11], "rotation": 180, "texture": "#3"},
				"south": {"uv": [0, 2, 5, 11], "rotation": 180, "texture": "#3"},
				"west": {"uv": [0, 2, 5, 11], "rotation": 180, "texture": "#3"},
				"up": {"uv": [0, 2, 5, 11], "rotation": 180, "texture": "#3"},
				"down": {"uv": [0, 2, 5, 11], "rotation": 180, "texture": "#3"}
			}
		},
		{
			"from": [7.42843, 13.37443, 7.43228],
			"to": [8.42412, 15.08109, 8.3811],
			"rotation": {"angle": 0, "axis": "y", "origin": [7.92627, 13.90776, 7.90669]},
			"faces": {
				"north": {"uv": [0, 2, 5, 11], "rotation": 180, "texture": "#3"},
				"east": {"uv": [0, 2, 5, 11], "rotation": 180, "texture": "#3"},
				"south": {"uv": [0, 2, 5, 11], "rotation": 180, "texture": "#3"},
				"west": {"uv": [0, 2, 5, 11], "rotation": 180, "texture": "#3"},
				"up": {"uv": [0, 2, 5, 11], "rotation": 90, "texture": "#3"},
				"down": {"uv": [0, 2, 5, 11], "rotation": 270, "texture": "#3"}
			}
		},
		{
			"from": [7.528, 13.72125, 7.52716],
			"to": [8.32455, 15.21459, 8.28621],
			"rotation": {"angle": 0, "axis": "y", "origin": [7.92627, 14.14792, 7.90669]},
			"faces": {
				"north": {"uv": [0, 2, 5, 11], "rotation": 180, "texture": "#3"},
				"east": {"uv": [0, 2, 5, 11], "rotation": 180, "texture": "#3"},
				"south": {"uv": [0, 2, 5, 11], "rotation": 180, "texture": "#3"},
				"west": {"uv": [0, 2, 5, 11], "rotation": 180, "texture": "#3"},
				"up": {"uv": [0, 2, 5, 11], "rotation": 90, "texture": "#3"},
				"down": {"uv": [0, 2, 5, 11], "rotation": 270, "texture": "#3"}
			}
		},
		{
			"from": [7.42843, 15.08755, 7.43228],
			"to": [8.42412, 15.08755, 8.3811],
			"rotation": {"angle": 0, "axis": "y", "origin": [7.92627, 13.90776, 7.90669]},
			"faces": {
				"north": {"uv": [0, 2, 9, 11], "rotation": 180, "texture": "#3"},
				"east": {"uv": [0, 2, 9, 11], "rotation": 180, "texture": "#3"},
				"south": {"uv": [0, 2, 9, 11], "rotation": 180, "texture": "#3"},
				"west": {"uv": [0, 2, 9, 11], "rotation": 180, "texture": "#3"},
				"up": {"uv": [0, 2, 9, 11], "rotation": 180, "texture": "#3"},
				"down": {"uv": [0, 2, 9, 11], "rotation": 180, "texture": "#3"}
			}
		},
		{
			"from": [7.528, 15.21976, 7.52716],
			"to": [8.32455, 15.21976, 8.28621],
			"rotation": {"angle": 0, "axis": "y", "origin": [7.92627, 14.14792, 7.90669]},
			"faces": {
				"north": {"uv": [0, 2, 9, 11], "rotation": 180, "texture": "#3"},
				"east": {"uv": [0, 2, 9, 11], "rotation": 180, "texture": "#3"},
				"south": {"uv": [0, 2, 9, 11], "rotation": 180, "texture": "#3"},
				"west": {"uv": [0, 2, 9, 11], "rotation": 180, "texture": "#3"},
				"up": {"uv": [0, 2, 9, 11], "rotation": 180, "texture": "#3"},
				"down": {"uv": [0, 2, 9, 11], "rotation": 180, "texture": "#3"}
			}
		},
		{
			"from": [7.74843, 13.37443, 7.32561],
			"to": [8.10412, 15.08109, 8.48776],
			"rotation": {"angle": 0, "axis": "y", "origin": [7.92627, 13.90776, 7.90669]},
			"faces": {
				"north": {"uv": [0, 2, 5, 11], "rotation": 180, "texture": "#3"},
				"east": {"uv": [0, 2, 5, 11], "rotation": 180, "texture": "#3"},
				"south": {"uv": [0, 2, 5, 11], "rotation": 180, "texture": "#3"},
				"west": {"uv": [0, 2, 5, 11], "rotation": 180, "texture": "#3"},
				"up": {"uv": [0, 2, 5, 11], "rotation": 90, "texture": "#3"},
				"down": {"uv": [0, 2, 5, 11], "rotation": 270, "texture": "#3"}
			}
		},
		{
			"from": [8.04162, 14.77125, 8.72244],
			"to": [8.10412, 15.08109, 8.78494],
			"rotation": {"angle": 0, "axis": "y", "origin": [7.92627, 13.90776, 9.30351]},
			"faces": {
				"north": {"uv": [0, 2, 1, 11], "rotation": 180, "texture": "#3"},
				"east": {"uv": [0, 2, 1, 11], "rotation": 180, "texture": "#3"},
				"south": {"uv": [0, 2, 1, 11], "rotation": 180, "texture": "#3"},
				"west": {"uv": [0, 2, 1, 11], "rotation": 180, "texture": "#3"},
				"up": {"uv": [0, 2, 1, 11], "rotation": 180, "texture": "#3"},
				"down": {"uv": [0, 2, 1, 11], "rotation": 180, "texture": "#3"}
			}
		},
		{
			"from": [8.04162, 15.27919, 7.21506],
			"to": [8.10412, 15.58903, 7.27756],
			"rotation": {"angle": 0, "axis": "y", "origin": [7.92627, 14.4157, 6.69649]},
			"faces": {
				"north": {"uv": [1, 2, 0, 11], "rotation": 180, "texture": "#3"},
				"east": {"uv": [1, 2, 0, 11], "rotation": 180, "texture": "#3"},
				"south": {"uv": [1, 2, 0, 11], "rotation": 180, "texture": "#3"},
				"west": {"uv": [1, 2, 0, 11], "rotation": 180, "texture": "#3"},
				"up": {"uv": [0, 11, 1, 2], "rotation": 180, "texture": "#3"},
				"down": {"uv": [0, 11, 1, 2], "rotation": 180, "texture": "#3"}
			}
		},
		{
			"from": [8.86701, 14.77125, 7.77006],
			"to": [8.92951, 15.08109, 7.83256],
			"rotation": {"angle": 0, "axis": "y", "origin": [7.94588, 14.54522, 7.80131]},
			"faces": {
				"north": {"uv": [0, 2, 1, 11], "rotation": 180, "texture": "#3"},
				"east": {"uv": [0, 2, 1, 11], "rotation": 180, "texture": "#3"},
				"south": {"uv": [0, 2, 1, 11], "rotation": 180, "texture": "#3"},
				"west": {"uv": [0, 2, 1, 11], "rotation": 180, "texture": "#3"},
				"up": {"uv": [0, 2, 1, 11], "rotation": 90, "texture": "#3"},
				"down": {"uv": [0, 2, 1, 11], "rotation": 270, "texture": "#3"}
			}
		},
		{
			"from": [8.86701, 15.27919, 8.16744],
			"to": [8.92951, 15.58903, 8.22994],
			"rotation": {"angle": 0, "axis": "y", "origin": [7.94588, 15.05316, 8.19869]},
			"faces": {
				"north": {"uv": [1, 2, 0, 11], "rotation": 180, "texture": "#3"},
				"east": {"uv": [1, 2, 0, 11], "rotation": 180, "texture": "#3"},
				"south": {"uv": [1, 2, 0, 11], "rotation": 180, "texture": "#3"},
				"west": {"uv": [1, 2, 0, 11], "rotation": 180, "texture": "#3"},
				"up": {"uv": [1, 2, 0, 11], "rotation": 90, "texture": "#3"},
				"down": {"uv": [1, 2, 0, 11], "rotation": 270, "texture": "#3"}
			}
		},
		{
			"from": [8.04162, 14.00935, 6.81768],
			"to": [8.10412, 14.31919, 6.88018],
			"rotation": {"angle": 0, "axis": "y", "origin": [7.92627, 13.14586, 7.39875]},
			"faces": {
				"north": {"uv": [0, 2, 1, 11], "rotation": 180, "texture": "#3"},
				"east": {"uv": [0, 2, 1, 11], "rotation": 180, "texture": "#3"},
				"south": {"uv": [0, 2, 1, 11], "rotation": 180, "texture": "#3"},
				"west": {"uv": [0, 2, 1, 11], "rotation": 180, "texture": "#3"},
				"up": {"uv": [0, 2, 1, 11], "rotation": 180, "texture": "#3"},
				"down": {"uv": [0, 2, 1, 11], "rotation": 180, "texture": "#3"}
			}
		},
		{
			"from": [8.04162, 14.00935, 9.11982],
			"to": [8.10412, 14.31919, 9.18232],
			"rotation": {"angle": 0, "axis": "y", "origin": [7.92627, 13.14586, 8.60125]},
			"faces": {
				"north": {"uv": [1, 2, 0, 11], "rotation": 180, "texture": "#3"},
				"east": {"uv": [1, 2, 0, 11], "rotation": 180, "texture": "#3"},
				"south": {"uv": [1, 2, 0, 11], "rotation": 180, "texture": "#3"},
				"west": {"uv": [1, 2, 0, 11], "rotation": 180, "texture": "#3"},
				"up": {"uv": [0, 11, 1, 2], "rotation": 180, "texture": "#3"},
				"down": {"uv": [0, 11, 1, 2], "rotation": 180, "texture": "#3"}
			}
		},
		{
			"from": [6.96225, 14.00935, 7.77006],
			"to": [7.02475, 14.31919, 7.83256],
			"rotation": {"angle": 0, "axis": "y", "origin": [7.94588, 14.54522, 7.80131]},
			"faces": {
				"north": {"uv": [0, 2, 1, 11], "rotation": 180, "texture": "#3"},
				"east": {"uv": [0, 2, 1, 11], "rotation": 180, "texture": "#3"},
				"south": {"uv": [0, 2, 1, 11], "rotation": 180, "texture": "#3"},
				"west": {"uv": [0, 2, 1, 11], "rotation": 180, "texture": "#3"},
				"up": {"uv": [0, 2, 1, 11], "rotation": 90, "texture": "#3"},
				"down": {"uv": [0, 2, 1, 11], "rotation": 270, "texture": "#3"}
			}
		},
		{
			"from": [6.96225, 14.51728, 8.16744],
			"to": [7.02475, 14.82713, 8.22994],
			"rotation": {"angle": 0, "axis": "y", "origin": [7.94588, 15.05316, 8.19869]},
			"faces": {
				"north": {"uv": [1, 2, 0, 11], "rotation": 180, "texture": "#3"},
				"east": {"uv": [1, 2, 0, 11], "rotation": 180, "texture": "#3"},
				"south": {"uv": [1, 2, 0, 11], "rotation": 180, "texture": "#3"},
				"west": {"uv": [1, 2, 0, 11], "rotation": 180, "texture": "#3"},
				"up": {"uv": [1, 2, 0, 11], "rotation": 90, "texture": "#3"},
				"down": {"uv": [1, 2, 0, 11], "rotation": 270, "texture": "#3"}
			}
		},
		{
			"from": [7.784, 13.72125, 7.44183],
			"to": [8.06855, 15.21459, 8.37155],
			"rotation": {"angle": 0, "axis": "y", "origin": [7.92627, 14.14792, 7.90669]},
			"faces": {
				"north": {"uv": [0, 2, 5, 11], "rotation": 180, "texture": "#3"},
				"east": {"uv": [0, 2, 5, 11], "rotation": 180, "texture": "#3"},
				"south": {"uv": [0, 2, 5, 11], "rotation": 180, "texture": "#3"},
				"west": {"uv": [0, 2, 5, 11], "rotation": 180, "texture": "#3"},
				"up": {"uv": [0, 2, 5, 11], "rotation": 90, "texture": "#3"},
				"down": {"uv": [0, 2, 5, 11], "rotation": 270, "texture": "#3"}
			}
		},
		{
			"from": [7.73275, 1.58524, 7.85349],
			"to": [8.09171, 9.72848, 7.92434],
			"rotation": {"angle": 0, "axis": "y", "origin": [8.03031, 6.21093, 8.15105]},
			"faces": {
				"north": {"uv": [0, 5, 1, 6], "texture": "#4"},
				"east": {"uv": [0, 5, 1, 6], "texture": "#4"},
				"south": {"uv": [0, 5, 1, 6], "texture": "#4"},
				"west": {"uv": [0, 5, 1, 6], "texture": "#4"},
				"up": {"uv": [0, 5, 1, 6], "texture": "#4"},
				"down": {"uv": [0, 5, 1, 6], "texture": "#4"}
			}
		},
		{
			"from": [7.73275, 1.58524, 7.85349],
			"to": [8.09171, 9.72848, 7.92434],
			"rotation": {"angle": 22.5, "axis": "y", "origin": [7.91223, 5.91573, 7.88891]},
			"faces": {
				"north": {"uv": [0, 5, 1, 6], "texture": "#4"},
				"east": {"uv": [0, 5, 1, 6], "texture": "#4"},
				"south": {"uv": [0, 5, 1, 6], "texture": "#4"},
				"west": {"uv": [0, 5, 1, 6], "texture": "#4"},
				"up": {"uv": [0, 5, 1, 6], "texture": "#4"},
				"down": {"uv": [0, 5, 1, 6], "texture": "#4"}
			}
		},
		{
			"from": [7.8768, 1.58524, 7.70943],
			"to": [7.94765, 9.72848, 8.0684],
			"rotation": {"angle": -22.5, "axis": "y", "origin": [7.91223, 5.91573, 7.88891]},
			"faces": {
				"north": {"uv": [0, 5, 1, 6], "rotation": 270, "texture": "#4"},
				"east": {"uv": [0, 5, 1, 6], "rotation": 270, "texture": "#4"},
				"south": {"uv": [0, 5, 1, 6], "rotation": 270, "texture": "#4"},
				"west": {"uv": [0, 5, 1, 6], "rotation": 270, "texture": "#4"},
				"up": {"uv": [0, 5, 1, 6], "rotation": 270, "texture": "#4"},
				"down": {"uv": [0, 5, 1, 6], "rotation": 270, "texture": "#4"}
			}
		},
		{
			"from": [7.73275, 1.58524, 7.85349],
			"to": [8.09171, 9.72848, 7.92434],
			"rotation": {"angle": 45, "axis": "y", "origin": [7.91223, 5.91573, 7.88891]},
			"faces": {
				"north": {"uv": [0, 5, 1, 6], "texture": "#4"},
				"east": {"uv": [0, 5, 1, 6], "texture": "#4"},
				"south": {"uv": [0, 5, 1, 6], "texture": "#4"},
				"west": {"uv": [0, 5, 1, 6], "texture": "#4"},
				"up": {"uv": [0, 5, 1, 6], "texture": "#4"},
				"down": {"uv": [0, 5, 1, 6], "texture": "#4"}
			}
		},
		{
			"from": [7.73275, 1.58524, 7.85349],
			"to": [8.09171, 9.72848, 7.92434],
			"rotation": {"angle": -22.5, "axis": "y", "origin": [7.91223, 5.91573, 7.88891]},
			"faces": {
				"north": {"uv": [0, 5, 1, 6], "rotation": 180, "texture": "#4"},
				"east": {"uv": [0, 5, 1, 6], "rotation": 180, "texture": "#4"},
				"south": {"uv": [0, 5, 1, 6], "rotation": 180, "texture": "#4"},
				"west": {"uv": [0, 5, 1, 6], "rotation": 180, "texture": "#4"},
				"up": {"uv": [0, 5, 1, 6], "rotation": 180, "texture": "#4"},
				"down": {"uv": [0, 5, 1, 6], "rotation": 180, "texture": "#4"}
			}
		},
		{
			"from": [7.8768, 1.58524, 7.70943],
			"to": [7.94765, 9.72848, 8.0684],
			"rotation": {"angle": 45, "axis": "y", "origin": [7.91223, 5.91573, 7.88891]},
			"faces": {
				"north": {"uv": [0, 5, 1, 6], "rotation": 270, "texture": "#4"},
				"east": {"uv": [0, 5, 1, 6], "rotation": 270, "texture": "#4"},
				"south": {"uv": [0, 5, 1, 6], "rotation": 270, "texture": "#4"},
				"west": {"uv": [0, 5, 1, 6], "rotation": 270, "texture": "#4"},
				"up": {"uv": [0, 5, 1, 6], "rotation": 270, "texture": "#4"},
				"down": {"uv": [0, 5, 1, 6], "rotation": 270, "texture": "#4"}
			}
		},
		{
			"from": [7.8768, 1.58524, 7.70943],
			"to": [7.94765, 9.72848, 8.0684],
			"rotation": {"angle": 0, "axis": "y", "origin": [7.91223, 5.91573, 7.88891]},
			"faces": {
				"north": {"uv": [0, 5, 1, 6], "rotation": 270, "texture": "#4"},
				"east": {"uv": [0, 5, 1, 6], "rotation": 270, "texture": "#4"},
				"south": {"uv": [0, 5, 1, 6], "rotation": 270, "texture": "#4"},
				"west": {"uv": [0, 5, 1, 6], "rotation": 270, "texture": "#4"},
				"up": {"uv": [0, 5, 1, 6], "rotation": 270, "texture": "#4"},
				"down": {"uv": [0, 5, 1, 6], "rotation": 270, "texture": "#4"}
			}
		},
		{
			"from": [7.8768, 1.58524, 7.70943],
			"to": [7.94765, 9.72848, 8.0684],
			"rotation": {"angle": 22.5, "axis": "y", "origin": [7.91223, 5.91573, 7.88891]},
			"faces": {
				"north": {"uv": [0, 5, 1, 6], "rotation": 270, "texture": "#4"},
				"east": {"uv": [0, 5, 1, 6], "rotation": 270, "texture": "#4"},
				"south": {"uv": [0, 5, 1, 6], "rotation": 270, "texture": "#4"},
				"west": {"uv": [0, 5, 1, 6], "rotation": 270, "texture": "#4"},
				"up": {"uv": [0, 5, 1, 6], "rotation": 270, "texture": "#4"},
				"down": {"uv": [0, 5, 1, 6], "rotation": 270, "texture": "#4"}
			}
		},
		{
			"from": [7.65583, 1.28328, 7.83831],
			"to": [8.16863, 2.05026, 7.93952],
			"rotation": {"angle": 0, "axis": "y", "origin": [8.08091, -2.97481, 8.2634]},
			"faces": {
				"north": {"uv": [1, 3, 2, 4], "texture": "#0"},
				"east": {"uv": [1, 3, 2, 4], "texture": "#0"},
				"south": {"uv": [1, 3, 2, 4], "texture": "#0"},
				"west": {"uv": [1, 3, 2, 4], "texture": "#0"},
				"up": {"uv": [1, 3, 2, 4], "texture": "#0"},
				"down": {"uv": [1, 3, 2, 4], "texture": "#0"}
			}
		},
		{
			"from": [7.65583, 1.28328, 7.83831],
			"to": [8.16863, 2.05026, 7.93952],
			"rotation": {"angle": 22.5, "axis": "y", "origin": [7.91223, -3.39652, 7.88891]},
			"faces": {
				"north": {"uv": [1, 3, 2, 4], "texture": "#0"},
				"east": {"uv": [1, 3, 2, 4], "texture": "#0"},
				"south": {"uv": [1, 3, 2, 4], "texture": "#0"},
				"west": {"uv": [1, 3, 2, 4], "texture": "#0"},
				"up": {"uv": [1, 3, 2, 4], "texture": "#0"},
				"down": {"uv": [1, 3, 2, 4], "texture": "#0"}
			}
		},
		{
			"from": [7.86162, 1.28328, 7.63251],
			"to": [7.96283, 2.05026, 8.14532],
			"rotation": {"angle": -22.5, "axis": "y", "origin": [7.91223, -3.39652, 7.88891]},
			"faces": {
				"north": {"uv": [1, 3, 2, 4], "rotation": 270, "texture": "#0"},
				"east": {"uv": [1, 3, 2, 4], "rotation": 270, "texture": "#0"},
				"south": {"uv": [1, 3, 2, 4], "rotation": 270, "texture": "#0"},
				"west": {"uv": [1, 3, 2, 4], "rotation": 270, "texture": "#0"},
				"up": {"uv": [1, 3, 2, 4], "rotation": 270, "texture": "#0"},
				"down": {"uv": [1, 3, 2, 4], "rotation": 270, "texture": "#0"}
			}
		},
		{
			"from": [7.65583, 1.28328, 7.83831],
			"to": [8.16863, 2.05026, 7.93952],
			"rotation": {"angle": 45, "axis": "y", "origin": [7.91223, -3.39652, 7.88891]},
			"faces": {
				"north": {"uv": [1, 3, 2, 4], "texture": "#0"},
				"east": {"uv": [1, 3, 2, 4], "texture": "#0"},
				"south": {"uv": [1, 3, 2, 4], "texture": "#0"},
				"west": {"uv": [1, 3, 2, 4], "texture": "#0"},
				"up": {"uv": [1, 3, 2, 4], "texture": "#0"},
				"down": {"uv": [1, 3, 2, 4], "texture": "#0"}
			}
		},
		{
			"from": [7.65583, 1.28328, 7.83831],
			"to": [8.16863, 2.05026, 7.93952],
			"rotation": {"angle": -22.5, "axis": "y", "origin": [7.91223, -3.39652, 7.88891]},
			"faces": {
				"north": {"uv": [1, 3, 2, 4], "rotation": 180, "texture": "#0"},
				"east": {"uv": [1, 3, 2, 4], "rotation": 180, "texture": "#0"},
				"south": {"uv": [1, 3, 2, 4], "rotation": 180, "texture": "#0"},
				"west": {"uv": [1, 3, 2, 4], "rotation": 180, "texture": "#0"},
				"up": {"uv": [1, 3, 2, 4], "rotation": 180, "texture": "#0"},
				"down": {"uv": [1, 3, 2, 4], "rotation": 180, "texture": "#0"}
			}
		},
		{
			"from": [7.86162, 1.28328, 7.63251],
			"to": [7.96283, 2.05026, 8.14532],
			"rotation": {"angle": 45, "axis": "y", "origin": [7.91223, -3.39652, 7.88891]},
			"faces": {
				"north": {"uv": [1, 3, 2, 4], "rotation": 270, "texture": "#0"},
				"east": {"uv": [1, 3, 2, 4], "rotation": 270, "texture": "#0"},
				"south": {"uv": [1, 3, 2, 4], "rotation": 270, "texture": "#0"},
				"west": {"uv": [1, 3, 2, 4], "rotation": 270, "texture": "#0"},
				"up": {"uv": [1, 3, 2, 4], "rotation": 270, "texture": "#0"},
				"down": {"uv": [1, 3, 2, 4], "rotation": 270, "texture": "#0"}
			}
		},
		{
			"from": [7.86162, 1.28328, 7.63251],
			"to": [7.96283, 2.05026, 8.14532],
			"rotation": {"angle": 0, "axis": "y", "origin": [7.91223, -3.39652, 7.88891]},
			"faces": {
				"north": {"uv": [1, 3, 2, 4], "rotation": 270, "texture": "#0"},
				"east": {"uv": [1, 3, 2, 4], "rotation": 270, "texture": "#0"},
				"south": {"uv": [1, 3, 2, 4], "rotation": 270, "texture": "#0"},
				"west": {"uv": [1, 3, 2, 4], "rotation": 270, "texture": "#0"},
				"up": {"uv": [1, 3, 2, 4], "rotation": 270, "texture": "#0"},
				"down": {"uv": [1, 3, 2, 4], "rotation": 270, "texture": "#0"}
			}
		},
		{
			"from": [7.86162, 1.28328, 7.63251],
			"to": [7.96283, 2.05026, 8.14532],
			"rotation": {"angle": 22.5, "axis": "y", "origin": [7.91223, -3.39652, 7.88891]},
			"faces": {
				"north": {"uv": [1, 3, 2, 4], "rotation": 270, "texture": "#0"},
				"east": {"uv": [1, 3, 2, 4], "rotation": 270, "texture": "#0"},
				"south": {"uv": [1, 3, 2, 4], "rotation": 270, "texture": "#0"},
				"west": {"uv": [1, 3, 2, 4], "rotation": 270, "texture": "#0"},
				"up": {"uv": [1, 3, 2, 4], "rotation": 270, "texture": "#0"},
				"down": {"uv": [1, 3, 2, 4], "rotation": 270, "texture": "#0"}
			}
		},
		{
			"from": [7.73087, 1.14459, 7.85312],
			"to": [8.09359, 1.83116, 7.92471],
			"rotation": {"angle": 0, "axis": "y", "origin": [8.03154, -1.09443, 8.15379]},
			"faces": {
				"north": {"uv": [3, 3, 4, 4], "texture": "#2"},
				"east": {"uv": [3, 3, 4, 4], "texture": "#2"},
				"south": {"uv": [3, 3, 4, 4], "texture": "#2"},
				"west": {"uv": [3, 3, 4, 4], "texture": "#2"},
				"up": {"uv": [3, 3, 4, 4], "texture": "#2"},
				"down": {"uv": [3, 3, 4, 4], "texture": "#2"}
			}
		},
		{
			"from": [7.73087, 1.14459, 7.85312],
			"to": [8.09359, 1.83116, 7.92471],
			"rotation": {"angle": 22.5, "axis": "y", "origin": [7.91223, -1.39271, 7.88891]},
			"faces": {
				"north": {"uv": [3, 3, 4, 4], "texture": "#2"},
				"east": {"uv": [3, 3, 4, 4], "texture": "#2"},
				"south": {"uv": [3, 3, 4, 4], "texture": "#2"},
				"west": {"uv": [3, 3, 4, 4], "texture": "#2"},
				"up": {"uv": [3, 3, 4, 4], "texture": "#2"},
				"down": {"uv": [3, 3, 4, 4], "texture": "#2"}
			}
		},
		{
			"from": [7.87643, 1.14459, 7.70756],
			"to": [7.94802, 1.83116, 8.07027],
			"rotation": {"angle": -22.5, "axis": "y", "origin": [7.91223, -1.39271, 7.88891]},
			"faces": {
				"north": {"uv": [3, 3, 4, 4], "rotation": 270, "texture": "#2"},
				"east": {"uv": [3, 3, 4, 4], "rotation": 270, "texture": "#2"},
				"south": {"uv": [3, 3, 4, 4], "rotation": 270, "texture": "#2"},
				"west": {"uv": [3, 3, 4, 4], "rotation": 270, "texture": "#2"},
				"up": {"uv": [3, 3, 4, 4], "rotation": 270, "texture": "#2"},
				"down": {"uv": [3, 3, 4, 4], "rotation": 270, "texture": "#2"}
			}
		},
		{
			"from": [7.73087, 1.14459, 7.85312],
			"to": [8.09359, 1.83116, 7.92471],
			"rotation": {"angle": 45, "axis": "y", "origin": [7.91223, -1.39271, 7.88891]},
			"faces": {
				"north": {"uv": [3, 3, 4, 4], "texture": "#2"},
				"east": {"uv": [3, 3, 4, 4], "texture": "#2"},
				"south": {"uv": [3, 3, 4, 4], "texture": "#2"},
				"west": {"uv": [3, 3, 4, 4], "texture": "#2"},
				"up": {"uv": [3, 3, 4, 4], "texture": "#2"},
				"down": {"uv": [3, 3, 4, 4], "texture": "#2"}
			}
		},
		{
			"from": [7.73087, 1.14459, 7.85312],
			"to": [8.09359, 1.83116, 7.92471],
			"rotation": {"angle": -22.5, "axis": "y", "origin": [7.91223, -1.39271, 7.88891]},
			"faces": {
				"north": {"uv": [3, 3, 4, 4], "rotation": 180, "texture": "#2"},
				"east": {"uv": [3, 3, 4, 4], "rotation": 180, "texture": "#2"},
				"south": {"uv": [3, 3, 4, 4], "rotation": 180, "texture": "#2"},
				"west": {"uv": [3, 3, 4, 4], "rotation": 180, "texture": "#2"},
				"up": {"uv": [3, 3, 4, 4], "rotation": 180, "texture": "#2"},
				"down": {"uv": [3, 3, 4, 4], "rotation": 180, "texture": "#2"}
			}
		},
		{
			"from": [7.87643, 1.14459, 7.70756],
			"to": [7.94802, 1.83116, 8.07027],
			"rotation": {"angle": 45, "axis": "y", "origin": [7.91223, -1.39271, 7.88891]},
			"faces": {
				"north": {"uv": [3, 3, 4, 4], "rotation": 270, "texture": "#2"},
				"east": {"uv": [3, 3, 4, 4], "rotation": 270, "texture": "#2"},
				"south": {"uv": [3, 3, 4, 4], "rotation": 270, "texture": "#2"},
				"west": {"uv": [3, 3, 4, 4], "rotation": 270, "texture": "#2"},
				"up": {"uv": [3, 3, 4, 4], "rotation": 270, "texture": "#2"},
				"down": {"uv": [3, 3, 4, 4], "rotation": 270, "texture": "#2"}
			}
		},
		{
			"from": [7.87643, 1.14459, 7.70756],
			"to": [7.94802, 1.83116, 8.07027],
			"rotation": {"angle": 0, "axis": "y", "origin": [7.91223, -1.39271, 7.88891]},
			"faces": {
				"north": {"uv": [3, 3, 4, 4], "rotation": 270, "texture": "#2"},
				"east": {"uv": [3, 3, 4, 4], "rotation": 270, "texture": "#2"},
				"south": {"uv": [3, 3, 4, 4], "rotation": 270, "texture": "#2"},
				"west": {"uv": [3, 3, 4, 4], "rotation": 270, "texture": "#2"},
				"up": {"uv": [3, 3, 4, 4], "rotation": 270, "texture": "#2"},
				"down": {"uv": [3, 3, 4, 4], "rotation": 270, "texture": "#2"}
			}
		},
		{
			"from": [7.87643, 1.14459, 7.70756],
			"to": [7.94802, 1.83116, 8.07027],
			"rotation": {"angle": 22.5, "axis": "y", "origin": [7.91223, -1.39271, 7.88891]},
			"faces": {
				"north": {"uv": [3, 3, 4, 4], "rotation": 270, "texture": "#2"},
				"east": {"uv": [3, 3, 4, 4], "rotation": 270, "texture": "#2"},
				"south": {"uv": [3, 3, 4, 4], "rotation": 270, "texture": "#2"},
				"west": {"uv": [3, 3, 4, 4], "rotation": 270, "texture": "#2"},
				"up": {"uv": [3, 3, 4, 4], "rotation": 270, "texture": "#2"},
				"down": {"uv": [3, 3, 4, 4], "rotation": 270, "texture": "#2"}
			}
		},
		{
			"from": [7.64046, 9.60148, 7.83528],
			"to": [8.184, 9.80304, 7.94255],
			"rotation": {"angle": 0, "axis": "y", "origin": [8.09102, 8.64429, 8.28584]},
			"faces": {
				"north": {"uv": [2, 3, 3, 4], "texture": "#0"},
				"east": {"uv": [2, 3, 3, 4], "texture": "#0"},
				"south": {"uv": [2, 3, 3, 4], "texture": "#0"},
				"west": {"uv": [2, 3, 3, 4], "texture": "#0"},
				"up": {"uv": [2, 3, 3, 4], "texture": "#0"},
				"down": {"uv": [2, 3, 3, 4], "texture": "#0"}
			}
		},
		{
			"from": [7.64046, 9.60148, 7.83528],
			"to": [8.184, 9.80304, 7.94255],
			"rotation": {"angle": 22.5, "axis": "y", "origin": [7.91223, 8.19731, 7.88891]},
			"faces": {
				"north": {"uv": [2, 3, 3, 4], "texture": "#0"},
				"east": {"uv": [2, 3, 3, 4], "texture": "#0"},
				"south": {"uv": [2, 3, 3, 4], "texture": "#0"},
				"west": {"uv": [2, 3, 3, 4], "texture": "#0"},
				"up": {"uv": [2, 3, 3, 4], "texture": "#0"},
				"down": {"uv": [2, 3, 3, 4], "texture": "#0"}
			}
		},
		{
			"from": [7.85859, 9.60148, 7.61715],
			"to": [7.96587, 9.80304, 8.16068],
			"rotation": {"angle": -22.5, "axis": "y", "origin": [7.91223, 8.19731, 7.88891]},
			"faces": {
				"north": {"uv": [2, 3, 3, 4], "rotation": 270, "texture": "#0"},
				"east": {"uv": [2, 3, 3, 4], "rotation": 270, "texture": "#0"},
				"south": {"uv": [2, 3, 3, 4], "rotation": 270, "texture": "#0"},
				"west": {"uv": [2, 3, 3, 4], "rotation": 270, "texture": "#0"},
				"up": {"uv": [2, 3, 3, 4], "rotation": 270, "texture": "#0"},
				"down": {"uv": [2, 3, 3, 4], "rotation": 270, "texture": "#0"}
			}
		},
		{
			"from": [7.64046, 9.60148, 7.83528],
			"to": [8.184, 9.80304, 7.94255],
			"rotation": {"angle": 45, "axis": "y", "origin": [7.91223, 8.19731, 7.88891]},
			"faces": {
				"north": {"uv": [2, 3, 3, 4], "texture": "#0"},
				"east": {"uv": [2, 3, 3, 4], "texture": "#0"},
				"south": {"uv": [2, 3, 3, 4], "texture": "#0"},
				"west": {"uv": [2, 3, 3, 4], "texture": "#0"},
				"up": {"uv": [2, 3, 3, 4], "texture": "#0"},
				"down": {"uv": [2, 3, 3, 4], "texture": "#0"}
			}
		},
		{
			"from": [7.64046, 9.60148, 7.83528],
			"to": [8.184, 9.80304, 7.94255],
			"rotation": {"angle": -22.5, "axis": "y", "origin": [7.91223, 8.19731, 7.88891]},
			"faces": {
				"north": {"uv": [2, 3, 3, 4], "rotation": 180, "texture": "#0"},
				"east": {"uv": [2, 3, 3, 4], "rotation": 180, "texture": "#0"},
				"south": {"uv": [2, 3, 3, 4], "rotation": 180, "texture": "#0"},
				"west": {"uv": [2, 3, 3, 4], "rotation": 180, "texture": "#0"},
				"up": {"uv": [2, 3, 3, 4], "rotation": 180, "texture": "#0"},
				"down": {"uv": [2, 3, 3, 4], "rotation": 180, "texture": "#0"}
			}
		},
		{
			"from": [7.85859, 9.60148, 7.61715],
			"to": [7.96587, 9.80304, 8.16068],
			"rotation": {"angle": 45, "axis": "y", "origin": [7.91223, 8.19731, 7.88891]},
			"faces": {
				"north": {"uv": [2, 3, 3, 4], "rotation": 270, "texture": "#0"},
				"east": {"uv": [2, 3, 3, 4], "rotation": 270, "texture": "#0"},
				"south": {"uv": [2, 3, 3, 4], "rotation": 270, "texture": "#0"},
				"west": {"uv": [2, 3, 3, 4], "rotation": 270, "texture": "#0"},
				"up": {"uv": [2, 3, 3, 4], "rotation": 270, "texture": "#0"},
				"down": {"uv": [2, 3, 3, 4], "rotation": 270, "texture": "#0"}
			}
		},
		{
			"from": [7.85859, 9.60148, 7.61715],
			"to": [7.96587, 9.80304, 8.16068],
			"rotation": {"angle": 0, "axis": "y", "origin": [7.91223, 8.19731, 7.88891]},
			"faces": {
				"north": {"uv": [2, 3, 3, 4], "rotation": 270, "texture": "#0"},
				"east": {"uv": [2, 3, 3, 4], "rotation": 270, "texture": "#0"},
				"south": {"uv": [2, 3, 3, 4], "rotation": 270, "texture": "#0"},
				"west": {"uv": [2, 3, 3, 4], "rotation": 270, "texture": "#0"},
				"up": {"uv": [2, 3, 3, 4], "rotation": 270, "texture": "#0"},
				"down": {"uv": [2, 3, 3, 4], "rotation": 270, "texture": "#0"}
			}
		},
		{
			"from": [7.85859, 9.60148, 7.61715],
			"to": [7.96587, 9.80304, 8.16068],
			"rotation": {"angle": 22.5, "axis": "y", "origin": [7.91223, 8.19731, 7.88891]},
			"faces": {
				"north": {"uv": [2, 3, 3, 4], "rotation": 270, "texture": "#0"},
				"east": {"uv": [2, 3, 3, 4], "rotation": 270, "texture": "#0"},
				"south": {"uv": [2, 3, 3, 4], "rotation": 270, "texture": "#0"},
				"west": {"uv": [2, 3, 3, 4], "rotation": 270, "texture": "#0"},
				"up": {"uv": [2, 3, 3, 4], "rotation": 270, "texture": "#0"},
				"down": {"uv": [2, 3, 3, 4], "rotation": 270, "texture": "#0"}
			}
		}
	],
	"gui_light": "front",
	"display": {
		"thirdperson_righthand": {
			"translation": [-0.5, -1.5, 1.5],
			"scale": [1.8, 1.8, 1.8]
		},
		"thirdperson_lefthand": {
			"translation": [-0.5, -1.5, 1.5],
			"scale": [1.8, 1.8, 1.8]
		},
		"firstperson_righthand": {
			"rotation": [-18, 0, 0],
			"translation": [0, 2.5, 2.25],
			"scale": [1.5, 1.5, 1.5]
		},
		"firstperson_lefthand": {
			"rotation": [-18, 0, 0],
			"translation": [0, 2.5, 2.25],
			"scale": [1.5, 1.5, 1.5]
		},
		"ground": {
			"translation": [0, 2.25, 0]
		},
		"gui": {
			"rotation": [0, 0, 45]
		},
		"head": {
			"translation": [0, -16.75, 0],
			"scale": [4, 4, 4]
		}
	},
	"groups": [
		{
			"name": "group",
			"origin": [7.91223, 0.00411, 7.88891],
			"children": [0, 1, 2, 3, 4, 5, 6, 7]
		},
		{
			"name": "group",
			"origin": [7.91223, 0.00411, 7.88891],
			"children": [8, 9, 10, 11, 12, 13, 14, 15]
		},
		{
			"name": "group",
			"origin": [7.91223, 0.00411, 7.88891],
			"children": [16, 17, 18, 19, 20, 21, 22, 23]
		},
		{
			"name": "group",
			"origin": [7.91223, 0.00411, 7.88891],
			"children": [24, 25, 26, 27, 28, 29, 30, 31]
		},
		{
			"name": "group",
			"origin": [7.91223, 0.00411, 7.88891],
			"children": [32, 33, 34, 35, 36, 37, 38, 39, 40, 41, 42, 43, 44, 45, 46, 47]
		},
		{
			"name": "group",
			"origin": [7.91223, 0.00411, 7.88891],
			"children": [48, 49, 50, 51, 52, 53, 54, 55]
		},
		{
			"name": "group",
			"origin": [7.91223, 0.00411, 7.88891],
			"children": [56, 57, 58, 59, 60, 61, 62, 63]
		},
		{
			"name": "group",
			"origin": [7.91223, 0.00411, 7.88891],
			"children": [64, 65, 66, 67, 68, 69, 70, 71]
		},
		{
			"name": "group",
			"origin": [7.91223, 0.00411, 7.88891],
			"children": [72, 73, 74, 75, 76, 77, 78, 79]
		},
		{
			"name": "group",
			"origin": [7.91223, 0.00411, 7.88891],
			"children": [80, 81, 82, 83, 84, 85, 86, 87]
		}, 88, 89, 90, 91, 92, 93, 94, 95, 96, 97, 98, 99, 100, 101, 102, 103,
		{
			"name": "group",
			"origin": [7.91223, 0.00411, 7.88891],
			"children": [104, 105, 106, 107, 108, 109, 110, 111]
		},
		{
			"name": "group",
			"origin": [7.91223, 0.00411, 7.88891],
			"children": [112, 113, 114, 115, 116, 117, 118, 119]
		},
		{
			"name": "group",
			"origin": [7.91223, 0.00411, 7.88891],
			"children": [120, 121, 122, 123, 124, 125, 126, 127]
		},
		{
			"name": "group",
			"origin": [7.91223, 0.00411, 7.88891],
			"children": [128, 129, 130, 131, 132, 133, 134, 135]
		}
	]
}