{
	"credit": "Made with Blockbench",
	"textures": {
		"3": "block/cornflower",
		"4": "block/tube_coral_block",
		"5": "block/blue_ice",
		"6": "block/blast_furnace_front",
		"particle": "block/cornflower"
	},
	"elements": [
		{
			"from": [6.20204, 20.29325, 7.00966],
			"to": [7.31288, 20.65981, 9.64431],
			"rotation": {"angle": 0, "axis": "y", "origin": [41.74476, 36.38598, 43.31429]},
			"faces": {
				"north": {"uv": [1.5, 1.375, 1.5, 1.375], "texture": "#6"},
				"east": {"uv": [1.5, 1.375, 1.5, 1.375], "texture": "#6"},
				"south": {"uv": [1.5, 1.375, 1.5, 1.375], "texture": "#6"},
				"west": {"uv": [1.5, 1.375, 1.5, 1.375], "texture": "#6"},
				"up": {"uv": [1.5, 1.375, 1.5, 1.375], "texture": "#6"},
				"down": {"uv": [1.5, 1.375, 1.5, 1.375], "texture": "#6"}
			}
		},
		{
			"from": [6.22426, 20.10063, 7.06235],
			"to": [7.29066, 20.45252, 9.59162],
			"rotation": {"angle": 0, "axis": "y", "origin": [6.75746, 20.27658, 8.32699]},
			"faces": {
				"north": {"uv": [4.875, 7.625, 4.875, 7.625], "texture": "#6"},
				"east": {"uv": [4.875, 7.625, 4.875, 7.625], "texture": "#6"},
				"south": {"uv": [4.875, 7.625, 4.875, 7.625], "texture": "#6"},
				"west": {"uv": [4.875, 7.625, 4.875, 7.625], "texture": "#6"},
				"up": {"uv": [4.875, 7.625, 4.875, 7.625], "texture": "#6"},
				"down": {"uv": [4.875, 7.625, 4.875, 7.625], "texture": "#6"}
			}
		},
		{
			"from": [6.20204, 19.75492, 7.00966],
			"to": [7.31288, 20.25221, 9.64431],
			"rotation": {"angle": 0, "axis": "y", "origin": [41.74476, 36.38598, 43.31429]},
			"faces": {
				"north": {"uv": [1.5, 1.375, 1.5, 1.375], "texture": "#6"},
				"east": {"uv": [1.5, 1.375, 1.5, 1.375], "texture": "#6"},
				"south": {"uv": [1.5, 1.375, 1.5, 1.375], "texture": "#6"},
				"west": {"uv": [1.5, 1.375, 1.5, 1.375], "texture": "#6"},
				"up": {"uv": [1.5, 1.375, 1.5, 1.375], "texture": "#6"},
				"down": {"uv": [1.5, 1.375, 1.5, 1.375], "texture": "#6"}
			}
		},
		{
			"from": [6.20204, 23.61552, 7.00966],
			"to": [7.31288, 24.5204, 9.64431],
			"rotation": {"angle": 0, "axis": "y", "origin": [41.74476, 40.24658, 43.31429]},
			"faces": {
				"north": {"uv": [1.5, 1.375, 1.5, 1.375], "texture": "#6"},
				"east": {"uv": [1.5, 1.375, 1.5, 1.375], "texture": "#6"},
				"south": {"uv": [1.5, 1.375, 1.5, 1.375], "texture": "#6"},
				"west": {"uv": [1.5, 1.375, 1.5, 1.375], "texture": "#6"},
				"up": {"uv": [1.5, 1.375, 1.5, 1.375], "texture": "#6"},
				"down": {"uv": [1.5, 1.375, 1.5, 1.375], "texture": "#6"}
			}
		},
		{
			"from": [6.19093, 19.74587, 6.98331],
			"to": [7.32399, 19.86136, 9.67066],
			"rotation": {"angle": 0, "axis": "y", "origin": [42.44451, 36.70955, 44.01404]},
			"faces": {
				"north": {"uv": [3, 4.625, 3, 4.625], "texture": "#4"},
				"east": {"uv": [3, 4.625, 3, 4.625], "texture": "#4"},
				"south": {"uv": [3, 4.625, 3, 4.625], "texture": "#4"},
				"west": {"uv": [3, 4.625, 3, 4.625], "texture": "#4"},
				"up": {"uv": [3, 4.625, 3, 4.625], "texture": "#4"},
				"down": {"uv": [3, 4.625, 3, 4.625], "texture": "#4"}
			}
		},
		{
			"from": [6.69887, 23.3525, 9.33351],
			"to": [6.94304, 23.72196, 9.54368],
			"rotation": {"angle": 0, "axis": "y", "origin": [42.44451, 40.57015, 44.01404]},
			"faces": {
				"north": {"uv": [5.625, 4.375, 5.625, 4.375], "texture": "#5"},
				"east": {"uv": [5.625, 4.375, 5.625, 4.375], "texture": "#5"},
				"south": {"uv": [5.625, 4.375, 5.625, 4.375], "texture": "#5"},
				"west": {"uv": [5.625, 4.375, 5.625, 4.375], "texture": "#5"},
				"up": {"uv": [5.625, 4.375, 5.625, 4.375], "texture": "#5"},
				"down": {"uv": [5.625, 4.375, 5.625, 4.375], "texture": "#5"}
			}
		},
		{
			"from": [6.69887, 23.3525, 9.33351],
			"to": [6.94304, 23.72196, 9.54368],
			"rotation": {"angle": 45, "axis": "y", "origin": [6.82095, 22.1404, 8.31359]},
			"faces": {
				"north": {"uv": [5.625, 4.375, 5.625, 4.375], "texture": "#5"},
				"east": {"uv": [5.625, 4.375, 5.625, 4.375], "texture": "#5"},
				"south": {"uv": [5.625, 4.375, 5.625, 4.375], "texture": "#5"},
				"west": {"uv": [5.625, 4.375, 5.625, 4.375], "texture": "#5"},
				"up": {"uv": [5.625, 4.375, 5.625, 4.375], "texture": "#5"},
				"down": {"uv": [5.625, 4.375, 5.625, 4.375], "texture": "#5"}
			}
		},
		{
			"from": [7.84087, 23.3525, 8.19151],
			"to": [8.05104, 23.72196, 8.43568],
			"rotation": {"angle": 0, "axis": "y", "origin": [6.82095, 22.1404, 8.31359]},
			"faces": {
				"north": {"uv": [5.625, 4.375, 5.625, 4.375], "texture": "#5"},
				"east": {"uv": [5.625, 4.375, 5.625, 4.375], "texture": "#5"},
				"south": {"uv": [5.625, 4.375, 5.625, 4.375], "texture": "#5"},
				"west": {"uv": [5.625, 4.375, 5.625, 4.375], "texture": "#5"},
				"up": {"uv": [5.625, 4.375, 5.625, 4.375], "rotation": 270, "texture": "#5"},
				"down": {"uv": [5.625, 4.375, 5.625, 4.375], "rotation": 90, "texture": "#5"}
			}
		},
		{
			"from": [7.84087, 23.3525, 8.19151],
			"to": [8.05104, 23.72196, 8.43568],
			"rotation": {"angle": 45, "axis": "y", "origin": [6.82095, 22.1404, 8.31359]},
			"faces": {
				"north": {"uv": [5.625, 4.375, 5.625, 4.375], "texture": "#5"},
				"east": {"uv": [5.625, 4.375, 5.625, 4.375], "texture": "#5"},
				"south": {"uv": [5.625, 4.375, 5.625, 4.375], "texture": "#5"},
				"west": {"uv": [5.625, 4.375, 5.625, 4.375], "texture": "#5"},
				"up": {"uv": [5.625, 4.375, 5.625, 4.375], "rotation": 270, "texture": "#5"},
				"down": {"uv": [5.625, 4.375, 5.625, 4.375], "rotation": 90, "texture": "#5"}
			}
		},
		{
			"from": [6.69887, 23.3525, 7.08351],
			"to": [6.94304, 23.72196, 7.29368],
			"rotation": {"angle": 0, "axis": "y", "origin": [42.44451, 40.57015, 41.76404]},
			"faces": {
				"north": {"uv": [5.625, 4.375, 5.625, 4.375], "texture": "#5"},
				"east": {"uv": [5.625, 4.375, 5.625, 4.375], "texture": "#5"},
				"south": {"uv": [5.625, 4.375, 5.625, 4.375], "texture": "#5"},
				"west": {"uv": [5.625, 4.375, 5.625, 4.375], "texture": "#5"},
				"up": {"uv": [5.625, 4.375, 5.625, 4.375], "texture": "#5"},
				"down": {"uv": [5.625, 4.375, 5.625, 4.375], "texture": "#5"}
			}
		},
		{
			"from": [6.69887, 23.3525, 7.08351],
			"to": [6.94304, 23.72196, 7.29368],
			"rotation": {"angle": 45, "axis": "y", "origin": [6.82095, 22.1404, 8.31359]},
			"faces": {
				"north": {"uv": [5.625, 4.375, 5.625, 4.375], "texture": "#5"},
				"east": {"uv": [5.625, 4.375, 5.625, 4.375], "texture": "#5"},
				"south": {"uv": [5.625, 4.375, 5.625, 4.375], "texture": "#5"},
				"west": {"uv": [5.625, 4.375, 5.625, 4.375], "texture": "#5"},
				"up": {"uv": [5.625, 4.375, 5.625, 4.375], "texture": "#5"},
				"down": {"uv": [5.625, 4.375, 5.625, 4.375], "texture": "#5"}
			}
		},
		{
			"from": [5.59087, 23.3525, 8.19151],
			"to": [5.80104, 23.72196, 8.43568],
			"rotation": {"angle": 0, "axis": "y", "origin": [6.82095, 22.1404, 8.31359]},
			"faces": {
				"north": {"uv": [5.625, 4.375, 5.625, 4.375], "texture": "#5"},
				"east": {"uv": [5.625, 4.375, 5.625, 4.375], "texture": "#5"},
				"south": {"uv": [5.625, 4.375, 5.625, 4.375], "texture": "#5"},
				"west": {"uv": [5.625, 4.375, 5.625, 4.375], "texture": "#5"},
				"up": {"uv": [5.625, 4.375, 5.625, 4.375], "rotation": 270, "texture": "#5"},
				"down": {"uv": [5.625, 4.375, 5.625, 4.375], "rotation": 90, "texture": "#5"}
			}
		},
		{
			"from": [5.59087, 23.3525, 8.19151],
			"to": [5.80104, 23.72196, 8.43568],
			"rotation": {"angle": 45, "axis": "y", "origin": [6.82095, 22.1404, 8.31359]},
			"faces": {
				"north": {"uv": [5.625, 4.375, 5.625, 4.375], "texture": "#5"},
				"east": {"uv": [5.625, 4.375, 5.625, 4.375], "texture": "#5"},
				"south": {"uv": [5.625, 4.375, 5.625, 4.375], "texture": "#5"},
				"west": {"uv": [5.625, 4.375, 5.625, 4.375], "texture": "#5"},
				"up": {"uv": [5.625, 4.375, 5.625, 4.375], "rotation": 270, "texture": "#5"},
				"down": {"uv": [5.625, 4.375, 5.625, 4.375], "rotation": 90, "texture": "#5"}
			}
		},
		{
			"from": [6.69887, 20.55885, 9.33351],
			"to": [6.94304, 21.05529, 9.54368],
			"rotation": {"angle": 0, "axis": "y", "origin": [42.44451, 40.57015, 44.01404]},
			"faces": {
				"north": {"uv": [5.625, 4.375, 5.625, 4.375], "texture": "#5"},
				"east": {"uv": [5.625, 4.375, 5.625, 4.375], "texture": "#5"},
				"south": {"uv": [5.625, 4.375, 5.625, 4.375], "texture": "#5"},
				"west": {"uv": [5.625, 4.375, 5.625, 4.375], "texture": "#5"},
				"up": {"uv": [5.625, 4.375, 5.625, 4.375], "texture": "#5"},
				"down": {"uv": [5.625, 4.375, 5.625, 4.375], "texture": "#5"}
			}
		},
		{
			"from": [6.69887, 20.55885, 9.33351],
			"to": [6.94304, 21.05529, 9.54368],
			"rotation": {"angle": 45, "axis": "y", "origin": [6.82095, 22.1404, 8.31359]},
			"faces": {
				"north": {"uv": [5.625, 4.375, 5.625, 4.375], "texture": "#5"},
				"east": {"uv": [5.625, 4.375, 5.625, 4.375], "texture": "#5"},
				"south": {"uv": [5.625, 4.375, 5.625, 4.375], "texture": "#5"},
				"west": {"uv": [5.625, 4.375, 5.625, 4.375], "texture": "#5"},
				"up": {"uv": [5.625, 4.375, 5.625, 4.375], "texture": "#5"},
				"down": {"uv": [5.625, 4.375, 5.625, 4.375], "texture": "#5"}
			}
		},
		{
			"from": [7.84087, 20.55885, 8.19151],
			"to": [8.05104, 21.05529, 8.43568],
			"rotation": {"angle": 0, "axis": "y", "origin": [6.82095, 22.1404, 8.31359]},
			"faces": {
				"north": {"uv": [5.625, 4.375, 5.625, 4.375], "texture": "#5"},
				"east": {"uv": [5.625, 4.375, 5.625, 4.375], "texture": "#5"},
				"south": {"uv": [5.625, 4.375, 5.625, 4.375], "texture": "#5"},
				"west": {"uv": [5.625, 4.375, 5.625, 4.375], "texture": "#5"},
				"up": {"uv": [5.625, 4.375, 5.625, 4.375], "rotation": 270, "texture": "#5"},
				"down": {"uv": [5.625, 4.375, 5.625, 4.375], "rotation": 90, "texture": "#5"}
			}
		},
		{
			"from": [7.84087, 20.55885, 8.19151],
			"to": [8.05104, 21.05529, 8.43568],
			"rotation": {"angle": 45, "axis": "y", "origin": [6.82095, 22.1404, 8.31359]},
			"faces": {
				"north": {"uv": [5.625, 4.375, 5.625, 4.375], "texture": "#5"},
				"east": {"uv": [5.625, 4.375, 5.625, 4.375], "texture": "#5"},
				"south": {"uv": [5.625, 4.375, 5.625, 4.375], "texture": "#5"},
				"west": {"uv": [5.625, 4.375, 5.625, 4.375], "texture": "#5"},
				"up": {"uv": [5.625, 4.375, 5.625, 4.375], "rotation": 270, "texture": "#5"},
				"down": {"uv": [5.625, 4.375, 5.625, 4.375], "rotation": 90, "texture": "#5"}
			}
		},
		{
			"from": [6.69887, 20.55885, 7.08351],
			"to": [6.94304, 21.05529, 7.29368],
			"rotation": {"angle": 0, "axis": "y", "origin": [42.44451, 40.57015, 41.76404]},
			"faces": {
				"north": {"uv": [5.625, 4.375, 5.625, 4.375], "texture": "#5"},
				"east": {"uv": [5.625, 4.375, 5.625, 4.375], "texture": "#5"},
				"south": {"uv": [5.625, 4.375, 5.625, 4.375], "texture": "#5"},
				"west": {"uv": [5.625, 4.375, 5.625, 4.375], "texture": "#5"},
				"up": {"uv": [5.625, 4.375, 5.625, 4.375], "texture": "#5"},
				"down": {"uv": [5.625, 4.375, 5.625, 4.375], "texture": "#5"}
			}
		},
		{
			"from": [6.69887, 20.55885, 7.08351],
			"to": [6.94304, 21.05529, 7.29368],
			"rotation": {"angle": 45, "axis": "y", "origin": [6.82095, 22.1404, 8.31359]},
			"faces": {
				"north": {"uv": [5.625, 4.375, 5.625, 4.375], "texture": "#5"},
				"east": {"uv": [5.625, 4.375, 5.625, 4.375], "texture": "#5"},
				"south": {"uv": [5.625, 4.375, 5.625, 4.375], "texture": "#5"},
				"west": {"uv": [5.625, 4.375, 5.625, 4.375], "texture": "#5"},
				"up": {"uv": [5.625, 4.375, 5.625, 4.375], "texture": "#5"},
				"down": {"uv": [5.625, 4.375, 5.625, 4.375], "texture": "#5"}
			}
		},
		{
			"from": [5.59087, 20.55885, 8.19151],
			"to": [5.80104, 21.05529, 8.43568],
			"rotation": {"angle": 0, "axis": "y", "origin": [6.82095, 22.1404, 8.31359]},
			"faces": {
				"north": {"uv": [5.625, 4.375, 5.625, 4.375], "texture": "#5"},
				"east": {"uv": [5.625, 4.375, 5.625, 4.375], "texture": "#5"},
				"south": {"uv": [5.625, 4.375, 5.625, 4.375], "texture": "#5"},
				"west": {"uv": [5.625, 4.375, 5.625, 4.375], "texture": "#5"},
				"up": {"uv": [5.625, 4.375, 5.625, 4.375], "rotation": 270, "texture": "#5"},
				"down": {"uv": [5.625, 4.375, 5.625, 4.375], "rotation": 90, "texture": "#5"}
			}
		},
		{
			"from": [5.59087, 20.55885, 8.19151],
			"to": [5.80104, 21.05529, 8.43568],
			"rotation": {"angle": 45, "axis": "y", "origin": [6.82095, 22.1404, 8.31359]},
			"faces": {
				"north": {"uv": [5.625, 4.375, 5.625, 4.375], "texture": "#5"},
				"east": {"uv": [5.625, 4.375, 5.625, 4.375], "texture": "#5"},
				"south": {"uv": [5.625, 4.375, 5.625, 4.375], "texture": "#5"},
				"west": {"uv": [5.625, 4.375, 5.625, 4.375], "texture": "#5"},
				"up": {"uv": [5.625, 4.375, 5.625, 4.375], "rotation": 270, "texture": "#5"},
				"down": {"uv": [5.625, 4.375, 5.625, 4.375], "rotation": 90, "texture": "#5"}
			}
		},
		{
			"from": [6.76137, 20.55885, 9.36476],
			"to": [6.88054, 23.59497, 9.51243],
			"rotation": {"angle": 0, "axis": "y", "origin": [42.44451, 40.57015, 43.98279]},
			"faces": {
				"north": {"uv": [2.5, 9.5, 2.5, 9.5], "texture": "#5"},
				"east": {"uv": [2.5, 9.5, 2.5, 9.5], "texture": "#5"},
				"south": {"uv": [2.5, 9.5, 2.5, 9.5], "texture": "#5"},
				"west": {"uv": [2.5, 9.5, 2.5, 9.5], "texture": "#5"},
				"up": {"uv": [2.5, 9.5, 2.5, 9.5], "texture": "#5"},
				"down": {"uv": [2.5, 9.5, 2.5, 9.5], "texture": "#5"}
			}
		},
		{
			"from": [6.76137, 20.55885, 9.36476],
			"to": [6.88054, 23.59497, 9.51243],
			"rotation": {"angle": 45, "axis": "y", "origin": [6.82095, 22.1404, 8.31359]},
			"faces": {
				"north": {"uv": [2.5, 9.5, 2.5, 9.5], "texture": "#5"},
				"east": {"uv": [2.5, 9.5, 2.5, 9.5], "texture": "#5"},
				"south": {"uv": [2.5, 9.5, 2.5, 9.5], "texture": "#5"},
				"west": {"uv": [2.5, 9.5, 2.5, 9.5], "texture": "#5"},
				"up": {"uv": [2.5, 9.5, 2.5, 9.5], "texture": "#5"},
				"down": {"uv": [2.5, 9.5, 2.5, 9.5], "texture": "#5"}
			}
		},
		{
			"from": [7.87212, 20.55885, 8.25401],
			"to": [8.01979, 23.59497, 8.37318],
			"rotation": {"angle": 0, "axis": "y", "origin": [6.82095, 22.1404, 8.31359]},
			"faces": {
				"north": {"uv": [2.5, 9.5, 2.5, 9.5], "texture": "#5"},
				"east": {"uv": [2.5, 9.5, 2.5, 9.5], "texture": "#5"},
				"south": {"uv": [2.5, 9.5, 2.5, 9.5], "texture": "#5"},
				"west": {"uv": [2.5, 9.5, 2.5, 9.5], "texture": "#5"},
				"up": {"uv": [2.5, 9.5, 2.5, 9.5], "rotation": 270, "texture": "#5"},
				"down": {"uv": [2.5, 9.5, 2.5, 9.5], "rotation": 90, "texture": "#5"}
			}
		},
		{
			"from": [7.87212, 20.55885, 8.25401],
			"to": [8.01979, 23.59497, 8.37318],
			"rotation": {"angle": 45, "axis": "y", "origin": [6.82095, 22.1404, 8.31359]},
			"faces": {
				"north": {"uv": [2.5, 9.5, 2.5, 9.5], "texture": "#5"},
				"east": {"uv": [2.5, 9.5, 2.5, 9.5], "texture": "#5"},
				"south": {"uv": [2.5, 9.5, 2.5, 9.5], "texture": "#5"},
				"west": {"uv": [2.5, 9.5, 2.5, 9.5], "texture": "#5"},
				"up": {"uv": [2.5, 9.5, 2.5, 9.5], "rotation": 270, "texture": "#5"},
				"down": {"uv": [2.5, 9.5, 2.5, 9.5], "rotation": 90, "texture": "#5"}
			}
		},
		{
			"from": [6.76137, 20.55885, 7.11476],
			"to": [6.88054, 23.59497, 7.26243],
			"rotation": {"angle": 0, "axis": "y", "origin": [42.44451, 40.57015, 41.73279]},
			"faces": {
				"north": {"uv": [2.5, 9.5, 2.5, 9.5], "texture": "#5"},
				"east": {"uv": [2.5, 9.5, 2.5, 9.5], "texture": "#5"},
				"south": {"uv": [2.5, 9.5, 2.5, 9.5], "texture": "#5"},
				"west": {"uv": [2.5, 9.5, 2.5, 9.5], "texture": "#5"},
				"up": {"uv": [2.5, 9.5, 2.5, 9.5], "texture": "#5"},
				"down": {"uv": [2.5, 9.5, 2.5, 9.5], "texture": "#5"}
			}
		},
		{
			"from": [6.76137, 20.55885, 7.11476],
			"to": [6.88054, 23.59497, 7.26243],
			"rotation": {"angle": 45, "axis": "y", "origin": [6.82095, 22.1404, 8.31359]},
			"faces": {
				"north": {"uv": [2.5, 9.5, 2.5, 9.5], "texture": "#5"},
				"east": {"uv": [2.5, 9.5, 2.5, 9.5], "texture": "#5"},
				"south": {"uv": [2.5, 9.5, 2.5, 9.5], "texture": "#5"},
				"west": {"uv": [2.5, 9.5, 2.5, 9.5], "texture": "#5"},
				"up": {"uv": [2.5, 9.5, 2.5, 9.5], "texture": "#5"},
				"down": {"uv": [2.5, 9.5, 2.5, 9.5], "texture": "#5"}
			}
		},
		{
			"from": [5.62212, 20.55885, 8.25401],
			"to": [5.76979, 23.59497, 8.37318],
			"rotation": {"angle": 0, "axis": "y", "origin": [6.82095, 22.1404, 8.31359]},
			"faces": {
				"north": {"uv": [2.5, 9.5, 2.5, 9.5], "texture": "#5"},
				"east": {"uv": [2.5, 9.5, 2.5, 9.5], "texture": "#5"},
				"south": {"uv": [2.5, 9.5, 2.5, 9.5], "texture": "#5"},
				"west": {"uv": [2.5, 9.5, 2.5, 9.5], "texture": "#5"},
				"up": {"uv": [2.5, 9.5, 2.5, 9.5], "rotation": 270, "texture": "#5"},
				"down": {"uv": [2.5, 9.5, 2.5, 9.5], "rotation": 90, "texture": "#5"}
			}
		},
		{
			"from": [5.62212, 20.55885, 8.25401],
			"to": [5.76979, 23.59497, 8.37318],
			"rotation": {"angle": 45, "axis": "y", "origin": [6.82095, 22.1404, 8.31359]},
			"faces": {
				"north": {"uv": [2.5, 9.5, 2.5, 9.5], "texture": "#5"},
				"east": {"uv": [2.5, 9.5, 2.5, 9.5], "texture": "#5"},
				"south": {"uv": [2.5, 9.5, 2.5, 9.5], "texture": "#5"},
				"west": {"uv": [2.5, 9.5, 2.5, 9.5], "texture": "#5"},
				"up": {"uv": [2.5, 9.5, 2.5, 9.5], "rotation": 270, "texture": "#5"},
				"down": {"uv": [2.5, 9.5, 2.5, 9.5], "rotation": 90, "texture": "#5"}
			}
		},
		{
			"from": [6.19093, 23.60647, 6.98331],
			"to": [7.32399, 23.72196, 9.67066],
			"rotation": {"angle": 0, "axis": "y", "origin": [42.44451, 40.57015, 44.01404]},
			"faces": {
				"north": {"uv": [3, 4.625, 3, 4.625], "texture": "#4"},
				"east": {"uv": [3, 4.625, 3, 4.625], "texture": "#4"},
				"south": {"uv": [3, 4.625, 3, 4.625], "texture": "#4"},
				"west": {"uv": [3, 4.625, 3, 4.625], "texture": "#4"},
				"up": {"uv": [3, 4.625, 3, 4.625], "texture": "#4"},
				"down": {"uv": [3, 4.625, 3, 4.625], "texture": "#4"}
			}
		},
		{
			"from": [6.19093, 20.56875, 6.98331],
			"to": [7.32399, 20.68424, 9.67066],
			"rotation": {"angle": 0, "axis": "y", "origin": [42.44451, 37.53243, 44.01404]},
			"faces": {
				"north": {"uv": [3, 4.625, 3, 4.625], "texture": "#4"},
				"east": {"uv": [3, 4.625, 3, 4.625], "texture": "#4"},
				"south": {"uv": [3, 4.625, 3, 4.625], "texture": "#4"},
				"west": {"uv": [3, 4.625, 3, 4.625], "texture": "#4"},
				"up": {"uv": [3, 4.625, 3, 4.625], "texture": "#4"},
				"down": {"uv": [3, 4.625, 3, 4.625], "texture": "#4"}
			}
		},
		{
			"from": [6.19093, 24.42934, 6.98331],
			"to": [7.32399, 24.54483, 9.67066],
			"rotation": {"angle": 0, "axis": "y", "origin": [42.44451, 41.39302, 44.01404]},
			"faces": {
				"north": {"uv": [5.625, 4.375, 5.625, 4.375], "texture": "#4"},
				"east": {"uv": [5.625, 4.375, 5.625, 4.375], "texture": "#4"},
				"south": {"uv": [5.625, 4.375, 5.625, 4.375], "texture": "#4"},
				"west": {"uv": [5.625, 4.375, 5.625, 4.375], "texture": "#4"},
				"up": {"uv": [5.625, 4.375, 5.625, 4.375], "texture": "#4"},
				"down": {"uv": [5.625, 4.375, 5.625, 4.375], "texture": "#4"}
			}
		},
		{
			"from": [5.6941, 20.29325, 7.26362],
			"to": [7.82082, 20.65981, 9.39035],
			"rotation": {"angle": 0, "axis": "y", "origin": [41.74476, 36.38598, 43.31429]},
			"faces": {
				"north": {"uv": [1.5, 1.375, 1.5, 1.375], "texture": "#6"},
				"east": {"uv": [1.5, 1.375, 1.5, 1.375], "texture": "#6"},
				"south": {"uv": [1.5, 1.375, 1.5, 1.375], "texture": "#6"},
				"west": {"uv": [1.5, 1.375, 1.5, 1.375], "texture": "#6"},
				"up": {"uv": [1.5, 1.375, 1.5, 1.375], "texture": "#6"},
				"down": {"uv": [1.5, 1.375, 1.5, 1.375], "texture": "#6"}
			}
		},
		{
			"from": [5.73664, 20.10063, 7.30616],
			"to": [7.77828, 20.45252, 9.34781],
			"rotation": {"angle": 0, "axis": "y", "origin": [6.75746, 20.27658, 8.32699]},
			"faces": {
				"north": {"uv": [4.875, 7.625, 4.875, 7.625], "texture": "#6"},
				"east": {"uv": [4.875, 7.625, 4.875, 7.625], "texture": "#6"},
				"south": {"uv": [4.875, 7.625, 4.875, 7.625], "texture": "#6"},
				"west": {"uv": [4.875, 7.625, 4.875, 7.625], "texture": "#6"},
				"up": {"uv": [4.875, 7.625, 4.875, 7.625], "texture": "#6"},
				"down": {"uv": [4.875, 7.625, 4.875, 7.625], "texture": "#6"}
			}
		},
		{
			"from": [6.59476, 19.59269, 7.30616],
			"to": [7.001, 19.94459, 9.34781],
			"rotation": {"angle": 0, "axis": "y", "origin": [6.7267, 19.76864, 8.32699]},
			"faces": {
				"north": {"uv": [4.875, 7.625, 4.875, 7.625], "texture": "#6"},
				"east": {"uv": [4.875, 7.625, 4.875, 7.625], "texture": "#6"},
				"south": {"uv": [4.875, 7.625, 4.875, 7.625], "texture": "#6"},
				"west": {"uv": [4.875, 7.625, 4.875, 7.625], "texture": "#6"},
				"up": {"uv": [4.875, 7.625, 4.875, 7.625], "texture": "#6"},
				"down": {"uv": [4.875, 7.625, 4.875, 7.625], "texture": "#6"}
			}
		},
		{
			"from": [6.69226, 18.27749, 7.79615],
			"to": [6.9035, 19.7294, 8.85782],
			"rotation": {"angle": 0, "axis": "y", "origin": [6.76087, 19.6379, 8.32699]},
			"faces": {
				"north": {"uv": [4.875, 7.625, 4.875, 7.625], "texture": "#6"},
				"east": {"uv": [4.875, 7.625, 4.875, 7.625], "texture": "#6"},
				"south": {"uv": [4.875, 7.625, 4.875, 7.625], "texture": "#6"},
				"west": {"uv": [4.875, 7.625, 4.875, 7.625], "texture": "#6"},
				"up": {"uv": [4.875, 7.625, 4.875, 7.625], "texture": "#6"},
				"down": {"uv": [4.875, 7.625, 4.875, 7.625], "texture": "#6"}
			}
		},
		{
			"from": [6.70282, 17.46569, 7.84924],
			"to": [6.89294, 18.7724, 8.80473],
			"rotation": {"angle": 0, "axis": "y", "origin": [6.76457, 18.69006, 8.32699]},
			"faces": {
				"north": {"uv": [4.875, 7.625, 4.875, 7.625], "texture": "#6"},
				"east": {"uv": [4.875, 7.625, 4.875, 7.625], "texture": "#6"},
				"south": {"uv": [4.875, 7.625, 4.875, 7.625], "texture": "#6"},
				"west": {"uv": [4.875, 7.625, 4.875, 7.625], "texture": "#6"},
				"up": {"uv": [4.875, 7.625, 4.875, 7.625], "texture": "#6"},
				"down": {"uv": [4.875, 7.625, 4.875, 7.625], "texture": "#6"}
			}
		},
		{
			"from": [6.6629, 18.72936, 7.64858],
			"to": [6.93286, 20.5849, 9.00539],
			"rotation": {"angle": 0, "axis": "y", "origin": [6.75058, 20.46797, 8.32699]},
			"faces": {
				"north": {"uv": [4.875, 7.625, 4.875, 7.625], "texture": "#6"},
				"east": {"uv": [4.875, 7.625, 4.875, 7.625], "texture": "#6"},
				"south": {"uv": [4.875, 7.625, 4.875, 7.625], "texture": "#6"},
				"west": {"uv": [4.875, 7.625, 4.875, 7.625], "texture": "#6"},
				"up": {"uv": [4.875, 7.625, 4.875, 7.625], "texture": "#6"},
				"down": {"uv": [4.875, 7.625, 4.875, 7.625], "texture": "#6"}
			}
		},
		{
			"from": [6.6224, 19.33992, 7.44506],
			"to": [6.97336, 20.22941, 9.20891],
			"rotation": {"angle": 0, "axis": "y", "origin": [6.73638, 21.60011, 8.32699]},
			"faces": {
				"north": {"uv": [4.875, 7.625, 4.875, 7.625], "texture": "#6"},
				"east": {"uv": [4.875, 7.625, 4.875, 7.625], "texture": "#6"},
				"south": {"uv": [4.875, 7.625, 4.875, 7.625], "texture": "#6"},
				"west": {"uv": [4.875, 7.625, 4.875, 7.625], "texture": "#6"},
				"up": {"uv": [4.875, 7.625, 4.875, 7.625], "texture": "#6"},
				"down": {"uv": [4.875, 7.625, 4.875, 7.625], "texture": "#6"}
			}
		},
		{
			"from": [6.64351, 19.0726, 7.55116],
			"to": [6.95225, 19.90236, 9.10281],
			"rotation": {"angle": 0, "axis": "y", "origin": [6.74378, 19.76864, 8.32699]},
			"faces": {
				"north": {"uv": [4.875, 7.625, 4.875, 7.625], "texture": "#6"},
				"east": {"uv": [4.875, 7.625, 4.875, 7.625], "texture": "#6"},
				"south": {"uv": [4.875, 7.625, 4.875, 7.625], "texture": "#6"},
				"west": {"uv": [4.875, 7.625, 4.875, 7.625], "texture": "#6"},
				"up": {"uv": [4.875, 7.625, 4.875, 7.625], "texture": "#6"},
				"down": {"uv": [4.875, 7.625, 4.875, 7.625], "texture": "#6"}
			}
		},
		{
			"from": [6.73416, 5.89669, 8.00672],
			"to": [6.8616, 19.31034, 8.64725],
			"rotation": {"angle": 0, "axis": "y", "origin": [6.77555, 26.75328, 8.32699]},
			"faces": {
				"north": {"uv": [4.875, 7.625, 4.875, 7.625], "texture": "#6"},
				"east": {"uv": [4.875, 7.625, 4.875, 7.625], "texture": "#6"},
				"south": {"uv": [4.875, 7.625, 4.875, 7.625], "texture": "#6"},
				"west": {"uv": [4.875, 7.625, 4.875, 7.625], "texture": "#6"},
				"up": {"uv": [4.875, 7.625, 4.875, 7.625], "texture": "#6"},
				"down": {"uv": [4.875, 7.625, 4.875, 7.625], "texture": "#6"}
			}
		},
		{
			"from": [6.72269, 4.68946, 7.94908],
			"to": [6.87307, 6.18261, 8.70489],
			"rotation": {"angle": 0, "axis": "y", "origin": [6.77153, 29.30023, 8.32699]},
			"faces": {
				"north": {"uv": [4.875, 7.625, 4.875, 7.625], "texture": "#6"},
				"east": {"uv": [4.875, 7.625, 4.875, 7.625], "texture": "#6"},
				"south": {"uv": [4.875, 7.625, 4.875, 7.625], "texture": "#6"},
				"west": {"uv": [4.875, 7.625, 4.875, 7.625], "texture": "#6"},
				"up": {"uv": [4.875, 7.625, 4.875, 7.625], "texture": "#6"},
				"down": {"uv": [4.875, 7.625, 4.875, 7.625], "texture": "#6"}
			}
		},
		{
			"from": [6.69261, 4.56771, 7.79791],
			"to": [6.90315, 5.02006, 8.85606],
			"rotation": {"angle": 0, "axis": "y", "origin": [6.76099, 39.02279, 8.32699]},
			"faces": {
				"north": {"uv": [4.875, 7.625, 4.875, 7.625], "texture": "#6"},
				"east": {"uv": [4.875, 7.625, 4.875, 7.625], "texture": "#6"},
				"south": {"uv": [4.875, 7.625, 4.875, 7.625], "texture": "#6"},
				"west": {"uv": [4.875, 7.625, 4.875, 7.625], "texture": "#6"},
				"up": {"uv": [4.875, 7.625, 4.875, 7.625], "texture": "#6"},
				"down": {"uv": [4.875, 7.625, 4.875, 7.625], "texture": "#6"}
			}
		},
		{
			"from": [6.69261, 4.20626, 7.79791],
			"to": [6.90315, 4.4202, 8.85606],
			"rotation": {"angle": 0, "axis": "y", "origin": [6.76099, 38.66134, 8.32699]},
			"faces": {
				"north": {"uv": [4.875, 7.625, 4.875, 7.625], "texture": "#6"},
				"east": {"uv": [4.875, 7.625, 4.875, 7.625], "texture": "#6"},
				"south": {"uv": [4.875, 7.625, 4.875, 7.625], "texture": "#6"},
				"west": {"uv": [4.875, 7.625, 4.875, 7.625], "texture": "#6"},
				"up": {"uv": [4.875, 7.625, 4.875, 7.625], "texture": "#6"},
				"down": {"uv": [4.875, 7.625, 4.875, 7.625], "texture": "#6"}
			}
		},
		{
			"from": [6.70735, 4.4058, 7.87198],
			"to": [6.88841, 4.5898, 8.78199],
			"rotation": {"angle": 0, "axis": "y", "origin": [6.76615, 34.03718, 8.32699]},
			"faces": {
				"north": {"uv": [3.625, 6.125, 3.625, 6.125], "texture": "#4"},
				"east": {"uv": [3.625, 6.125, 3.625, 6.125], "texture": "#4"},
				"south": {"uv": [3.625, 6.125, 3.625, 6.125], "texture": "#4"},
				"west": {"uv": [3.625, 6.125, 3.625, 6.125], "texture": "#4"},
				"up": {"uv": [3.625, 6.125, 3.625, 6.125], "texture": "#4"},
				"down": {"uv": [3.625, 6.125, 3.625, 6.125], "texture": "#4"}
			}
		},
		{
			"from": [5.77705, 19.59269, 8.12387],
			"to": [7.81871, 19.94459, 8.5301],
			"rotation": {"angle": 0, "axis": "y", "origin": [6.79788, 19.76864, 8.32699]},
			"faces": {
				"north": {"uv": [4.875, 7.625, 4.875, 7.625], "texture": "#6"},
				"east": {"uv": [4.875, 7.625, 4.875, 7.625], "texture": "#6"},
				"south": {"uv": [4.875, 7.625, 4.875, 7.625], "texture": "#6"},
				"west": {"uv": [4.875, 7.625, 4.875, 7.625], "texture": "#6"},
				"up": {"uv": [4.875, 7.625, 4.875, 7.625], "rotation": 90, "texture": "#6"},
				"down": {"uv": [4.875, 7.625, 4.875, 7.625], "rotation": 270, "texture": "#6"}
			}
		},
		{
			"from": [6.26705, 18.27749, 8.22136],
			"to": [7.32871, 19.7294, 8.43261],
			"rotation": {"angle": 0, "axis": "y", "origin": [6.79788, 19.6379, 8.32699]},
			"faces": {
				"north": {"uv": [4.875, 7.625, 4.875, 7.625], "texture": "#6"},
				"east": {"uv": [4.875, 7.625, 4.875, 7.625], "texture": "#6"},
				"south": {"uv": [4.875, 7.625, 4.875, 7.625], "texture": "#6"},
				"west": {"uv": [4.875, 7.625, 4.875, 7.625], "texture": "#6"},
				"up": {"uv": [4.875, 7.625, 4.875, 7.625], "rotation": 90, "texture": "#6"},
				"down": {"uv": [4.875, 7.625, 4.875, 7.625], "rotation": 270, "texture": "#6"}
			}
		},
		{
			"from": [6.32013, 17.46569, 8.23193],
			"to": [7.27563, 18.7724, 8.42204],
			"rotation": {"angle": 0, "axis": "y", "origin": [6.79788, 18.69006, 8.32699]},
			"faces": {
				"north": {"uv": [4.875, 7.625, 4.875, 7.625], "texture": "#6"},
				"east": {"uv": [4.875, 7.625, 4.875, 7.625], "texture": "#6"},
				"south": {"uv": [4.875, 7.625, 4.875, 7.625], "texture": "#6"},
				"west": {"uv": [4.875, 7.625, 4.875, 7.625], "texture": "#6"},
				"up": {"uv": [4.875, 7.625, 4.875, 7.625], "rotation": 90, "texture": "#6"},
				"down": {"uv": [4.875, 7.625, 4.875, 7.625], "rotation": 270, "texture": "#6"}
			}
		},
		{
			"from": [6.11948, 18.72936, 8.192],
			"to": [7.47628, 20.5849, 8.46197],
			"rotation": {"angle": 0, "axis": "y", "origin": [6.79788, 20.46797, 8.32699]},
			"faces": {
				"north": {"uv": [4.875, 7.625, 4.875, 7.625], "texture": "#6"},
				"east": {"uv": [4.875, 7.625, 4.875, 7.625], "texture": "#6"},
				"south": {"uv": [4.875, 7.625, 4.875, 7.625], "texture": "#6"},
				"west": {"uv": [4.875, 7.625, 4.875, 7.625], "texture": "#6"},
				"up": {"uv": [4.875, 7.625, 4.875, 7.625], "rotation": 90, "texture": "#6"},
				"down": {"uv": [4.875, 7.625, 4.875, 7.625], "rotation": 270, "texture": "#6"}
			}
		},
		{
			"from": [5.91596, 19.33992, 8.15151],
			"to": [7.6798, 20.22941, 8.50246],
			"rotation": {"angle": 0, "axis": "y", "origin": [6.79788, 21.60011, 8.32699]},
			"faces": {
				"north": {"uv": [4.875, 7.625, 4.875, 7.625], "texture": "#6"},
				"east": {"uv": [4.875, 7.625, 4.875, 7.625], "texture": "#6"},
				"south": {"uv": [4.875, 7.625, 4.875, 7.625], "texture": "#6"},
				"west": {"uv": [4.875, 7.625, 4.875, 7.625], "texture": "#6"},
				"up": {"uv": [4.875, 7.625, 4.875, 7.625], "rotation": 90, "texture": "#6"},
				"down": {"uv": [4.875, 7.625, 4.875, 7.625], "rotation": 270, "texture": "#6"}
			}
		},
		{
			"from": [6.02205, 19.0726, 8.17262],
			"to": [7.57371, 19.90236, 8.48135],
			"rotation": {"angle": 0, "axis": "y", "origin": [6.79788, 19.76864, 8.32699]},
			"faces": {
				"north": {"uv": [4.875, 7.625, 4.875, 7.625], "texture": "#6"},
				"east": {"uv": [4.875, 7.625, 4.875, 7.625], "texture": "#6"},
				"south": {"uv": [4.875, 7.625, 4.875, 7.625], "texture": "#6"},
				"west": {"uv": [4.875, 7.625, 4.875, 7.625], "texture": "#6"},
				"up": {"uv": [4.875, 7.625, 4.875, 7.625], "rotation": 90, "texture": "#6"},
				"down": {"uv": [4.875, 7.625, 4.875, 7.625], "rotation": 270, "texture": "#6"}
			}
		},
		{
			"from": [6.47762, 5.89669, 8.26326],
			"to": [7.11814, 19.31034, 8.39071],
			"rotation": {"angle": 0, "axis": "y", "origin": [6.79788, 26.75328, 8.32699]},
			"faces": {
				"north": {"uv": [4.875, 7.625, 4.875, 7.625], "texture": "#6"},
				"east": {"uv": [4.875, 7.625, 4.875, 7.625], "texture": "#6"},
				"south": {"uv": [4.875, 7.625, 4.875, 7.625], "texture": "#6"},
				"west": {"uv": [4.875, 7.625, 4.875, 7.625], "texture": "#6"},
				"up": {"uv": [4.875, 7.625, 4.875, 7.625], "rotation": 90, "texture": "#6"},
				"down": {"uv": [4.875, 7.625, 4.875, 7.625], "rotation": 270, "texture": "#6"}
			}
		},
		{
			"from": [6.41997, 4.68946, 8.25179],
			"to": [7.17579, 6.18261, 8.40218],
			"rotation": {"angle": 0, "axis": "y", "origin": [6.79788, 29.30023, 8.32699]},
			"faces": {
				"north": {"uv": [4.875, 7.625, 4.875, 7.625], "texture": "#6"},
				"east": {"uv": [4.875, 7.625, 4.875, 7.625], "texture": "#6"},
				"south": {"uv": [4.875, 7.625, 4.875, 7.625], "texture": "#6"},
				"west": {"uv": [4.875, 7.625, 4.875, 7.625], "texture": "#6"},
				"up": {"uv": [4.875, 7.625, 4.875, 7.625], "rotation": 90, "texture": "#6"},
				"down": {"uv": [4.875, 7.625, 4.875, 7.625], "rotation": 270, "texture": "#6"}
			}
		},
		{
			"from": [6.26881, 4.56771, 8.22171],
			"to": [7.32695, 5.02006, 8.43226],
			"rotation": {"angle": 0, "axis": "y", "origin": [6.79788, 39.02279, 8.32699]},
			"faces": {
				"north": {"uv": [4.875, 7.625, 4.875, 7.625], "texture": "#6"},
				"east": {"uv": [4.875, 7.625, 4.875, 7.625], "texture": "#6"},
				"south": {"uv": [4.875, 7.625, 4.875, 7.625], "texture": "#6"},
				"west": {"uv": [4.875, 7.625, 4.875, 7.625], "texture": "#6"},
				"up": {"uv": [4.875, 7.625, 4.875, 7.625], "rotation": 90, "texture": "#6"},
				"down": {"uv": [4.875, 7.625, 4.875, 7.625], "rotation": 270, "texture": "#6"}
			}
		},
		{
			"from": [6.26881, 4.20626, 8.22171],
			"to": [7.32695, 4.4202, 8.43226],
			"rotation": {"angle": 0, "axis": "y", "origin": [6.79788, 38.66134, 8.32699]},
			"faces": {
				"north": {"uv": [4.875, 7.625, 4.875, 7.625], "texture": "#6"},
				"east": {"uv": [4.875, 7.625, 4.875, 7.625], "texture": "#6"},
				"south": {"uv": [4.875, 7.625, 4.875, 7.625], "texture": "#6"},
				"west": {"uv": [4.875, 7.625, 4.875, 7.625], "texture": "#6"},
				"up": {"uv": [4.875, 7.625, 4.875, 7.625], "rotation": 90, "texture": "#6"},
				"down": {"uv": [4.875, 7.625, 4.875, 7.625], "rotation": 270, "texture": "#6"}
			}
		},
		{
			"from": [6.34288, 4.4058, 8.23645],
			"to": [7.25288, 4.5898, 8.41752],
			"rotation": {"angle": 0, "axis": "y", "origin": [6.79788, 34.03718, 8.32699]},
			"faces": {
				"north": {"uv": [3.625, 6.125, 3.625, 6.125], "rotation": 90, "texture": "#4"},
				"east": {"uv": [3.625, 6.125, 3.625, 6.125], "rotation": 90, "texture": "#4"},
				"south": {"uv": [3.625, 6.125, 3.625, 6.125], "rotation": 90, "texture": "#4"},
				"west": {"uv": [3.625, 6.125, 3.625, 6.125], "rotation": 90, "texture": "#4"},
				"up": {"uv": [3.625, 6.125, 3.625, 6.125], "rotation": 90, "texture": "#4"},
				"down": {"uv": [3.625, 6.125, 3.625, 6.125], "rotation": 90, "texture": "#4"}
			}
		},
		{
			"from": [6.59476, 19.59269, 7.30616],
			"to": [7.001, 19.94459, 9.34781],
			"rotation": {"angle": -45, "axis": "y", "origin": [6.79788, 19.76864, 8.32699]},
			"faces": {
				"north": {"uv": [4.875, 7.625, 4.875, 7.625], "texture": "#6"},
				"east": {"uv": [4.875, 7.625, 4.875, 7.625], "texture": "#6"},
				"south": {"uv": [4.875, 7.625, 4.875, 7.625], "texture": "#6"},
				"west": {"uv": [4.875, 7.625, 4.875, 7.625], "texture": "#6"},
				"up": {"uv": [4.875, 7.625, 4.875, 7.625], "texture": "#6"},
				"down": {"uv": [4.875, 7.625, 4.875, 7.625], "texture": "#6"}
			}
		},
		{
			"from": [6.69226, 18.27749, 7.79615],
			"to": [6.9035, 19.7294, 8.85782],
			"rotation": {"angle": -45, "axis": "y", "origin": [6.79788, 19.6379, 8.32699]},
			"faces": {
				"north": {"uv": [4.875, 7.625, 4.875, 7.625], "texture": "#6"},
				"east": {"uv": [4.875, 7.625, 4.875, 7.625], "texture": "#6"},
				"south": {"uv": [4.875, 7.625, 4.875, 7.625], "texture": "#6"},
				"west": {"uv": [4.875, 7.625, 4.875, 7.625], "texture": "#6"},
				"up": {"uv": [4.875, 7.625, 4.875, 7.625], "texture": "#6"},
				"down": {"uv": [4.875, 7.625, 4.875, 7.625], "texture": "#6"}
			}
		},
		{
			"from": [6.70282, 17.46569, 7.84924],
			"to": [6.89294, 18.7724, 8.80473],
			"rotation": {"angle": -45, "axis": "y", "origin": [6.79788, 18.69006, 8.32699]},
			"faces": {
				"north": {"uv": [4.875, 7.625, 4.875, 7.625], "texture": "#6"},
				"east": {"uv": [4.875, 7.625, 4.875, 7.625], "texture": "#6"},
				"south": {"uv": [4.875, 7.625, 4.875, 7.625], "texture": "#6"},
				"west": {"uv": [4.875, 7.625, 4.875, 7.625], "texture": "#6"},
				"up": {"uv": [4.875, 7.625, 4.875, 7.625], "texture": "#6"},
				"down": {"uv": [4.875, 7.625, 4.875, 7.625], "texture": "#6"}
			}
		},
		{
			"from": [6.6629, 18.72936, 7.64858],
			"to": [6.93286, 20.5849, 9.00539],
			"rotation": {"angle": -45, "axis": "y", "origin": [6.79788, 20.46797, 8.32699]},
			"faces": {
				"north": {"uv": [4.875, 7.625, 4.875, 7.625], "texture": "#6"},
				"east": {"uv": [4.875, 7.625, 4.875, 7.625], "texture": "#6"},
				"south": {"uv": [4.875, 7.625, 4.875, 7.625], "texture": "#6"},
				"west": {"uv": [4.875, 7.625, 4.875, 7.625], "texture": "#6"},
				"up": {"uv": [4.875, 7.625, 4.875, 7.625], "texture": "#6"},
				"down": {"uv": [4.875, 7.625, 4.875, 7.625], "texture": "#6"}
			}
		},
		{
			"from": [6.6224, 19.33992, 7.44506],
			"to": [6.97336, 20.22941, 9.20891],
			"rotation": {"angle": -45, "axis": "y", "origin": [6.79788, 21.60011, 8.32699]},
			"faces": {
				"north": {"uv": [4.875, 7.625, 4.875, 7.625], "texture": "#6"},
				"east": {"uv": [4.875, 7.625, 4.875, 7.625], "texture": "#6"},
				"south": {"uv": [4.875, 7.625, 4.875, 7.625], "texture": "#6"},
				"west": {"uv": [4.875, 7.625, 4.875, 7.625], "texture": "#6"},
				"up": {"uv": [4.875, 7.625, 4.875, 7.625], "texture": "#6"},
				"down": {"uv": [4.875, 7.625, 4.875, 7.625], "texture": "#6"}
			}
		},
		{
			"from": [6.64351, 19.0726, 7.55116],
			"to": [6.95225, 19.90236, 9.10281],
			"rotation": {"angle": -45, "axis": "y", "origin": [6.79788, 19.76864, 8.32699]},
			"faces": {
				"north": {"uv": [4.875, 7.625, 4.875, 7.625], "texture": "#6"},
				"east": {"uv": [4.875, 7.625, 4.875, 7.625], "texture": "#6"},
				"south": {"uv": [4.875, 7.625, 4.875, 7.625], "texture": "#6"},
				"west": {"uv": [4.875, 7.625, 4.875, 7.625], "texture": "#6"},
				"up": {"uv": [4.875, 7.625, 4.875, 7.625], "texture": "#6"},
				"down": {"uv": [4.875, 7.625, 4.875, 7.625], "texture": "#6"}
			}
		},
		{
			"from": [6.73416, 5.89669, 8.00672],
			"to": [6.8616, 19.31034, 8.64725],
			"rotation": {"angle": -45, "axis": "y", "origin": [6.79788, 26.75328, 8.32699]},
			"faces": {
				"north": {"uv": [4.875, 7.625, 4.875, 7.625], "texture": "#6"},
				"east": {"uv": [4.875, 7.625, 4.875, 7.625], "texture": "#6"},
				"south": {"uv": [4.875, 7.625, 4.875, 7.625], "texture": "#6"},
				"west": {"uv": [4.875, 7.625, 4.875, 7.625], "texture": "#6"},
				"up": {"uv": [4.875, 7.625, 4.875, 7.625], "texture": "#6"},
				"down": {"uv": [4.875, 7.625, 4.875, 7.625], "texture": "#6"}
			}
		},
		{
			"from": [6.72269, 4.68946, 7.94908],
			"to": [6.87307, 6.18261, 8.70489],
			"rotation": {"angle": -45, "axis": "y", "origin": [6.79788, 29.30023, 8.32699]},
			"faces": {
				"north": {"uv": [4.875, 7.625, 4.875, 7.625], "texture": "#6"},
				"east": {"uv": [4.875, 7.625, 4.875, 7.625], "texture": "#6"},
				"south": {"uv": [4.875, 7.625, 4.875, 7.625], "texture": "#6"},
				"west": {"uv": [4.875, 7.625, 4.875, 7.625], "texture": "#6"},
				"up": {"uv": [4.875, 7.625, 4.875, 7.625], "texture": "#6"},
				"down": {"uv": [4.875, 7.625, 4.875, 7.625], "texture": "#6"}
			}
		},
		{
			"from": [6.69261, 4.56771, 7.79791],
			"to": [6.90315, 5.02006, 8.85606],
			"rotation": {"angle": -45, "axis": "y", "origin": [6.79788, 39.02279, 8.32699]},
			"faces": {
				"north": {"uv": [4.875, 7.625, 4.875, 7.625], "texture": "#6"},
				"east": {"uv": [4.875, 7.625, 4.875, 7.625], "texture": "#6"},
				"south": {"uv": [4.875, 7.625, 4.875, 7.625], "texture": "#6"},
				"west": {"uv": [4.875, 7.625, 4.875, 7.625], "texture": "#6"},
				"up": {"uv": [4.875, 7.625, 4.875, 7.625], "texture": "#6"},
				"down": {"uv": [4.875, 7.625, 4.875, 7.625], "texture": "#6"}
			}
		},
		{
			"from": [6.69261, 4.20626, 7.79791],
			"to": [6.90315, 4.4202, 8.85606],
			"rotation": {"angle": -45, "axis": "y", "origin": [6.79788, 38.66134, 8.32699]},
			"faces": {
				"north": {"uv": [4.875, 7.625, 4.875, 7.625], "texture": "#6"},
				"east": {"uv": [4.875, 7.625, 4.875, 7.625], "texture": "#6"},
				"south": {"uv": [4.875, 7.625, 4.875, 7.625], "texture": "#6"},
				"west": {"uv": [4.875, 7.625, 4.875, 7.625], "texture": "#6"},
				"up": {"uv": [4.875, 7.625, 4.875, 7.625], "texture": "#6"},
				"down": {"uv": [4.875, 7.625, 4.875, 7.625], "texture": "#6"}
			}
		},
		{
			"from": [6.70735, 4.4058, 7.87198],
			"to": [6.88841, 4.5898, 8.78199],
			"rotation": {"angle": -45, "axis": "y", "origin": [6.79788, 34.03718, 8.32699]},
			"faces": {
				"north": {"uv": [3.625, 6.125, 3.625, 6.125], "texture": "#4"},
				"east": {"uv": [3.625, 6.125, 3.625, 6.125], "texture": "#4"},
				"south": {"uv": [3.625, 6.125, 3.625, 6.125], "texture": "#4"},
				"west": {"uv": [3.625, 6.125, 3.625, 6.125], "texture": "#4"},
				"up": {"uv": [3.625, 6.125, 3.625, 6.125], "texture": "#4"},
				"down": {"uv": [3.625, 6.125, 3.625, 6.125], "texture": "#4"}
			}
		},
		{
			"from": [5.77705, 19.59269, 8.12387],
			"to": [7.81871, 19.94459, 8.5301],
			"rotation": {"angle": -45, "axis": "y", "origin": [6.79788, 19.76864, 8.32699]},
			"faces": {
				"north": {"uv": [4.875, 7.625, 4.875, 7.625], "texture": "#6"},
				"east": {"uv": [4.875, 7.625, 4.875, 7.625], "texture": "#6"},
				"south": {"uv": [4.875, 7.625, 4.875, 7.625], "texture": "#6"},
				"west": {"uv": [4.875, 7.625, 4.875, 7.625], "texture": "#6"},
				"up": {"uv": [4.875, 7.625, 4.875, 7.625], "rotation": 90, "texture": "#6"},
				"down": {"uv": [4.875, 7.625, 4.875, 7.625], "rotation": 270, "texture": "#6"}
			}
		},
		{
			"from": [6.26705, 18.27749, 8.22136],
			"to": [7.32871, 19.7294, 8.43261],
			"rotation": {"angle": -45, "axis": "y", "origin": [6.79788, 19.6379, 8.32699]},
			"faces": {
				"north": {"uv": [4.875, 7.625, 4.875, 7.625], "texture": "#6"},
				"east": {"uv": [4.875, 7.625, 4.875, 7.625], "texture": "#6"},
				"south": {"uv": [4.875, 7.625, 4.875, 7.625], "texture": "#6"},
				"west": {"uv": [4.875, 7.625, 4.875, 7.625], "texture": "#6"},
				"up": {"uv": [4.875, 7.625, 4.875, 7.625], "rotation": 90, "texture": "#6"},
				"down": {"uv": [4.875, 7.625, 4.875, 7.625], "rotation": 270, "texture": "#6"}
			}
		},
		{
			"from": [6.32013, 17.46569, 8.23193],
			"to": [7.27563, 18.7724, 8.42204],
			"rotation": {"angle": -45, "axis": "y", "origin": [6.79788, 18.69006, 8.32699]},
			"faces": {
				"north": {"uv": [4.875, 7.625, 4.875, 7.625], "texture": "#6"},
				"east": {"uv": [4.875, 7.625, 4.875, 7.625], "texture": "#6"},
				"south": {"uv": [4.875, 7.625, 4.875, 7.625], "texture": "#6"},
				"west": {"uv": [4.875, 7.625, 4.875, 7.625], "texture": "#6"},
				"up": {"uv": [4.875, 7.625, 4.875, 7.625], "rotation": 90, "texture": "#6"},
				"down": {"uv": [4.875, 7.625, 4.875, 7.625], "rotation": 270, "texture": "#6"}
			}
		},
		{
			"from": [6.11948, 18.72936, 8.192],
			"to": [7.47628, 20.5849, 8.46197],
			"rotation": {"angle": -45, "axis": "y", "origin": [6.79788, 20.46797, 8.32699]},
			"faces": {
				"north": {"uv": [4.875, 7.625, 4.875, 7.625], "texture": "#6"},
				"east": {"uv": [4.875, 7.625, 4.875, 7.625], "texture": "#6"},
				"south": {"uv": [4.875, 7.625, 4.875, 7.625], "texture": "#6"},
				"west": {"uv": [4.875, 7.625, 4.875, 7.625], "texture": "#6"},
				"up": {"uv": [4.875, 7.625, 4.875, 7.625], "rotation": 90, "texture": "#6"},
				"down": {"uv": [4.875, 7.625, 4.875, 7.625], "rotation": 270, "texture": "#6"}
			}
		},
		{
			"from": [5.91596, 19.33992, 8.15151],
			"to": [7.6798, 20.22941, 8.50246],
			"rotation": {"angle": -45, "axis": "y", "origin": [6.79788, 21.60011, 8.32699]},
			"faces": {
				"north": {"uv": [4.875, 7.625, 4.875, 7.625], "texture": "#6"},
				"east": {"uv": [4.875, 7.625, 4.875, 7.625], "texture": "#6"},
				"south": {"uv": [4.875, 7.625, 4.875, 7.625], "texture": "#6"},
				"west": {"uv": [4.875, 7.625, 4.875, 7.625], "texture": "#6"},
				"up": {"uv": [4.875, 7.625, 4.875, 7.625], "rotation": 90, "texture": "#6"},
				"down": {"uv": [4.875, 7.625, 4.875, 7.625], "rotation": 270, "texture": "#6"}
			}
		},
		{
			"from": [6.02205, 19.0726, 8.17262],
			"to": [7.57371, 19.90236, 8.48135],
			"rotation": {"angle": -45, "axis": "y", "origin": [6.79788, 19.76864, 8.32699]},
			"faces": {
				"north": {"uv": [4.875, 7.625, 4.875, 7.625], "texture": "#6"},
				"east": {"uv": [4.875, 7.625, 4.875, 7.625], "texture": "#6"},
				"south": {"uv": [4.875, 7.625, 4.875, 7.625], "texture": "#6"},
				"west": {"uv": [4.875, 7.625, 4.875, 7.625], "texture": "#6"},
				"up": {"uv": [4.875, 7.625, 4.875, 7.625], "rotation": 90, "texture": "#6"},
				"down": {"uv": [4.875, 7.625, 4.875, 7.625], "rotation": 270, "texture": "#6"}
			}
		},
		{
			"from": [6.47762, 5.89669, 8.26326],
			"to": [7.11814, 19.31034, 8.39071],
			"rotation": {"angle": -45, "axis": "y", "origin": [6.79788, 26.75328, 8.32699]},
			"faces": {
				"north": {"uv": [4.875, 7.625, 4.875, 7.625], "texture": "#6"},
				"east": {"uv": [4.875, 7.625, 4.875, 7.625], "texture": "#6"},
				"south": {"uv": [4.875, 7.625, 4.875, 7.625], "texture": "#6"},
				"west": {"uv": [4.875, 7.625, 4.875, 7.625], "texture": "#6"},
				"up": {"uv": [4.875, 7.625, 4.875, 7.625], "rotation": 90, "texture": "#6"},
				"down": {"uv": [4.875, 7.625, 4.875, 7.625], "rotation": 270, "texture": "#6"}
			}
		},
		{
			"from": [6.41997, 4.68946, 8.25179],
			"to": [7.17579, 6.18261, 8.40218],
			"rotation": {"angle": -45, "axis": "y", "origin": [6.79788, 29.30023, 8.32699]},
			"faces": {
				"north": {"uv": [4.875, 7.625, 4.875, 7.625], "texture": "#6"},
				"east": {"uv": [4.875, 7.625, 4.875, 7.625], "texture": "#6"},
				"south": {"uv": [4.875, 7.625, 4.875, 7.625], "texture": "#6"},
				"west": {"uv": [4.875, 7.625, 4.875, 7.625], "texture": "#6"},
				"up": {"uv": [4.875, 7.625, 4.875, 7.625], "rotation": 90, "texture": "#6"},
				"down": {"uv": [4.875, 7.625, 4.875, 7.625], "rotation": 270, "texture": "#6"}
			}
		},
		{
			"from": [6.26881, 4.56771, 8.22171],
			"to": [7.32695, 5.02006, 8.43226],
			"rotation": {"angle": -45, "axis": "y", "origin": [6.79788, 39.02279, 8.32699]},
			"faces": {
				"north": {"uv": [4.875, 7.625, 4.875, 7.625], "texture": "#6"},
				"east": {"uv": [4.875, 7.625, 4.875, 7.625], "texture": "#6"},
				"south": {"uv": [4.875, 7.625, 4.875, 7.625], "texture": "#6"},
				"west": {"uv": [4.875, 7.625, 4.875, 7.625], "texture": "#6"},
				"up": {"uv": [4.875, 7.625, 4.875, 7.625], "rotation": 90, "texture": "#6"},
				"down": {"uv": [4.875, 7.625, 4.875, 7.625], "rotation": 270, "texture": "#6"}
			}
		},
		{
			"from": [6.26881, 4.20626, 8.22171],
			"to": [7.32695, 4.4202, 8.43226],
			"rotation": {"angle": -45, "axis": "y", "origin": [6.79788, 38.66134, 8.32699]},
			"faces": {
				"north": {"uv": [4.875, 7.625, 4.875, 7.625], "texture": "#6"},
				"east": {"uv": [4.875, 7.625, 4.875, 7.625], "texture": "#6"},
				"south": {"uv": [4.875, 7.625, 4.875, 7.625], "texture": "#6"},
				"west": {"uv": [4.875, 7.625, 4.875, 7.625], "texture": "#6"},
				"up": {"uv": [4.875, 7.625, 4.875, 7.625], "rotation": 90, "texture": "#6"},
				"down": {"uv": [4.875, 7.625, 4.875, 7.625], "rotation": 270, "texture": "#6"}
			}
		},
		{
			"from": [6.34288, 4.4058, 8.23645],
			"to": [7.25288, 4.5898, 8.41752],
			"rotation": {"angle": -45, "axis": "y", "origin": [6.79788, 34.03718, 8.32699]},
			"faces": {
				"north": {"uv": [3.625, 6.125, 3.625, 6.125], "rotation": 90, "texture": "#4"},
				"east": {"uv": [3.625, 6.125, 3.625, 6.125], "rotation": 90, "texture": "#4"},
				"south": {"uv": [3.625, 6.125, 3.625, 6.125], "rotation": 90, "texture": "#4"},
				"west": {"uv": [3.625, 6.125, 3.625, 6.125], "rotation": 90, "texture": "#4"},
				"up": {"uv": [3.625, 6.125, 3.625, 6.125], "rotation": 90, "texture": "#4"},
				"down": {"uv": [3.625, 6.125, 3.625, 6.125], "rotation": 90, "texture": "#4"}
			}
		},
		{
			"from": [6.59476, 19.59269, 7.30616],
			"to": [7.001, 19.94459, 9.34781],
			"rotation": {"angle": -22.5, "axis": "y", "origin": [6.79788, 19.76864, 8.32699]},
			"faces": {
				"north": {"uv": [4.875, 7.625, 4.875, 7.625], "texture": "#6"},
				"east": {"uv": [4.875, 7.625, 4.875, 7.625], "texture": "#6"},
				"south": {"uv": [4.875, 7.625, 4.875, 7.625], "texture": "#6"},
				"west": {"uv": [4.875, 7.625, 4.875, 7.625], "texture": "#6"},
				"up": {"uv": [4.875, 7.625, 4.875, 7.625], "texture": "#6"},
				"down": {"uv": [4.875, 7.625, 4.875, 7.625], "texture": "#6"}
			}
		},
		{
			"from": [6.69226, 18.27749, 7.79615],
			"to": [6.9035, 19.7294, 8.85782],
			"rotation": {"angle": -22.5, "axis": "y", "origin": [6.79788, 19.6379, 8.32699]},
			"faces": {
				"north": {"uv": [4.875, 7.625, 4.875, 7.625], "texture": "#6"},
				"east": {"uv": [4.875, 7.625, 4.875, 7.625], "texture": "#6"},
				"south": {"uv": [4.875, 7.625, 4.875, 7.625], "texture": "#6"},
				"west": {"uv": [4.875, 7.625, 4.875, 7.625], "texture": "#6"},
				"up": {"uv": [4.875, 7.625, 4.875, 7.625], "texture": "#6"},
				"down": {"uv": [4.875, 7.625, 4.875, 7.625], "texture": "#6"}
			}
		},
		{
			"from": [6.70282, 17.46569, 7.84924],
			"to": [6.89294, 18.7724, 8.80473],
			"rotation": {"angle": -22.5, "axis": "y", "origin": [6.79788, 18.69006, 8.32699]},
			"faces": {
				"north": {"uv": [4.875, 7.625, 4.875, 7.625], "texture": "#6"},
				"east": {"uv": [4.875, 7.625, 4.875, 7.625], "texture": "#6"},
				"south": {"uv": [4.875, 7.625, 4.875, 7.625], "texture": "#6"},
				"west": {"uv": [4.875, 7.625, 4.875, 7.625], "texture": "#6"},
				"up": {"uv": [4.875, 7.625, 4.875, 7.625], "texture": "#6"},
				"down": {"uv": [4.875, 7.625, 4.875, 7.625], "texture": "#6"}
			}
		},
		{
			"from": [6.6629, 18.72936, 7.64858],
			"to": [6.93286, 20.5849, 9.00539],
			"rotation": {"angle": -22.5, "axis": "y", "origin": [6.79788, 20.46797, 8.32699]},
			"faces": {
				"north": {"uv": [4.875, 7.625, 4.875, 7.625], "texture": "#6"},
				"east": {"uv": [4.875, 7.625, 4.875, 7.625], "texture": "#6"},
				"south": {"uv": [4.875, 7.625, 4.875, 7.625], "texture": "#6"},
				"west": {"uv": [4.875, 7.625, 4.875, 7.625], "texture": "#6"},
				"up": {"uv": [4.875, 7.625, 4.875, 7.625], "texture": "#6"},
				"down": {"uv": [4.875, 7.625, 4.875, 7.625], "texture": "#6"}
			}
		},
		{
			"from": [6.6224, 19.33992, 7.44506],
			"to": [6.97336, 20.22941, 9.20891],
			"rotation": {"angle": -22.5, "axis": "y", "origin": [6.79788, 21.60011, 8.32699]},
			"faces": {
				"north": {"uv": [4.875, 7.625, 4.875, 7.625], "texture": "#6"},
				"east": {"uv": [4.875, 7.625, 4.875, 7.625], "texture": "#6"},
				"south": {"uv": [4.875, 7.625, 4.875, 7.625], "texture": "#6"},
				"west": {"uv": [4.875, 7.625, 4.875, 7.625], "texture": "#6"},
				"up": {"uv": [4.875, 7.625, 4.875, 7.625], "texture": "#6"},
				"down": {"uv": [4.875, 7.625, 4.875, 7.625], "texture": "#6"}
			}
		},
		{
			"from": [6.64351, 19.0726, 7.55116],
			"to": [6.95225, 19.90236, 9.10281],
			"rotation": {"angle": -22.5, "axis": "y", "origin": [6.79788, 19.76864, 8.32699]},
			"faces": {
				"north": {"uv": [4.875, 7.625, 4.875, 7.625], "texture": "#6"},
				"east": {"uv": [4.875, 7.625, 4.875, 7.625], "texture": "#6"},
				"south": {"uv": [4.875, 7.625, 4.875, 7.625], "texture": "#6"},
				"west": {"uv": [4.875, 7.625, 4.875, 7.625], "texture": "#6"},
				"up": {"uv": [4.875, 7.625, 4.875, 7.625], "texture": "#6"},
				"down": {"uv": [4.875, 7.625, 4.875, 7.625], "texture": "#6"}
			}
		},
		{
			"from": [6.73416, 5.89669, 8.00672],
			"to": [6.8616, 19.31034, 8.64725],
			"rotation": {"angle": -22.5, "axis": "y", "origin": [6.79788, 26.75328, 8.32699]},
			"faces": {
				"north": {"uv": [4.875, 7.625, 4.875, 7.625], "texture": "#6"},
				"east": {"uv": [4.875, 7.625, 4.875, 7.625], "texture": "#6"},
				"south": {"uv": [4.875, 7.625, 4.875, 7.625], "texture": "#6"},
				"west": {"uv": [4.875, 7.625, 4.875, 7.625], "texture": "#6"},
				"up": {"uv": [4.875, 7.625, 4.875, 7.625], "texture": "#6"},
				"down": {"uv": [4.875, 7.625, 4.875, 7.625], "texture": "#6"}
			}
		},
		{
			"from": [6.72269, 4.68946, 7.94908],
			"to": [6.87307, 6.18261, 8.70489],
			"rotation": {"angle": -22.5, "axis": "y", "origin": [6.79788, 29.30023, 8.32699]},
			"faces": {
				"north": {"uv": [4.875, 7.625, 4.875, 7.625], "texture": "#6"},
				"east": {"uv": [4.875, 7.625, 4.875, 7.625], "texture": "#6"},
				"south": {"uv": [4.875, 7.625, 4.875, 7.625], "texture": "#6"},
				"west": {"uv": [4.875, 7.625, 4.875, 7.625], "texture": "#6"},
				"up": {"uv": [4.875, 7.625, 4.875, 7.625], "texture": "#6"},
				"down": {"uv": [4.875, 7.625, 4.875, 7.625], "texture": "#6"}
			}
		},
		{
			"from": [6.69261, 4.56771, 7.79791],
			"to": [6.90315, 5.02006, 8.85606],
			"rotation": {"angle": -22.5, "axis": "y", "origin": [6.79788, 39.02279, 8.32699]},
			"faces": {
				"north": {"uv": [4.875, 7.625, 4.875, 7.625], "texture": "#6"},
				"east": {"uv": [4.875, 7.625, 4.875, 7.625], "texture": "#6"},
				"south": {"uv": [4.875, 7.625, 4.875, 7.625], "texture": "#6"},
				"west": {"uv": [4.875, 7.625, 4.875, 7.625], "texture": "#6"},
				"up": {"uv": [4.875, 7.625, 4.875, 7.625], "texture": "#6"},
				"down": {"uv": [4.875, 7.625, 4.875, 7.625], "texture": "#6"}
			}
		},
		{
			"from": [6.69261, 4.20626, 7.79791],
			"to": [6.90315, 4.4202, 8.85606],
			"rotation": {"angle": -22.5, "axis": "y", "origin": [6.79788, 38.66134, 8.32699]},
			"faces": {
				"north": {"uv": [4.875, 7.625, 4.875, 7.625], "texture": "#6"},
				"east": {"uv": [4.875, 7.625, 4.875, 7.625], "texture": "#6"},
				"south": {"uv": [4.875, 7.625, 4.875, 7.625], "texture": "#6"},
				"west": {"uv": [4.875, 7.625, 4.875, 7.625], "texture": "#6"},
				"up": {"uv": [4.875, 7.625, 4.875, 7.625], "texture": "#6"},
				"down": {"uv": [4.875, 7.625, 4.875, 7.625], "texture": "#6"}
			}
		},
		{
			"from": [6.70735, 4.4058, 7.87198],
			"to": [6.88841, 4.5898, 8.78199],
			"rotation": {"angle": -22.5, "axis": "y", "origin": [6.79788, 34.03718, 8.32699]},
			"faces": {
				"north": {"uv": [3.625, 6.125, 3.625, 6.125], "texture": "#4"},
				"east": {"uv": [3.625, 6.125, 3.625, 6.125], "texture": "#4"},
				"south": {"uv": [3.625, 6.125, 3.625, 6.125], "texture": "#4"},
				"west": {"uv": [3.625, 6.125, 3.625, 6.125], "texture": "#4"},
				"up": {"uv": [3.625, 6.125, 3.625, 6.125], "texture": "#4"},
				"down": {"uv": [3.625, 6.125, 3.625, 6.125], "texture": "#4"}
			}
		},
		{
			"from": [5.77705, 19.59269, 8.12387],
			"to": [7.81871, 19.94459, 8.5301],
			"rotation": {"angle": -22.5, "axis": "y", "origin": [6.79788, 19.76864, 8.32699]},
			"faces": {
				"north": {"uv": [4.875, 7.625, 4.875, 7.625], "texture": "#6"},
				"east": {"uv": [4.875, 7.625, 4.875, 7.625], "texture": "#6"},
				"south": {"uv": [4.875, 7.625, 4.875, 7.625], "texture": "#6"},
				"west": {"uv": [4.875, 7.625, 4.875, 7.625], "texture": "#6"},
				"up": {"uv": [4.875, 7.625, 4.875, 7.625], "rotation": 90, "texture": "#6"},
				"down": {"uv": [4.875, 7.625, 4.875, 7.625], "rotation": 270, "texture": "#6"}
			}
		},
		{
			"from": [6.26705, 18.27749, 8.22136],
			"to": [7.32871, 19.7294, 8.43261],
			"rotation": {"angle": -22.5, "axis": "y", "origin": [6.79788, 19.6379, 8.32699]},
			"faces": {
				"north": {"uv": [4.875, 7.625, 4.875, 7.625], "texture": "#6"},
				"east": {"uv": [4.875, 7.625, 4.875, 7.625], "texture": "#6"},
				"south": {"uv": [4.875, 7.625, 4.875, 7.625], "texture": "#6"},
				"west": {"uv": [4.875, 7.625, 4.875, 7.625], "texture": "#6"},
				"up": {"uv": [4.875, 7.625, 4.875, 7.625], "rotation": 90, "texture": "#6"},
				"down": {"uv": [4.875, 7.625, 4.875, 7.625], "rotation": 270, "texture": "#6"}
			}
		},
		{
			"from": [6.32013, 17.46569, 8.23193],
			"to": [7.27563, 18.7724, 8.42204],
			"rotation": {"angle": -22.5, "axis": "y", "origin": [6.79788, 18.69006, 8.32699]},
			"faces": {
				"north": {"uv": [4.875, 7.625, 4.875, 7.625], "texture": "#6"},
				"east": {"uv": [4.875, 7.625, 4.875, 7.625], "texture": "#6"},
				"south": {"uv": [4.875, 7.625, 4.875, 7.625], "texture": "#6"},
				"west": {"uv": [4.875, 7.625, 4.875, 7.625], "texture": "#6"},
				"up": {"uv": [4.875, 7.625, 4.875, 7.625], "rotation": 90, "texture": "#6"},
				"down": {"uv": [4.875, 7.625, 4.875, 7.625], "rotation": 270, "texture": "#6"}
			}
		},
		{
			"from": [6.11948, 18.72936, 8.192],
			"to": [7.47628, 20.5849, 8.46197],
			"rotation": {"angle": -22.5, "axis": "y", "origin": [6.79788, 20.46797, 8.32699]},
			"faces": {
				"north": {"uv": [4.875, 7.625, 4.875, 7.625], "texture": "#6"},
				"east": {"uv": [4.875, 7.625, 4.875, 7.625], "texture": "#6"},
				"south": {"uv": [4.875, 7.625, 4.875, 7.625], "texture": "#6"},
				"west": {"uv": [4.875, 7.625, 4.875, 7.625], "texture": "#6"},
				"up": {"uv": [4.875, 7.625, 4.875, 7.625], "rotation": 90, "texture": "#6"},
				"down": {"uv": [4.875, 7.625, 4.875, 7.625], "rotation": 270, "texture": "#6"}
			}
		},
		{
			"from": [5.91596, 19.33992, 8.15151],
			"to": [7.6798, 20.22941, 8.50246],
			"rotation": {"angle": -22.5, "axis": "y", "origin": [6.79788, 21.60011, 8.32699]},
			"faces": {
				"north": {"uv": [4.875, 7.625, 4.875, 7.625], "texture": "#6"},
				"east": {"uv": [4.875, 7.625, 4.875, 7.625], "texture": "#6"},
				"south": {"uv": [4.875, 7.625, 4.875, 7.625], "texture": "#6"},
				"west": {"uv": [4.875, 7.625, 4.875, 7.625], "texture": "#6"},
				"up": {"uv": [4.875, 7.625, 4.875, 7.625], "rotation": 90, "texture": "#6"},
				"down": {"uv": [4.875, 7.625, 4.875, 7.625], "rotation": 270, "texture": "#6"}
			}
		},
		{
			"from": [6.02205, 19.0726, 8.17262],
			"to": [7.57371, 19.90236, 8.48135],
			"rotation": {"angle": -22.5, "axis": "y", "origin": [6.79788, 19.76864, 8.32699]},
			"faces": {
				"north": {"uv": [4.875, 7.625, 4.875, 7.625], "texture": "#6"},
				"east": {"uv": [4.875, 7.625, 4.875, 7.625], "texture": "#6"},
				"south": {"uv": [4.875, 7.625, 4.875, 7.625], "texture": "#6"},
				"west": {"uv": [4.875, 7.625, 4.875, 7.625], "texture": "#6"},
				"up": {"uv": [4.875, 7.625, 4.875, 7.625], "rotation": 90, "texture": "#6"},
				"down": {"uv": [4.875, 7.625, 4.875, 7.625], "rotation": 270, "texture": "#6"}
			}
		},
		{
			"from": [6.47762, 5.89669, 8.26326],
			"to": [7.11814, 19.31034, 8.39071],
			"rotation": {"angle": -22.5, "axis": "y", "origin": [6.79788, 26.75328, 8.32699]},
			"faces": {
				"north": {"uv": [4.875, 7.625, 4.875, 7.625], "texture": "#6"},
				"east": {"uv": [4.875, 7.625, 4.875, 7.625], "texture": "#6"},
				"south": {"uv": [4.875, 7.625, 4.875, 7.625], "texture": "#6"},
				"west": {"uv": [4.875, 7.625, 4.875, 7.625], "texture": "#6"},
				"up": {"uv": [4.875, 7.625, 4.875, 7.625], "rotation": 90, "texture": "#6"},
				"down": {"uv": [4.875, 7.625, 4.875, 7.625], "rotation": 270, "texture": "#6"}
			}
		},
		{
			"from": [6.41997, 4.68946, 8.25179],
			"to": [7.17579, 6.18261, 8.40218],
			"rotation": {"angle": -22.5, "axis": "y", "origin": [6.79788, 29.30023, 8.32699]},
			"faces": {
				"north": {"uv": [4.875, 7.625, 4.875, 7.625], "texture": "#6"},
				"east": {"uv": [4.875, 7.625, 4.875, 7.625], "texture": "#6"},
				"south": {"uv": [4.875, 7.625, 4.875, 7.625], "texture": "#6"},
				"west": {"uv": [4.875, 7.625, 4.875, 7.625], "texture": "#6"},
				"up": {"uv": [4.875, 7.625, 4.875, 7.625], "rotation": 90, "texture": "#6"},
				"down": {"uv": [4.875, 7.625, 4.875, 7.625], "rotation": 270, "texture": "#6"}
			}
		},
		{
			"from": [6.26881, 4.56771, 8.22171],
			"to": [7.32695, 5.02006, 8.43226],
			"rotation": {"angle": -22.5, "axis": "y", "origin": [6.79788, 39.02279, 8.32699]},
			"faces": {
				"north": {"uv": [4.875, 7.625, 4.875, 7.625], "texture": "#6"},
				"east": {"uv": [4.875, 7.625, 4.875, 7.625], "texture": "#6"},
				"south": {"uv": [4.875, 7.625, 4.875, 7.625], "texture": "#6"},
				"west": {"uv": [4.875, 7.625, 4.875, 7.625], "texture": "#6"},
				"up": {"uv": [4.875, 7.625, 4.875, 7.625], "rotation": 90, "texture": "#6"},
				"down": {"uv": [4.875, 7.625, 4.875, 7.625], "rotation": 270, "texture": "#6"}
			}
		},
		{
			"from": [6.26881, 4.20626, 8.22171],
			"to": [7.32695, 4.4202, 8.43226],
			"rotation": {"angle": -22.5, "axis": "y", "origin": [6.79788, 38.66134, 8.32699]},
			"faces": {
				"north": {"uv": [4.875, 7.625, 4.875, 7.625], "texture": "#6"},
				"east": {"uv": [4.875, 7.625, 4.875, 7.625], "texture": "#6"},
				"south": {"uv": [4.875, 7.625, 4.875, 7.625], "texture": "#6"},
				"west": {"uv": [4.875, 7.625, 4.875, 7.625], "texture": "#6"},
				"up": {"uv": [4.875, 7.625, 4.875, 7.625], "rotation": 90, "texture": "#6"},
				"down": {"uv": [4.875, 7.625, 4.875, 7.625], "rotation": 270, "texture": "#6"}
			}
		},
		{
			"from": [6.34288, 4.4058, 8.23645],
			"to": [7.25288, 4.5898, 8.41752],
			"rotation": {"angle": -22.5, "axis": "y", "origin": [6.79788, 34.03718, 8.32699]},
			"faces": {
				"north": {"uv": [3.625, 6.125, 3.625, 6.125], "rotation": 90, "texture": "#4"},
				"east": {"uv": [3.625, 6.125, 3.625, 6.125], "rotation": 90, "texture": "#4"},
				"south": {"uv": [3.625, 6.125, 3.625, 6.125], "rotation": 90, "texture": "#4"},
				"west": {"uv": [3.625, 6.125, 3.625, 6.125], "rotation": 90, "texture": "#4"},
				"up": {"uv": [3.625, 6.125, 3.625, 6.125], "rotation": 90, "texture": "#4"},
				"down": {"uv": [3.625, 6.125, 3.625, 6.125], "rotation": 90, "texture": "#4"}
			}
		},
		{
			"from": [5.77705, 19.59269, 8.12387],
			"to": [7.81871, 19.94459, 8.5301],
			"rotation": {"angle": 22.5, "axis": "y", "origin": [6.79788, 19.76864, 8.32699]},
			"faces": {
				"north": {"uv": [4.875, 7.625, 4.875, 7.625], "texture": "#6"},
				"east": {"uv": [4.875, 7.625, 4.875, 7.625], "texture": "#6"},
				"south": {"uv": [4.875, 7.625, 4.875, 7.625], "texture": "#6"},
				"west": {"uv": [4.875, 7.625, 4.875, 7.625], "texture": "#6"},
				"up": {"uv": [4.875, 7.625, 4.875, 7.625], "rotation": 90, "texture": "#6"},
				"down": {"uv": [4.875, 7.625, 4.875, 7.625], "rotation": 270, "texture": "#6"}
			}
		},
		{
			"from": [6.26705, 18.27749, 8.22136],
			"to": [7.32871, 19.7294, 8.43261],
			"rotation": {"angle": 22.5, "axis": "y", "origin": [6.79788, 19.6379, 8.32699]},
			"faces": {
				"north": {"uv": [4.875, 7.625, 4.875, 7.625], "texture": "#6"},
				"east": {"uv": [4.875, 7.625, 4.875, 7.625], "texture": "#6"},
				"south": {"uv": [4.875, 7.625, 4.875, 7.625], "texture": "#6"},
				"west": {"uv": [4.875, 7.625, 4.875, 7.625], "texture": "#6"},
				"up": {"uv": [4.875, 7.625, 4.875, 7.625], "rotation": 90, "texture": "#6"},
				"down": {"uv": [4.875, 7.625, 4.875, 7.625], "rotation": 270, "texture": "#6"}
			}
		},
		{
			"from": [6.32013, 17.46569, 8.23193],
			"to": [7.27563, 18.7724, 8.42204],
			"rotation": {"angle": 22.5, "axis": "y", "origin": [6.79788, 18.69006, 8.32699]},
			"faces": {
				"north": {"uv": [4.875, 7.625, 4.875, 7.625], "texture": "#6"},
				"east": {"uv": [4.875, 7.625, 4.875, 7.625], "texture": "#6"},
				"south": {"uv": [4.875, 7.625, 4.875, 7.625], "texture": "#6"},
				"west": {"uv": [4.875, 7.625, 4.875, 7.625], "texture": "#6"},
				"up": {"uv": [4.875, 7.625, 4.875, 7.625], "rotation": 90, "texture": "#6"},
				"down": {"uv": [4.875, 7.625, 4.875, 7.625], "rotation": 270, "texture": "#6"}
			}
		},
		{
			"from": [6.11948, 18.72936, 8.192],
			"to": [7.47628, 20.5849, 8.46197],
			"rotation": {"angle": 22.5, "axis": "y", "origin": [6.79788, 20.46797, 8.32699]},
			"faces": {
				"north": {"uv": [4.875, 7.625, 4.875, 7.625], "texture": "#6"},
				"east": {"uv": [4.875, 7.625, 4.875, 7.625], "texture": "#6"},
				"south": {"uv": [4.875, 7.625, 4.875, 7.625], "texture": "#6"},
				"west": {"uv": [4.875, 7.625, 4.875, 7.625], "texture": "#6"},
				"up": {"uv": [4.875, 7.625, 4.875, 7.625], "rotation": 90, "texture": "#6"},
				"down": {"uv": [4.875, 7.625, 4.875, 7.625], "rotation": 270, "texture": "#6"}
			}
		},
		{
			"from": [5.91596, 19.33992, 8.15151],
			"to": [7.6798, 20.22941, 8.50246],
			"rotation": {"angle": 22.5, "axis": "y", "origin": [6.79788, 21.60011, 8.32699]},
			"faces": {
				"north": {"uv": [4.875, 7.625, 4.875, 7.625], "texture": "#6"},
				"east": {"uv": [4.875, 7.625, 4.875, 7.625], "texture": "#6"},
				"south": {"uv": [4.875, 7.625, 4.875, 7.625], "texture": "#6"},
				"west": {"uv": [4.875, 7.625, 4.875, 7.625], "texture": "#6"},
				"up": {"uv": [4.875, 7.625, 4.875, 7.625], "rotation": 90, "texture": "#6"},
				"down": {"uv": [4.875, 7.625, 4.875, 7.625], "rotation": 270, "texture": "#6"}
			}
		},
		{
			"from": [6.02205, 19.0726, 8.17262],
			"to": [7.57371, 19.90236, 8.48135],
			"rotation": {"angle": 22.5, "axis": "y", "origin": [6.79788, 19.76864, 8.32699]},
			"faces": {
				"north": {"uv": [4.875, 7.625, 4.875, 7.625], "texture": "#6"},
				"east": {"uv": [4.875, 7.625, 4.875, 7.625], "texture": "#6"},
				"south": {"uv": [4.875, 7.625, 4.875, 7.625], "texture": "#6"},
				"west": {"uv": [4.875, 7.625, 4.875, 7.625], "texture": "#6"},
				"up": {"uv": [4.875, 7.625, 4.875, 7.625], "rotation": 90, "texture": "#6"},
				"down": {"uv": [4.875, 7.625, 4.875, 7.625], "rotation": 270, "texture": "#6"}
			}
		},
		{
			"from": [6.47762, 5.89669, 8.26326],
			"to": [7.11814, 19.31034, 8.39071],
			"rotation": {"angle": 22.5, "axis": "y", "origin": [6.79788, 26.75328, 8.32699]},
			"faces": {
				"north": {"uv": [4.875, 7.625, 4.875, 7.625], "texture": "#6"},
				"east": {"uv": [4.875, 7.625, 4.875, 7.625], "texture": "#6"},
				"south": {"uv": [4.875, 7.625, 4.875, 7.625], "texture": "#6"},
				"west": {"uv": [4.875, 7.625, 4.875, 7.625], "texture": "#6"},
				"up": {"uv": [4.875, 7.625, 4.875, 7.625], "rotation": 90, "texture": "#6"},
				"down": {"uv": [4.875, 7.625, 4.875, 7.625], "rotation": 270, "texture": "#6"}
			}
		},
		{
			"from": [6.41997, 4.68946, 8.25179],
			"to": [7.17579, 6.18261, 8.40218],
			"rotation": {"angle": 22.5, "axis": "y", "origin": [6.79788, 29.30023, 8.32699]},
			"faces": {
				"north": {"uv": [4.875, 7.625, 4.875, 7.625], "texture": "#6"},
				"east": {"uv": [4.875, 7.625, 4.875, 7.625], "texture": "#6"},
				"south": {"uv": [4.875, 7.625, 4.875, 7.625], "texture": "#6"},
				"west": {"uv": [4.875, 7.625, 4.875, 7.625], "texture": "#6"},
				"up": {"uv": [4.875, 7.625, 4.875, 7.625], "rotation": 90, "texture": "#6"},
				"down": {"uv": [4.875, 7.625, 4.875, 7.625], "rotation": 270, "texture": "#6"}
			}
		},
		{
			"from": [6.26881, 4.56771, 8.22171],
			"to": [7.32695, 5.02006, 8.43226],
			"rotation": {"angle": 22.5, "axis": "y", "origin": [6.79788, 39.02279, 8.32699]},
			"faces": {
				"north": {"uv": [4.875, 7.625, 4.875, 7.625], "texture": "#6"},
				"east": {"uv": [4.875, 7.625, 4.875, 7.625], "texture": "#6"},
				"south": {"uv": [4.875, 7.625, 4.875, 7.625], "texture": "#6"},
				"west": {"uv": [4.875, 7.625, 4.875, 7.625], "texture": "#6"},
				"up": {"uv": [4.875, 7.625, 4.875, 7.625], "rotation": 90, "texture": "#6"},
				"down": {"uv": [4.875, 7.625, 4.875, 7.625], "rotation": 270, "texture": "#6"}
			}
		},
		{
			"from": [6.26881, 4.20626, 8.22171],
			"to": [7.32695, 4.4202, 8.43226],
			"rotation": {"angle": 22.5, "axis": "y", "origin": [6.79788, 38.66134, 8.32699]},
			"faces": {
				"north": {"uv": [4.875, 7.625, 4.875, 7.625], "texture": "#6"},
				"east": {"uv": [4.875, 7.625, 4.875, 7.625], "texture": "#6"},
				"south": {"uv": [4.875, 7.625, 4.875, 7.625], "texture": "#6"},
				"west": {"uv": [4.875, 7.625, 4.875, 7.625], "texture": "#6"},
				"up": {"uv": [4.875, 7.625, 4.875, 7.625], "rotation": 90, "texture": "#6"},
				"down": {"uv": [4.875, 7.625, 4.875, 7.625], "rotation": 270, "texture": "#6"}
			}
		},
		{
			"from": [6.34288, 4.4058, 8.23645],
			"to": [7.25288, 4.5898, 8.41752],
			"rotation": {"angle": 22.5, "axis": "y", "origin": [6.79788, 34.03718, 8.32699]},
			"faces": {
				"north": {"uv": [3.625, 6.125, 3.625, 6.125], "rotation": 90, "texture": "#4"},
				"east": {"uv": [3.625, 6.125, 3.625, 6.125], "rotation": 90, "texture": "#4"},
				"south": {"uv": [3.625, 6.125, 3.625, 6.125], "rotation": 90, "texture": "#4"},
				"west": {"uv": [3.625, 6.125, 3.625, 6.125], "rotation": 90, "texture": "#4"},
				"up": {"uv": [3.625, 6.125, 3.625, 6.125], "rotation": 90, "texture": "#4"},
				"down": {"uv": [3.625, 6.125, 3.625, 6.125], "rotation": 90, "texture": "#4"}
			}
		},
		{
			"from": [6.59476, 19.59269, 7.30616],
			"to": [7.001, 19.94459, 9.34781],
			"rotation": {"angle": 22.5, "axis": "y", "origin": [6.79788, 19.76864, 8.32699]},
			"faces": {
				"north": {"uv": [4.875, 7.625, 4.875, 7.625], "texture": "#6"},
				"east": {"uv": [4.875, 7.625, 4.875, 7.625], "texture": "#6"},
				"south": {"uv": [4.875, 7.625, 4.875, 7.625], "texture": "#6"},
				"west": {"uv": [4.875, 7.625, 4.875, 7.625], "texture": "#6"},
				"up": {"uv": [4.875, 7.625, 4.875, 7.625], "rotation": 180, "texture": "#6"},
				"down": {"uv": [4.875, 7.625, 4.875, 7.625], "rotation": 180, "texture": "#6"}
			}
		},
		{
			"from": [6.69226, 18.27749, 7.79615],
			"to": [6.9035, 19.7294, 8.85782],
			"rotation": {"angle": 22.5, "axis": "y", "origin": [6.79788, 19.6379, 8.32699]},
			"faces": {
				"north": {"uv": [4.875, 7.625, 4.875, 7.625], "texture": "#6"},
				"east": {"uv": [4.875, 7.625, 4.875, 7.625], "texture": "#6"},
				"south": {"uv": [4.875, 7.625, 4.875, 7.625], "texture": "#6"},
				"west": {"uv": [4.875, 7.625, 4.875, 7.625], "texture": "#6"},
				"up": {"uv": [4.875, 7.625, 4.875, 7.625], "rotation": 180, "texture": "#6"},
				"down": {"uv": [4.875, 7.625, 4.875, 7.625], "rotation": 180, "texture": "#6"}
			}
		},
		{
			"from": [6.70282, 17.46569, 7.84924],
			"to": [6.89294, 18.7724, 8.80473],
			"rotation": {"angle": 22.5, "axis": "y", "origin": [6.79788, 18.69006, 8.32699]},
			"faces": {
				"north": {"uv": [4.875, 7.625, 4.875, 7.625], "texture": "#6"},
				"east": {"uv": [4.875, 7.625, 4.875, 7.625], "texture": "#6"},
				"south": {"uv": [4.875, 7.625, 4.875, 7.625], "texture": "#6"},
				"west": {"uv": [4.875, 7.625, 4.875, 7.625], "texture": "#6"},
				"up": {"uv": [4.875, 7.625, 4.875, 7.625], "rotation": 180, "texture": "#6"},
				"down": {"uv": [4.875, 7.625, 4.875, 7.625], "rotation": 180, "texture": "#6"}
			}
		},
		{
			"from": [6.6629, 18.72936, 7.64858],
			"to": [6.93286, 20.5849, 9.00539],
			"rotation": {"angle": 22.5, "axis": "y", "origin": [6.79788, 20.46797, 8.32699]},
			"faces": {
				"north": {"uv": [4.875, 7.625, 4.875, 7.625], "texture": "#6"},
				"east": {"uv": [4.875, 7.625, 4.875, 7.625], "texture": "#6"},
				"south": {"uv": [4.875, 7.625, 4.875, 7.625], "texture": "#6"},
				"west": {"uv": [4.875, 7.625, 4.875, 7.625], "texture": "#6"},
				"up": {"uv": [4.875, 7.625, 4.875, 7.625], "rotation": 180, "texture": "#6"},
				"down": {"uv": [4.875, 7.625, 4.875, 7.625], "rotation": 180, "texture": "#6"}
			}
		},
		{
			"from": [6.6224, 19.33992, 7.44506],
			"to": [6.97336, 20.22941, 9.20891],
			"rotation": {"angle": 22.5, "axis": "y", "origin": [6.79788, 21.60011, 8.32699]},
			"faces": {
				"north": {"uv": [4.875, 7.625, 4.875, 7.625], "texture": "#6"},
				"east": {"uv": [4.875, 7.625, 4.875, 7.625], "texture": "#6"},
				"south": {"uv": [4.875, 7.625, 4.875, 7.625], "texture": "#6"},
				"west": {"uv": [4.875, 7.625, 4.875, 7.625], "texture": "#6"},
				"up": {"uv": [4.875, 7.625, 4.875, 7.625], "rotation": 180, "texture": "#6"},
				"down": {"uv": [4.875, 7.625, 4.875, 7.625], "rotation": 180, "texture": "#6"}
			}
		},
		{
			"from": [6.64351, 19.0726, 7.55116],
			"to": [6.95225, 19.90236, 9.10281],
			"rotation": {"angle": 22.5, "axis": "y", "origin": [6.79788, 19.76864, 8.32699]},
			"faces": {
				"north": {"uv": [4.875, 7.625, 4.875, 7.625], "texture": "#6"},
				"east": {"uv": [4.875, 7.625, 4.875, 7.625], "texture": "#6"},
				"south": {"uv": [4.875, 7.625, 4.875, 7.625], "texture": "#6"},
				"west": {"uv": [4.875, 7.625, 4.875, 7.625], "texture": "#6"},
				"up": {"uv": [4.875, 7.625, 4.875, 7.625], "rotation": 180, "texture": "#6"},
				"down": {"uv": [4.875, 7.625, 4.875, 7.625], "rotation": 180, "texture": "#6"}
			}
		},
		{
			"from": [6.73416, 5.89669, 8.00672],
			"to": [6.8616, 19.31034, 8.64725],
			"rotation": {"angle": 22.5, "axis": "y", "origin": [6.79788, 26.75328, 8.32699]},
			"faces": {
				"north": {"uv": [4.875, 7.625, 4.875, 7.625], "texture": "#6"},
				"east": {"uv": [4.875, 7.625, 4.875, 7.625], "texture": "#6"},
				"south": {"uv": [4.875, 7.625, 4.875, 7.625], "texture": "#6"},
				"west": {"uv": [4.875, 7.625, 4.875, 7.625], "texture": "#6"},
				"up": {"uv": [4.875, 7.625, 4.875, 7.625], "rotation": 180, "texture": "#6"},
				"down": {"uv": [4.875, 7.625, 4.875, 7.625], "rotation": 180, "texture": "#6"}
			}
		},
		{
			"from": [6.72269, 4.68946, 7.94908],
			"to": [6.87307, 6.18261, 8.70489],
			"rotation": {"angle": 22.5, "axis": "y", "origin": [6.79788, 29.30023, 8.32699]},
			"faces": {
				"north": {"uv": [4.875, 7.625, 4.875, 7.625], "texture": "#6"},
				"east": {"uv": [4.875, 7.625, 4.875, 7.625], "texture": "#6"},
				"south": {"uv": [4.875, 7.625, 4.875, 7.625], "texture": "#6"},
				"west": {"uv": [4.875, 7.625, 4.875, 7.625], "texture": "#6"},
				"up": {"uv": [4.875, 7.625, 4.875, 7.625], "rotation": 180, "texture": "#6"},
				"down": {"uv": [4.875, 7.625, 4.875, 7.625], "rotation": 180, "texture": "#6"}
			}
		},
		{
			"from": [6.69261, 4.56771, 7.79791],
			"to": [6.90315, 5.02006, 8.85606],
			"rotation": {"angle": 22.5, "axis": "y", "origin": [6.79788, 39.02279, 8.32699]},
			"faces": {
				"north": {"uv": [4.875, 7.625, 4.875, 7.625], "texture": "#6"},
				"east": {"uv": [4.875, 7.625, 4.875, 7.625], "texture": "#6"},
				"south": {"uv": [4.875, 7.625, 4.875, 7.625], "texture": "#6"},
				"west": {"uv": [4.875, 7.625, 4.875, 7.625], "texture": "#6"},
				"up": {"uv": [4.875, 7.625, 4.875, 7.625], "rotation": 180, "texture": "#6"},
				"down": {"uv": [4.875, 7.625, 4.875, 7.625], "rotation": 180, "texture": "#6"}
			}
		},
		{
			"from": [6.69261, 4.20626, 7.79791],
			"to": [6.90315, 4.4202, 8.85606],
			"rotation": {"angle": 22.5, "axis": "y", "origin": [6.79788, 38.66134, 8.32699]},
			"faces": {
				"north": {"uv": [4.875, 7.625, 4.875, 7.625], "texture": "#6"},
				"east": {"uv": [4.875, 7.625, 4.875, 7.625], "texture": "#6"},
				"south": {"uv": [4.875, 7.625, 4.875, 7.625], "texture": "#6"},
				"west": {"uv": [4.875, 7.625, 4.875, 7.625], "texture": "#6"},
				"up": {"uv": [4.875, 7.625, 4.875, 7.625], "rotation": 180, "texture": "#6"},
				"down": {"uv": [4.875, 7.625, 4.875, 7.625], "rotation": 180, "texture": "#6"}
			}
		},
		{
			"from": [6.70735, 4.4058, 7.87198],
			"to": [6.88841, 4.5898, 8.78199],
			"rotation": {"angle": 22.5, "axis": "y", "origin": [6.79788, 34.03718, 8.32699]},
			"faces": {
				"north": {"uv": [3.625, 6.125, 3.625, 6.125], "rotation": 180, "texture": "#4"},
				"east": {"uv": [3.625, 6.125, 3.625, 6.125], "rotation": 180, "texture": "#4"},
				"south": {"uv": [3.625, 6.125, 3.625, 6.125], "rotation": 180, "texture": "#4"},
				"west": {"uv": [3.625, 6.125, 3.625, 6.125], "rotation": 180, "texture": "#4"},
				"up": {"uv": [3.625, 6.125, 3.625, 6.125], "rotation": 180, "texture": "#4"},
				"down": {"uv": [3.625, 6.125, 3.625, 6.125], "rotation": 180, "texture": "#4"}
			}
		},
		{
			"from": [5.6941, 19.75492, 7.26362],
			"to": [7.82082, 20.25221, 9.39035],
			"rotation": {"angle": 0, "axis": "y", "origin": [41.74476, 36.38598, 43.31429]},
			"faces": {
				"north": {"uv": [1.5, 1.375, 1.5, 1.375], "texture": "#6"},
				"east": {"uv": [1.5, 1.375, 1.5, 1.375], "texture": "#6"},
				"south": {"uv": [1.5, 1.375, 1.5, 1.375], "texture": "#6"},
				"west": {"uv": [1.5, 1.375, 1.5, 1.375], "texture": "#6"},
				"up": {"uv": [1.5, 1.375, 1.5, 1.375], "texture": "#6"},
				"down": {"uv": [1.5, 1.375, 1.5, 1.375], "texture": "#6"}
			}
		},
		{
			"from": [5.6941, 23.61552, 7.26362],
			"to": [7.82082, 24.5204, 9.39035],
			"rotation": {"angle": 0, "axis": "y", "origin": [41.74476, 40.24658, 43.31429]},
			"faces": {
				"north": {"uv": [1.5, 1.375, 1.5, 1.375], "texture": "#6"},
				"east": {"uv": [1.5, 1.375, 1.5, 1.375], "texture": "#6"},
				"south": {"uv": [1.5, 1.375, 1.5, 1.375], "texture": "#6"},
				"west": {"uv": [1.5, 1.375, 1.5, 1.375], "texture": "#6"},
				"up": {"uv": [1.5, 1.375, 1.5, 1.375], "texture": "#6"},
				"down": {"uv": [1.5, 1.375, 1.5, 1.375], "texture": "#6"}
			}
		},
		{
			"from": [5.67284, 19.74587, 7.24236],
			"to": [7.84208, 19.86136, 9.41161],
			"rotation": {"angle": 0, "axis": "y", "origin": [42.44451, 36.70955, 44.01404]},
			"faces": {
				"north": {"uv": [3, 4.625, 3, 4.625], "texture": "#4"},
				"east": {"uv": [3, 4.625, 3, 4.625], "texture": "#4"},
				"south": {"uv": [3, 4.625, 3, 4.625], "texture": "#4"},
				"west": {"uv": [3, 4.625, 3, 4.625], "texture": "#4"},
				"up": {"uv": [3, 4.625, 3, 4.625], "texture": "#4"},
				"down": {"uv": [3, 4.625, 3, 4.625], "texture": "#4"}
			}
		},
		{
			"from": [5.67284, 23.60647, 7.24236],
			"to": [7.84208, 23.72196, 9.41161],
			"rotation": {"angle": 0, "axis": "y", "origin": [42.44451, 40.57015, 44.01404]},
			"faces": {
				"north": {"uv": [3, 4.625, 3, 4.625], "texture": "#4"},
				"east": {"uv": [3, 4.625, 3, 4.625], "texture": "#4"},
				"south": {"uv": [3, 4.625, 3, 4.625], "texture": "#4"},
				"west": {"uv": [3, 4.625, 3, 4.625], "texture": "#4"},
				"up": {"uv": [3, 4.625, 3, 4.625], "texture": "#4"},
				"down": {"uv": [3, 4.625, 3, 4.625], "texture": "#4"}
			}
		},
		{
			"from": [5.67284, 20.56875, 7.24236],
			"to": [7.84208, 20.68424, 9.41161],
			"rotation": {"angle": 0, "axis": "y", "origin": [42.44451, 37.53243, 44.01404]},
			"faces": {
				"north": {"uv": [3, 4.625, 3, 4.625], "texture": "#4"},
				"east": {"uv": [3, 4.625, 3, 4.625], "texture": "#4"},
				"south": {"uv": [3, 4.625, 3, 4.625], "texture": "#4"},
				"west": {"uv": [3, 4.625, 3, 4.625], "texture": "#4"},
				"up": {"uv": [3, 4.625, 3, 4.625], "texture": "#4"},
				"down": {"uv": [3, 4.625, 3, 4.625], "texture": "#4"}
			}
		},
		{
			"from": [5.67284, 24.42934, 7.24236],
			"to": [7.84208, 24.54483, 9.41161],
			"rotation": {"angle": 0, "axis": "y", "origin": [42.44451, 41.39302, 44.01404]},
			"faces": {
				"north": {"uv": [5.625, 4.375, 5.625, 4.375], "texture": "#4"},
				"east": {"uv": [5.625, 4.375, 5.625, 4.375], "texture": "#4"},
				"south": {"uv": [5.625, 4.375, 5.625, 4.375], "texture": "#4"},
				"west": {"uv": [5.625, 4.375, 5.625, 4.375], "texture": "#4"},
				"up": {"uv": [5.625, 4.375, 5.625, 4.375], "texture": "#4"},
				"down": {"uv": [5.625, 4.375, 5.625, 4.375], "texture": "#4"}
			}
		},
		{
			"from": [6.76768, 20.56875, 7.62331],
			"to": [6.76768, 21.44614, 9.15765],
			"rotation": {"angle": 45, "axis": "y", "origin": [6.75746, 20.62649, 8.32699]},
			"faces": {
				"north": {"uv": [4.125, 3.75, 10.75, 6.875], "texture": "#3"},
				"east": {"uv": [4.125, 3.75, 10.75, 6.875], "texture": "#3"},
				"south": {"uv": [4.125, 3.75, 10.75, 6.875], "texture": "#3"},
				"west": {"uv": [4.125, 3.75, 10.75, 6.875], "texture": "#3"},
				"up": {"uv": [4.125, 3.75, 10.75, 6.875], "texture": "#3"},
				"down": {"uv": [4.125, 3.75, 10.75, 6.875], "texture": "#3"}
			}
		},
		{
			"from": [6.76768, 22.87132, 7.62331],
			"to": [6.76768, 23.74871, 9.15765],
			"rotation": {"angle": 45, "axis": "y", "origin": [6.75746, 23.69097, 8.32699]},
			"faces": {
				"north": {"uv": [4.125, 6.875, 10.75, 3.75], "texture": "#3"},
				"east": {"uv": [4.125, 6.875, 10.75, 3.75], "texture": "#3"},
				"south": {"uv": [4.125, 6.875, 10.75, 3.75], "texture": "#3"},
				"west": {"uv": [4.125, 6.875, 10.75, 3.75], "texture": "#3"},
				"up": {"uv": [4.125, 6.875, 10.75, 3.75], "texture": "#3"},
				"down": {"uv": [4.125, 6.875, 10.75, 3.75], "texture": "#3"}
			}
		},
		{
			"from": [6.04241, 20.56875, 8.36465],
			"to": [7.57675, 21.44614, 8.36465],
			"rotation": {"angle": 0, "axis": "y", "origin": [6.80958, 21.00744, 8.36465]},
			"faces": {
				"north": {"uv": [4.125, 3.75, 10.75, 6.875], "texture": "#3"},
				"east": {"uv": [4.125, 3.75, 10.75, 6.875], "texture": "#3"},
				"south": {"uv": [4.125, 3.75, 10.75, 6.875], "texture": "#3"},
				"west": {"uv": [4.125, 3.75, 10.75, 6.875], "texture": "#3"},
				"up": {"uv": [4.125, 3.75, 10.75, 6.875], "rotation": 270, "texture": "#3"},
				"down": {"uv": [4.125, 3.75, 10.75, 6.875], "rotation": 90, "texture": "#3"}
			}
		},
		{
			"from": [6.04241, 22.87132, 8.36465],
			"to": [7.57675, 23.74871, 8.36465],
			"rotation": {"angle": 0, "axis": "y", "origin": [6.80958, 23.31002, 8.36465]},
			"faces": {
				"north": {"uv": [4.125, 6.875, 10.75, 3.75], "texture": "#3"},
				"east": {"uv": [4.125, 6.875, 10.75, 3.75], "texture": "#3"},
				"south": {"uv": [4.125, 6.875, 10.75, 3.75], "texture": "#3"},
				"west": {"uv": [4.125, 6.875, 10.75, 3.75], "texture": "#3"},
				"up": {"uv": [10.75, 3.75, 4.125, 6.875], "rotation": 90, "texture": "#3"},
				"down": {"uv": [10.75, 3.75, 4.125, 6.875], "rotation": 270, "texture": "#3"}
			}
		},
		{
			"from": [6.80958, 20.56875, 7.59749],
			"to": [6.80958, 21.44614, 9.13182],
			"rotation": {"angle": -45, "axis": "y", "origin": [6.80958, 21.00744, 8.36465]},
			"faces": {
				"north": {"uv": [4.125, 3.75, 10.75, 6.875], "texture": "#3"},
				"east": {"uv": [4.125, 3.75, 10.75, 6.875], "texture": "#3"},
				"south": {"uv": [4.125, 3.75, 10.75, 6.875], "texture": "#3"},
				"west": {"uv": [4.125, 3.75, 10.75, 6.875], "texture": "#3"},
				"up": {"uv": [4.125, 3.75, 10.75, 6.875], "texture": "#3"},
				"down": {"uv": [4.125, 3.75, 10.75, 6.875], "texture": "#3"}
			}
		},
		{
			"from": [6.80958, 22.87132, 7.59749],
			"to": [6.80958, 23.74871, 9.13182],
			"rotation": {"angle": -45, "axis": "y", "origin": [6.80958, 23.31002, 8.36465]},
			"faces": {
				"north": {"uv": [4.125, 6.875, 10.75, 3.75], "texture": "#3"},
				"east": {"uv": [4.125, 6.875, 10.75, 3.75], "texture": "#3"},
				"south": {"uv": [4.125, 6.875, 10.75, 3.75], "texture": "#3"},
				"west": {"uv": [4.125, 6.875, 10.75, 3.75], "texture": "#3"},
				"up": {"uv": [4.125, 6.875, 10.75, 3.75], "texture": "#3"},
				"down": {"uv": [4.125, 6.875, 10.75, 3.75], "texture": "#3"}
			}
		},
		{
			"from": [6.80958, 20.56875, 7.59749],
			"to": [6.80958, 21.44614, 9.13182],
			"rotation": {"angle": 0, "axis": "y", "origin": [6.80958, 21.00744, 8.36465]},
			"faces": {
				"north": {"uv": [4.125, 3.75, 10.75, 6.875], "texture": "#3"},
				"east": {"uv": [4.125, 3.75, 10.75, 6.875], "texture": "#3"},
				"south": {"uv": [4.125, 3.75, 10.75, 6.875], "texture": "#3"},
				"west": {"uv": [4.125, 3.75, 10.75, 6.875], "texture": "#3"},
				"up": {"uv": [4.125, 3.75, 10.75, 6.875], "texture": "#3"},
				"down": {"uv": [4.125, 3.75, 10.75, 6.875], "texture": "#3"}
			}
		},
		{
			"from": [6.80958, 22.87132, 7.59749],
			"to": [6.80958, 23.74871, 9.13182],
			"rotation": {"angle": 0, "axis": "y", "origin": [6.80958, 23.31002, 8.36465]},
			"faces": {
				"north": {"uv": [4.125, 6.875, 10.75, 3.75], "texture": "#3"},
				"east": {"uv": [4.125, 6.875, 10.75, 3.75], "texture": "#3"},
				"south": {"uv": [4.125, 6.875, 10.75, 3.75], "texture": "#3"},
				"west": {"uv": [4.125, 6.875, 10.75, 3.75], "texture": "#3"},
				"up": {"uv": [4.125, 6.875, 10.75, 3.75], "texture": "#3"},
				"down": {"uv": [4.125, 6.875, 10.75, 3.75], "texture": "#3"}
			}
		},
		{
			"from": [5.44014, 20.29325, 7.77156],
			"to": [8.07478, 20.65981, 8.88241],
			"rotation": {"angle": 0, "axis": "y", "origin": [41.74476, 36.38598, 43.31429]},
			"faces": {
				"north": {"uv": [1.5, 1.375, 1.5, 1.375], "texture": "#6"},
				"east": {"uv": [1.5, 1.375, 1.5, 1.375], "texture": "#6"},
				"south": {"uv": [1.5, 1.375, 1.5, 1.375], "texture": "#6"},
				"west": {"uv": [1.5, 1.375, 1.5, 1.375], "texture": "#6"},
				"up": {"uv": [1.5, 1.375, 1.5, 1.375], "texture": "#6"},
				"down": {"uv": [1.5, 1.375, 1.5, 1.375], "texture": "#6"}
			}
		},
		{
			"from": [5.49283, 20.10063, 7.79378],
			"to": [8.02209, 20.45252, 8.86019],
			"rotation": {"angle": 0, "axis": "y", "origin": [6.75746, 20.27658, 8.32699]},
			"faces": {
				"north": {"uv": [4.875, 7.625, 4.875, 7.625], "texture": "#6"},
				"east": {"uv": [4.875, 7.625, 4.875, 7.625], "texture": "#6"},
				"south": {"uv": [4.875, 7.625, 4.875, 7.625], "texture": "#6"},
				"west": {"uv": [4.875, 7.625, 4.875, 7.625], "texture": "#6"},
				"up": {"uv": [4.875, 7.625, 4.875, 7.625], "texture": "#6"},
				"down": {"uv": [4.875, 7.625, 4.875, 7.625], "texture": "#6"}
			}
		},
		{
			"from": [5.44014, 19.75492, 7.77156],
			"to": [8.07478, 20.25221, 8.88241],
			"rotation": {"angle": 0, "axis": "y", "origin": [41.74476, 36.38598, 43.31429]},
			"faces": {
				"north": {"uv": [1.5, 1.375, 1.5, 1.375], "texture": "#6"},
				"east": {"uv": [1.5, 1.375, 1.5, 1.375], "texture": "#6"},
				"south": {"uv": [1.5, 1.375, 1.5, 1.375], "texture": "#6"},
				"west": {"uv": [1.5, 1.375, 1.5, 1.375], "texture": "#6"},
				"up": {"uv": [1.5, 1.375, 1.5, 1.375], "texture": "#6"},
				"down": {"uv": [1.5, 1.375, 1.5, 1.375], "texture": "#6"}
			}
		},
		{
			"from": [5.44014, 23.61552, 7.77156],
			"to": [8.07478, 24.5204, 8.88241],
			"rotation": {"angle": 0, "axis": "y", "origin": [41.74476, 40.24658, 43.31429]},
			"faces": {
				"north": {"uv": [1.5, 1.375, 1.5, 1.375], "texture": "#6"},
				"east": {"uv": [1.5, 1.375, 1.5, 1.375], "texture": "#6"},
				"south": {"uv": [1.5, 1.375, 1.5, 1.375], "texture": "#6"},
				"west": {"uv": [1.5, 1.375, 1.5, 1.375], "texture": "#6"},
				"up": {"uv": [1.5, 1.375, 1.5, 1.375], "texture": "#6"},
				"down": {"uv": [1.5, 1.375, 1.5, 1.375], "texture": "#6"}
			}
		},
		{
			"from": [5.41379, 19.74587, 7.76045],
			"to": [8.10113, 19.86136, 8.89352],
			"rotation": {"angle": 0, "axis": "y", "origin": [42.44451, 36.70955, 44.01404]},
			"faces": {
				"north": {"uv": [3, 4.625, 3, 4.625], "texture": "#4"},
				"east": {"uv": [3, 4.625, 3, 4.625], "texture": "#4"},
				"south": {"uv": [3, 4.625, 3, 4.625], "texture": "#4"},
				"west": {"uv": [3, 4.625, 3, 4.625], "texture": "#4"},
				"up": {"uv": [3, 4.625, 3, 4.625], "texture": "#4"},
				"down": {"uv": [3, 4.625, 3, 4.625], "texture": "#4"}
			}
		},
		{
			"from": [5.41379, 23.60647, 7.76045],
			"to": [8.10113, 23.72196, 8.89352],
			"rotation": {"angle": 0, "axis": "y", "origin": [42.44451, 40.57015, 44.01404]},
			"faces": {
				"north": {"uv": [3, 4.625, 3, 4.625], "texture": "#4"},
				"east": {"uv": [3, 4.625, 3, 4.625], "texture": "#4"},
				"south": {"uv": [3, 4.625, 3, 4.625], "texture": "#4"},
				"west": {"uv": [3, 4.625, 3, 4.625], "texture": "#4"},
				"up": {"uv": [3, 4.625, 3, 4.625], "texture": "#4"},
				"down": {"uv": [3, 4.625, 3, 4.625], "texture": "#4"}
			}
		},
		{
			"from": [5.41379, 20.56875, 7.76045],
			"to": [8.10113, 20.68424, 8.89352],
			"rotation": {"angle": 0, "axis": "y", "origin": [42.44451, 37.53243, 44.01404]},
			"faces": {
				"north": {"uv": [3, 4.625, 3, 4.625], "texture": "#4"},
				"east": {"uv": [3, 4.625, 3, 4.625], "texture": "#4"},
				"south": {"uv": [3, 4.625, 3, 4.625], "texture": "#4"},
				"west": {"uv": [3, 4.625, 3, 4.625], "texture": "#4"},
				"up": {"uv": [3, 4.625, 3, 4.625], "texture": "#4"},
				"down": {"uv": [3, 4.625, 3, 4.625], "texture": "#4"}
			}
		},
		{
			"from": [5.41379, 24.42934, 7.76045],
			"to": [8.10113, 24.54483, 8.89352],
			"rotation": {"angle": 0, "axis": "y", "origin": [42.44451, 41.39302, 44.01404]},
			"faces": {
				"north": {"uv": [5.625, 4.375, 5.625, 4.375], "texture": "#4"},
				"east": {"uv": [5.625, 4.375, 5.625, 4.375], "texture": "#4"},
				"south": {"uv": [5.625, 4.375, 5.625, 4.375], "texture": "#4"},
				"west": {"uv": [5.625, 4.375, 5.625, 4.375], "texture": "#4"},
				"up": {"uv": [5.625, 4.375, 5.625, 4.375], "texture": "#4"},
				"down": {"uv": [5.625, 4.375, 5.625, 4.375], "texture": "#4"}
			}
		},
		{
			"from": [5.83398, 22.01614, 7.89597],
			"to": [6.75588, 22.951, 8.81788],
			"rotation": {"angle": 45, "axis": "z", "origin": [6.94853, 22.90839, 8.37585]},
			"faces": {
				"north": {"uv": [6, 2, 8, 4], "rotation": 90, "texture": "#4"},
				"east": {"uv": [6, 2, 8, 4], "texture": "#4"},
				"south": {"uv": [6, 2, 8, 4], "texture": "#4"},
				"west": {"uv": [6, 2, 8, 4], "texture": "#4"},
				"up": {"uv": [6, 2, 8, 4], "texture": "#4"},
				"down": {"uv": [6, 2, 8, 4], "texture": "#4"}
			}
		}
	],
	"gui_light": "front",
	"display": {
		"thirdperson_righthand": {
			"rotation": [0, 90, 0],
			"translation": [-0.75, -7.75, -0.25]
		},
		"thirdperson_lefthand": {
			"rotation": [0, -90, 0],
			"translation": [-0.25, -6.25, -0.25]
		},
		"firstperson_righthand": {
			"rotation": [0, 90, 0],
			"translation": [0, -4.5, 0]
		},
		"firstperson_lefthand": {
			"rotation": [0, 90, 0],
			"translation": [0, -4.5, 0],
			"scale": [-1, 1, 1]
		},
		"ground": {
			"translation": [1.5, 3, 0.25]
		},
		"gui": {
			"rotation": [0, 180, -45],
			"translation": [2.5, -3.5, 0],
			"scale": [0.7, 0.7, 1]
		},
		"head": {
			"translation": [5.25, -17.25, -1.75],
			"scale": [4, 4, 4]
		},
		"fixed": {
			"translation": [3.75, -19, -7],
			"scale": [4, 4, 4]
		}
	}
}