{
	"credit": "Made with Blockbench",
	"textures": {
		"1": "block/red_sandstone_top",
		"2": "block/gray_concrete_powder",
		"3": "block/snow",
		"4": "block/light_gray_concrete_powder",
		"particle": "block/magma"
	},
	"elements": [
		{
			"from": [9.75, 14, 8],
			"to": [10.41, 14.5, 8.132],
			"rotation": {"angle": 0, "axis": "y", "origin": [9.75, 14, 8]},
			"faces": {
				"north": {"uv": [0.1, 2.1, 0.1, 2.1], "texture": "#3"},
				"east": {"uv": [0.1, 2.1, 0.1, 2.1], "texture": "#3"},
				"south": {"uv": [0.1, 2.1, 0.1, 2.1], "texture": "#3"},
				"west": {"uv": [0.1, 2.1, 0.1, 2.1], "texture": "#3"},
				"up": {"uv": [0.1, 2.1, 0.1, 2.1], "texture": "#3"},
				"down": {"uv": [0.1, 2.1, 0.1, 2.1], "texture": "#3"}
			}
		},
		{
			"from": [7.75, 1, 7.95],
			"to": [8.25, 11, 8.05],
			"faces": {
				"north": {"uv": [0, 0, 1, 7.5], "texture": "#1"},
				"east": {"uv": [0, 0, 0.2, 7.5], "texture": "#1"},
				"south": {"uv": [0, 0, 1, 7.5], "texture": "#1"},
				"west": {"uv": [0, 0, 0.2, 7.5], "texture": "#1"},
				"up": {"uv": [0, 0, 1, 0.2], "texture": "#1"},
				"down": {"uv": [0, 0, 1, 0.2], "texture": "#1"}
			}
		},
		{
			"from": [7.75, 1, 7.95],
			"to": [8.25, 11, 8.05],
			"rotation": {"angle": -22.5, "axis": "y", "origin": [8, 8, 8]},
			"faces": {
				"north": {"uv": [0, 0, 1, 7.5], "texture": "#1"},
				"east": {"uv": [0, 0, 0.2, 7.5], "texture": "#1"},
				"south": {"uv": [0, 0, 1, 7.5], "texture": "#1"},
				"west": {"uv": [0, 0, 0.2, 7.5], "texture": "#1"},
				"up": {"uv": [0, 0, 1, 0.2], "texture": "#1"},
				"down": {"uv": [0, 0, 1, 0.2], "texture": "#1"}
			}
		},
		{
			"from": [7.75, 1, 7.95],
			"to": [8.25, 11, 8.05],
			"rotation": {"angle": -45, "axis": "y", "origin": [8, 8, 8]},
			"faces": {
				"north": {"uv": [0, 0, 1, 7.5], "texture": "#1"},
				"east": {"uv": [0, 0, 0.2, 7.5], "texture": "#1"},
				"south": {"uv": [0, 0, 1, 7.5], "texture": "#1"},
				"west": {"uv": [0, 0, 0.2, 7.5], "texture": "#1"},
				"up": {"uv": [0, 0, 1, 0.2], "texture": "#1"},
				"down": {"uv": [0, 0, 1, 0.2], "texture": "#1"}
			}
		},
		{
			"from": [7.95, 1, 7.75],
			"to": [8.05, 11, 8.25],
			"rotation": {"angle": 22.5, "axis": "y", "origin": [8, 8, 8]},
			"faces": {
				"north": {"uv": [0, 0, 0.2, 7.5], "texture": "#1"},
				"east": {"uv": [0, 0, 1, 7.5], "texture": "#1"},
				"south": {"uv": [0, 0, 0.2, 7.5], "texture": "#1"},
				"west": {"uv": [0, 0, 1, 7.5], "texture": "#1"},
				"up": {"uv": [0, 0, 1, 0.2], "rotation": 90, "texture": "#1"},
				"down": {"uv": [0, 0, 1, 0.2], "rotation": 270, "texture": "#1"}
			}
		},
		{
			"from": [7.95, 1, 7.75],
			"to": [8.05, 11, 8.25],
			"faces": {
				"north": {"uv": [0, 0, 0.2, 7.5], "texture": "#1"},
				"east": {"uv": [0, 0, 1, 7.5], "texture": "#1"},
				"south": {"uv": [0, 0, 0.2, 7.5], "texture": "#1"},
				"west": {"uv": [0, 0, 1, 7.5], "texture": "#1"},
				"up": {"uv": [0, 0, 1, 0.2], "rotation": 90, "texture": "#1"},
				"down": {"uv": [0, 0, 1, 0.2], "rotation": 270, "texture": "#1"}
			}
		},
		{
			"from": [7.95, 1, 7.75],
			"to": [8.05, 11, 8.25],
			"rotation": {"angle": -22.5, "axis": "y", "origin": [8, 8, 8]},
			"faces": {
				"north": {"uv": [0, 0, 0.2, 7.5], "texture": "#1"},
				"east": {"uv": [0, 0, 1, 7.5], "texture": "#1"},
				"south": {"uv": [0, 0, 0.2, 7.5], "texture": "#1"},
				"west": {"uv": [0, 0, 1, 7.5], "texture": "#1"},
				"up": {"uv": [0, 0, 1, 0.2], "rotation": 90, "texture": "#1"},
				"down": {"uv": [0, 0, 1, 0.2], "rotation": 270, "texture": "#1"}
			}
		},
		{
			"from": [7.95, 1, 7.75],
			"to": [8.05, 11, 8.25],
			"rotation": {"angle": -45, "axis": "y", "origin": [8, 8, 8]},
			"faces": {
				"north": {"uv": [0, 0, 0.2, 7.5], "texture": "#1"},
				"east": {"uv": [0, 0, 1, 7.5], "texture": "#1"},
				"south": {"uv": [0, 0, 0.2, 7.5], "texture": "#1"},
				"west": {"uv": [0, 0, 1, 7.5], "texture": "#1"},
				"up": {"uv": [0, 0, 1, 0.2], "rotation": 90, "texture": "#1"},
				"down": {"uv": [0, 0, 1, 0.2], "rotation": 270, "texture": "#1"}
			}
		},
		{
			"from": [7.75, 1, 7.95],
			"to": [8.25, 11, 8.05],
			"rotation": {"angle": 22.5, "axis": "y", "origin": [8, 8, 8]},
			"faces": {
				"north": {"uv": [0, 0, 1, 7.5], "texture": "#1"},
				"east": {"uv": [0, 0, 0.2, 7.5], "texture": "#1"},
				"south": {"uv": [0, 0, 1, 7.5], "texture": "#1"},
				"west": {"uv": [0, 0, 0.2, 7.5], "texture": "#1"},
				"up": {"uv": [0, 0, 1, 0.2], "rotation": 180, "texture": "#1"},
				"down": {"uv": [0, 0, 1, 0.2], "rotation": 180, "texture": "#1"}
			}
		},
		{
			"from": [7.688, 1.25, 7.9376],
			"to": [8.312, 1.4375, 8.0624],
			"rotation": {"angle": 0, "axis": "y", "origin": [8, 1.5625, 8]},
			"faces": {
				"north": {"uv": [0.1, 2.1, 0.1, 2.1], "texture": "#2"},
				"east": {"uv": [0.1, 2.1, 0.1, 2.1], "texture": "#2"},
				"south": {"uv": [0.1, 2.1, 0.1, 2.1], "texture": "#2"},
				"west": {"uv": [0.1, 2.1, 0.1, 2.1], "texture": "#2"},
				"up": {"uv": [0.1, 2.1, 0.1, 2.1], "texture": "#2"},
				"down": {"uv": [0.1, 2.1, 0.1, 2.1], "texture": "#2"}
			}
		},
		{
			"from": [7.688, 1.25, 7.9376],
			"to": [8.312, 1.4375, 8.0624],
			"rotation": {"angle": -22.5, "axis": "y", "origin": [8, 1.5625, 8]},
			"faces": {
				"north": {"uv": [0.1, 2.1, 0.1, 2.1], "texture": "#2"},
				"east": {"uv": [0.1, 2.1, 0.1, 2.1], "texture": "#2"},
				"south": {"uv": [0.1, 2.1, 0.1, 2.1], "texture": "#2"},
				"west": {"uv": [0.1, 2.1, 0.1, 2.1], "texture": "#2"},
				"up": {"uv": [0.1, 2.1, 0.1, 2.1], "texture": "#2"},
				"down": {"uv": [0.1, 2.1, 0.1, 2.1], "texture": "#2"}
			}
		},
		{
			"from": [7.688, 1.25, 7.9376],
			"to": [8.312, 1.4375, 8.0624],
			"rotation": {"angle": -45, "axis": "y", "origin": [8, 1.5625, 8]},
			"faces": {
				"north": {"uv": [0.1, 2.1, 0.1, 2.1], "texture": "#2"},
				"east": {"uv": [0.1, 2.1, 0.1, 2.1], "texture": "#2"},
				"south": {"uv": [0.1, 2.1, 0.1, 2.1], "texture": "#2"},
				"west": {"uv": [0.1, 2.1, 0.1, 2.1], "texture": "#2"},
				"up": {"uv": [0.1, 2.1, 0.1, 2.1], "texture": "#2"},
				"down": {"uv": [0.1, 2.1, 0.1, 2.1], "texture": "#2"}
			}
		},
		{
			"from": [7.9376, 1.25, 7.688],
			"to": [8.0624, 1.4375, 8.312],
			"rotation": {"angle": 22.5, "axis": "y", "origin": [8, 1.5625, 8]},
			"faces": {
				"north": {"uv": [0.1, 2.1, 0.1, 2.1], "texture": "#2"},
				"east": {"uv": [0.1, 2.1, 0.1, 2.1], "texture": "#2"},
				"south": {"uv": [0.1, 2.1, 0.1, 2.1], "texture": "#2"},
				"west": {"uv": [0.1, 2.1, 0.1, 2.1], "texture": "#2"},
				"up": {"uv": [0.1, 2.1, 0.1, 2.1], "texture": "#2"},
				"down": {"uv": [0.1, 2.1, 0.1, 2.1], "texture": "#2"}
			}
		},
		{
			"from": [7.9376, 1.25, 7.688],
			"to": [8.0624, 1.4375, 8.312],
			"rotation": {"angle": 0, "axis": "y", "origin": [8, 1.5625, 8]},
			"faces": {
				"north": {"uv": [0.1, 2.1, 0.1, 2.1], "texture": "#2"},
				"east": {"uv": [0.1, 2.1, 0.1, 2.1], "texture": "#2"},
				"south": {"uv": [0.1, 2.1, 0.1, 2.1], "texture": "#2"},
				"west": {"uv": [0.1, 2.1, 0.1, 2.1], "texture": "#2"},
				"up": {"uv": [0.1, 2.1, 0.1, 2.1], "texture": "#2"},
				"down": {"uv": [0.1, 2.1, 0.1, 2.1], "texture": "#2"}
			}
		},
		{
			"from": [7.9376, 1.25, 7.688],
			"to": [8.0624, 1.4375, 8.312],
			"rotation": {"angle": -22.5, "axis": "y", "origin": [8, 1.5625, 8]},
			"faces": {
				"north": {"uv": [0.1, 2.1, 0.1, 2.1], "texture": "#2"},
				"east": {"uv": [0.1, 2.1, 0.1, 2.1], "texture": "#2"},
				"south": {"uv": [0.1, 2.1, 0.1, 2.1], "texture": "#2"},
				"west": {"uv": [0.1, 2.1, 0.1, 2.1], "texture": "#2"},
				"up": {"uv": [0.1, 2.1, 0.1, 2.1], "texture": "#2"},
				"down": {"uv": [0.1, 2.1, 0.1, 2.1], "texture": "#2"}
			}
		},
		{
			"from": [7.9376, 1.25, 7.688],
			"to": [8.0624, 1.4375, 8.312],
			"rotation": {"angle": -45, "axis": "y", "origin": [8, 1.5625, 8]},
			"faces": {
				"north": {"uv": [0.1, 2.1, 0.1, 2.1], "texture": "#2"},
				"east": {"uv": [0.1, 2.1, 0.1, 2.1], "texture": "#2"},
				"south": {"uv": [0.1, 2.1, 0.1, 2.1], "texture": "#2"},
				"west": {"uv": [0.1, 2.1, 0.1, 2.1], "texture": "#2"},
				"up": {"uv": [0.1, 2.1, 0.1, 2.1], "texture": "#2"},
				"down": {"uv": [0.1, 2.1, 0.1, 2.1], "texture": "#2"}
			}
		},
		{
			"from": [7.688, 1.25, 7.9376],
			"to": [8.312, 1.4375, 8.0624],
			"rotation": {"angle": 22.5, "axis": "y", "origin": [8, 1.5625, 8]},
			"faces": {
				"north": {"uv": [0.1, 2.1, 0.1, 2.1], "texture": "#2"},
				"east": {"uv": [0.1, 2.1, 0.1, 2.1], "texture": "#2"},
				"south": {"uv": [0.1, 2.1, 0.1, 2.1], "texture": "#2"},
				"west": {"uv": [0.1, 2.1, 0.1, 2.1], "texture": "#2"},
				"up": {"uv": [0.1, 2.1, 0.1, 2.1], "texture": "#2"},
				"down": {"uv": [0.1, 2.1, 0.1, 2.1], "texture": "#2"}
			}
		},
		{
			"from": [7.61, 1.0625, 7.922],
			"to": [8.39, 1.25, 8.078],
			"rotation": {"angle": 0, "axis": "y", "origin": [8, 1.375, 8]},
			"faces": {
				"north": {"uv": [0.1, 2.1, 0.1, 2.1], "texture": "#2"},
				"east": {"uv": [0.1, 2.1, 0.1, 2.1], "texture": "#2"},
				"south": {"uv": [0.1, 2.1, 0.1, 2.1], "texture": "#2"},
				"west": {"uv": [0.1, 2.1, 0.1, 2.1], "texture": "#2"},
				"up": {"uv": [0.1, 2.1, 0.1, 2.1], "texture": "#2"},
				"down": {"uv": [0.1, 2.1, 0.1, 2.1], "texture": "#2"}
			}
		},
		{
			"from": [7.61, 1.0625, 7.922],
			"to": [8.39, 1.25, 8.078],
			"rotation": {"angle": -22.5, "axis": "y", "origin": [8, 1.375, 8]},
			"faces": {
				"north": {"uv": [0.1, 2.1, 0.1, 2.1], "texture": "#2"},
				"east": {"uv": [0.1, 2.1, 0.1, 2.1], "texture": "#2"},
				"south": {"uv": [0.1, 2.1, 0.1, 2.1], "texture": "#2"},
				"west": {"uv": [0.1, 2.1, 0.1, 2.1], "texture": "#2"},
				"up": {"uv": [0.1, 2.1, 0.1, 2.1], "texture": "#2"},
				"down": {"uv": [0.1, 2.1, 0.1, 2.1], "texture": "#2"}
			}
		},
		{
			"from": [7.61, 1.0625, 7.922],
			"to": [8.39, 1.25, 8.078],
			"rotation": {"angle": -45, "axis": "y", "origin": [8, 1.375, 8]},
			"faces": {
				"north": {"uv": [0.1, 2.1, 0.1, 2.1], "texture": "#2"},
				"east": {"uv": [0.1, 2.1, 0.1, 2.1], "texture": "#2"},
				"south": {"uv": [0.1, 2.1, 0.1, 2.1], "texture": "#2"},
				"west": {"uv": [0.1, 2.1, 0.1, 2.1], "texture": "#2"},
				"up": {"uv": [0.1, 2.1, 0.1, 2.1], "texture": "#2"},
				"down": {"uv": [0.1, 2.1, 0.1, 2.1], "texture": "#2"}
			}
		},
		{
			"from": [7.922, 1.0625, 7.61],
			"to": [8.078, 1.25, 8.39],
			"rotation": {"angle": 22.5, "axis": "y", "origin": [8, 1.375, 8]},
			"faces": {
				"north": {"uv": [0.1, 2.1, 0.1, 2.1], "texture": "#2"},
				"east": {"uv": [0.1, 2.1, 0.1, 2.1], "texture": "#2"},
				"south": {"uv": [0.1, 2.1, 0.1, 2.1], "texture": "#2"},
				"west": {"uv": [0.1, 2.1, 0.1, 2.1], "texture": "#2"},
				"up": {"uv": [0.1, 2.1, 0.1, 2.1], "texture": "#2"},
				"down": {"uv": [0.1, 2.1, 0.1, 2.1], "texture": "#2"}
			}
		},
		{
			"from": [7.922, 1.0625, 7.61],
			"to": [8.078, 1.25, 8.39],
			"rotation": {"angle": 0, "axis": "y", "origin": [8, 1.375, 8]},
			"faces": {
				"north": {"uv": [0.1, 2.1, 0.1, 2.1], "texture": "#2"},
				"east": {"uv": [0.1, 2.1, 0.1, 2.1], "texture": "#2"},
				"south": {"uv": [0.1, 2.1, 0.1, 2.1], "texture": "#2"},
				"west": {"uv": [0.1, 2.1, 0.1, 2.1], "texture": "#2"},
				"up": {"uv": [0.1, 2.1, 0.1, 2.1], "texture": "#2"},
				"down": {"uv": [0.1, 2.1, 0.1, 2.1], "texture": "#2"}
			}
		},
		{
			"from": [7.922, 1.0625, 7.61],
			"to": [8.078, 1.25, 8.39],
			"rotation": {"angle": -22.5, "axis": "y", "origin": [8, 1.375, 8]},
			"faces": {
				"north": {"uv": [0.1, 2.1, 0.1, 2.1], "texture": "#2"},
				"east": {"uv": [0.1, 2.1, 0.1, 2.1], "texture": "#2"},
				"south": {"uv": [0.1, 2.1, 0.1, 2.1], "texture": "#2"},
				"west": {"uv": [0.1, 2.1, 0.1, 2.1], "texture": "#2"},
				"up": {"uv": [0.1, 2.1, 0.1, 2.1], "texture": "#2"},
				"down": {"uv": [0.1, 2.1, 0.1, 2.1], "texture": "#2"}
			}
		},
		{
			"from": [7.922, 1.0625, 7.61],
			"to": [8.078, 1.25, 8.39],
			"rotation": {"angle": -45, "axis": "y", "origin": [8, 1.375, 8]},
			"faces": {
				"north": {"uv": [0.1, 2.1, 0.1, 2.1], "texture": "#2"},
				"east": {"uv": [0.1, 2.1, 0.1, 2.1], "texture": "#2"},
				"south": {"uv": [0.1, 2.1, 0.1, 2.1], "texture": "#2"},
				"west": {"uv": [0.1, 2.1, 0.1, 2.1], "texture": "#2"},
				"up": {"uv": [0.1, 2.1, 0.1, 2.1], "texture": "#2"},
				"down": {"uv": [0.1, 2.1, 0.1, 2.1], "texture": "#2"}
			}
		},
		{
			"from": [7.61, 1.0625, 7.922],
			"to": [8.39, 1.25, 8.078],
			"rotation": {"angle": 22.5, "axis": "y", "origin": [8, 1.375, 8]},
			"faces": {
				"north": {"uv": [0.1, 2.1, 0.1, 2.1], "texture": "#2"},
				"east": {"uv": [0.1, 2.1, 0.1, 2.1], "texture": "#2"},
				"south": {"uv": [0.1, 2.1, 0.1, 2.1], "texture": "#2"},
				"west": {"uv": [0.1, 2.1, 0.1, 2.1], "texture": "#2"},
				"up": {"uv": [0.1, 2.1, 0.1, 2.1], "texture": "#2"},
				"down": {"uv": [0.1, 2.1, 0.1, 2.1], "texture": "#2"}
			}
		},
		{
			"from": [7.5517, 0.5625, 7.91034],
			"to": [8.44831, 1.0625, 8.08966],
			"rotation": {"angle": 0, "axis": "y", "origin": [8, 1.4375, 8]},
			"faces": {
				"north": {"uv": [0.1, 2.1, 0.1, 2.1], "texture": "#2"},
				"east": {"uv": [0.1, 2.1, 0.1, 2.1], "texture": "#2"},
				"south": {"uv": [0.1, 2.1, 0.1, 2.1], "texture": "#2"},
				"west": {"uv": [0.1, 2.1, 0.1, 2.1], "texture": "#2"},
				"up": {"uv": [0.1, 2.1, 0.1, 2.1], "texture": "#2"},
				"down": {"uv": [0.1, 2.1, 0.1, 2.1], "texture": "#2"}
			}
		},
		{
			"from": [7.5517, 0.5625, 7.91034],
			"to": [8.44831, 1.0625, 8.08966],
			"rotation": {"angle": -22.5, "axis": "y", "origin": [8, 1.4375, 8]},
			"faces": {
				"north": {"uv": [0.1, 2.1, 0.1, 2.1], "texture": "#2"},
				"east": {"uv": [0.1, 2.1, 0.1, 2.1], "texture": "#2"},
				"south": {"uv": [0.1, 2.1, 0.1, 2.1], "texture": "#2"},
				"west": {"uv": [0.1, 2.1, 0.1, 2.1], "texture": "#2"},
				"up": {"uv": [0.1, 2.1, 0.1, 2.1], "texture": "#2"},
				"down": {"uv": [0.1, 2.1, 0.1, 2.1], "texture": "#2"}
			}
		},
		{
			"from": [7.5517, 0.5625, 7.91034],
			"to": [8.44831, 1.0625, 8.08966],
			"rotation": {"angle": -45, "axis": "y", "origin": [8, 1.4375, 8]},
			"faces": {
				"north": {"uv": [0.1, 2.1, 0.1, 2.1], "texture": "#2"},
				"east": {"uv": [0.1, 2.1, 0.1, 2.1], "texture": "#2"},
				"south": {"uv": [0.1, 2.1, 0.1, 2.1], "texture": "#2"},
				"west": {"uv": [0.1, 2.1, 0.1, 2.1], "texture": "#2"},
				"up": {"uv": [0.1, 2.1, 0.1, 2.1], "texture": "#2"},
				"down": {"uv": [0.1, 2.1, 0.1, 2.1], "texture": "#2"}
			}
		},
		{
			"from": [7.91034, 0.5625, 7.5517],
			"to": [8.08966, 1.0625, 8.44831],
			"rotation": {"angle": 22.5, "axis": "y", "origin": [8, 1.4375, 8]},
			"faces": {
				"north": {"uv": [0.1, 2.1, 0.1, 2.1], "texture": "#2"},
				"east": {"uv": [0.1, 2.1, 0.1, 2.1], "texture": "#2"},
				"south": {"uv": [0.1, 2.1, 0.1, 2.1], "texture": "#2"},
				"west": {"uv": [0.1, 2.1, 0.1, 2.1], "texture": "#2"},
				"up": {"uv": [0.1, 2.1, 0.1, 2.1], "texture": "#2"},
				"down": {"uv": [0.1, 2.1, 0.1, 2.1], "texture": "#2"}
			}
		},
		{
			"from": [7.91034, 0.5625, 7.5517],
			"to": [8.08966, 1.0625, 8.44831],
			"rotation": {"angle": 0, "axis": "y", "origin": [8, 1.4375, 8]},
			"faces": {
				"north": {"uv": [0.1, 2.1, 0.1, 2.1], "texture": "#2"},
				"east": {"uv": [0.1, 2.1, 0.1, 2.1], "texture": "#2"},
				"south": {"uv": [0.1, 2.1, 0.1, 2.1], "texture": "#2"},
				"west": {"uv": [0.1, 2.1, 0.1, 2.1], "texture": "#2"},
				"up": {"uv": [0.1, 2.1, 0.1, 2.1], "texture": "#2"},
				"down": {"uv": [0.1, 2.1, 0.1, 2.1], "texture": "#2"}
			}
		},
		{
			"from": [7.91034, 0.5625, 7.5517],
			"to": [8.08966, 1.0625, 8.44831],
			"rotation": {"angle": -22.5, "axis": "y", "origin": [8, 1.4375, 8]},
			"faces": {
				"north": {"uv": [0.1, 2.1, 0.1, 2.1], "texture": "#2"},
				"east": {"uv": [0.1, 2.1, 0.1, 2.1], "texture": "#2"},
				"south": {"uv": [0.1, 2.1, 0.1, 2.1], "texture": "#2"},
				"west": {"uv": [0.1, 2.1, 0.1, 2.1], "texture": "#2"},
				"up": {"uv": [0.1, 2.1, 0.1, 2.1], "texture": "#2"},
				"down": {"uv": [0.1, 2.1, 0.1, 2.1], "texture": "#2"}
			}
		},
		{
			"from": [7.91034, 0.5625, 7.5517],
			"to": [8.08966, 1.0625, 8.44831],
			"rotation": {"angle": -45, "axis": "y", "origin": [8, 1.4375, 8]},
			"faces": {
				"north": {"uv": [0.1, 2.1, 0.1, 2.1], "texture": "#2"},
				"east": {"uv": [0.1, 2.1, 0.1, 2.1], "texture": "#2"},
				"south": {"uv": [0.1, 2.1, 0.1, 2.1], "texture": "#2"},
				"west": {"uv": [0.1, 2.1, 0.1, 2.1], "texture": "#2"},
				"up": {"uv": [0.1, 2.1, 0.1, 2.1], "texture": "#2"},
				"down": {"uv": [0.1, 2.1, 0.1, 2.1], "texture": "#2"}
			}
		},
		{
			"from": [7.5517, 0.5625, 7.91034],
			"to": [8.44831, 1.0625, 8.08966],
			"rotation": {"angle": 22.5, "axis": "y", "origin": [8, 1.4375, 8]},
			"faces": {
				"north": {"uv": [0.1, 2.1, 0.1, 2.1], "texture": "#2"},
				"east": {"uv": [0.1, 2.1, 0.1, 2.1], "texture": "#2"},
				"south": {"uv": [0.1, 2.1, 0.1, 2.1], "texture": "#2"},
				"west": {"uv": [0.1, 2.1, 0.1, 2.1], "texture": "#2"},
				"up": {"uv": [0.1, 2.1, 0.1, 2.1], "texture": "#2"},
				"down": {"uv": [0.1, 2.1, 0.1, 2.1], "texture": "#2"}
			}
		},
		{
			"from": [7.5944, 10.8, 7.91888],
			"to": [8.4056, 11, 8.08112],
			"rotation": {"angle": 0, "axis": "y", "origin": [8, 10.95, 8]},
			"faces": {
				"north": {"uv": [0.1, 0.1, 0.1, 0.1], "texture": "#4"},
				"east": {"uv": [0.1, 0.1, 0.1, 0.1], "texture": "#4"},
				"south": {"uv": [0.1, 0.1, 0.1, 0.1], "texture": "#4"},
				"west": {"uv": [0.1, 0.1, 0.1, 0.1], "texture": "#4"},
				"up": {"uv": [0.1, 0.1, 0.1, 0.1], "texture": "#4"},
				"down": {"uv": [0.1, 0.1, 0.1, 0.1], "texture": "#4"}
			}
		},
		{
			"from": [7.5944, 10.8, 7.91888],
			"to": [8.4056, 11, 8.08112],
			"rotation": {"angle": -22.5, "axis": "y", "origin": [8, 10.95, 8]},
			"faces": {
				"north": {"uv": [0.1, 0.1, 0.1, 0.1], "texture": "#4"},
				"east": {"uv": [0.1, 0.1, 0.1, 0.1], "texture": "#4"},
				"south": {"uv": [0.1, 0.1, 0.1, 0.1], "texture": "#4"},
				"west": {"uv": [0.1, 0.1, 0.1, 0.1], "texture": "#4"},
				"up": {"uv": [0.1, 0.1, 0.1, 0.1], "texture": "#4"},
				"down": {"uv": [0.1, 0.1, 0.1, 0.1], "texture": "#4"}
			}
		},
		{
			"from": [7.5944, 10.8, 7.91888],
			"to": [8.4056, 11, 8.08112],
			"rotation": {"angle": -45, "axis": "y", "origin": [8, 10.95, 8]},
			"faces": {
				"north": {"uv": [0.1, 0.1, 0.1, 0.1], "texture": "#4"},
				"east": {"uv": [0.1, 0.1, 0.1, 0.1], "texture": "#4"},
				"south": {"uv": [0.1, 0.1, 0.1, 0.1], "texture": "#4"},
				"west": {"uv": [0.1, 0.1, 0.1, 0.1], "texture": "#4"},
				"up": {"uv": [0.1, 0.1, 0.1, 0.1], "texture": "#4"},
				"down": {"uv": [0.1, 0.1, 0.1, 0.1], "texture": "#4"}
			}
		},
		{
			"from": [7.91888, 10.8, 7.5944],
			"to": [8.08112, 11, 8.4056],
			"rotation": {"angle": 22.5, "axis": "y", "origin": [8, 10.95, 8]},
			"faces": {
				"north": {"uv": [0.1, 0.1, 0.1, 0.1], "texture": "#4"},
				"east": {"uv": [0.1, 0.1, 0.1, 0.1], "texture": "#4"},
				"south": {"uv": [0.1, 0.1, 0.1, 0.1], "texture": "#4"},
				"west": {"uv": [0.1, 0.1, 0.1, 0.1], "texture": "#4"},
				"up": {"uv": [0.1, 0.1, 0.1, 0.1], "texture": "#4"},
				"down": {"uv": [0.1, 0.1, 0.1, 0.1], "texture": "#4"}
			}
		},
		{
			"from": [7.91888, 10.8, 7.5944],
			"to": [8.08112, 11, 8.4056],
			"rotation": {"angle": 0, "axis": "y", "origin": [8, 10.95, 8]},
			"faces": {
				"north": {"uv": [0.1, 0.1, 0.1, 0.1], "texture": "#4"},
				"east": {"uv": [0.1, 0.1, 0.1, 0.1], "texture": "#4"},
				"south": {"uv": [0.1, 0.1, 0.1, 0.1], "texture": "#4"},
				"west": {"uv": [0.1, 0.1, 0.1, 0.1], "texture": "#4"},
				"up": {"uv": [0.1, 0.1, 0.1, 0.1], "texture": "#4"},
				"down": {"uv": [0.1, 0.1, 0.1, 0.1], "texture": "#4"}
			}
		},
		{
			"from": [7.91888, 10.8, 7.5944],
			"to": [8.08112, 11, 8.4056],
			"rotation": {"angle": -22.5, "axis": "y", "origin": [8, 10.95, 8]},
			"faces": {
				"north": {"uv": [0.1, 0.1, 0.1, 0.1], "texture": "#4"},
				"east": {"uv": [0.1, 0.1, 0.1, 0.1], "texture": "#4"},
				"south": {"uv": [0.1, 0.1, 0.1, 0.1], "texture": "#4"},
				"west": {"uv": [0.1, 0.1, 0.1, 0.1], "texture": "#4"},
				"up": {"uv": [0.1, 0.1, 0.1, 0.1], "texture": "#4"},
				"down": {"uv": [0.1, 0.1, 0.1, 0.1], "texture": "#4"}
			}
		},
		{
			"from": [7.91888, 10.8, 7.5944],
			"to": [8.08112, 11, 8.4056],
			"rotation": {"angle": -45, "axis": "y", "origin": [8, 10.95, 8]},
			"faces": {
				"north": {"uv": [0.1, 0.1, 0.1, 0.1], "texture": "#4"},
				"east": {"uv": [0.1, 0.1, 0.1, 0.1], "texture": "#4"},
				"south": {"uv": [0.1, 0.1, 0.1, 0.1], "texture": "#4"},
				"west": {"uv": [0.1, 0.1, 0.1, 0.1], "texture": "#4"},
				"up": {"uv": [0.1, 0.1, 0.1, 0.1], "texture": "#4"},
				"down": {"uv": [0.1, 0.1, 0.1, 0.1], "texture": "#4"}
			}
		},
		{
			"from": [7.5944, 10.8, 7.91888],
			"to": [8.4056, 11, 8.08112],
			"rotation": {"angle": 22.5, "axis": "y", "origin": [8, 10.95, 8]},
			"faces": {
				"north": {"uv": [0.1, 0.1, 0.1, 0.1], "texture": "#4"},
				"east": {"uv": [0.1, 0.1, 0.1, 0.1], "texture": "#4"},
				"south": {"uv": [0.1, 0.1, 0.1, 0.1], "texture": "#4"},
				"west": {"uv": [0.1, 0.1, 0.1, 0.1], "texture": "#4"},
				"up": {"uv": [0.1, 0.1, 0.1, 0.1], "texture": "#4"},
				"down": {"uv": [0.1, 0.1, 0.1, 0.1], "texture": "#4"}
			}
		},
		{
			"from": [7.688, 11, 7.9376],
			"to": [8.312, 14, 8.0624],
			"rotation": {"angle": 0, "axis": "y", "origin": [8, 11.15, 8]},
			"faces": {
				"north": {"uv": [0.1, 2.1, 0.1, 2.1], "texture": "#3"},
				"east": {"uv": [0.1, 2.1, 0.1, 2.1], "texture": "#3"},
				"south": {"uv": [0.1, 2.1, 0.1, 2.1], "texture": "#3"},
				"west": {"uv": [0.1, 2.1, 0.1, 2.1], "texture": "#3"},
				"up": {"uv": [0.1, 2.1, 0.1, 2.1], "texture": "#3"},
				"down": {"uv": [0.1, 2.1, 0.1, 2.1], "texture": "#3"}
			}
		},
		{
			"from": [7.688, 11, 7.9376],
			"to": [8.312, 14, 8.0624],
			"rotation": {"angle": -22.5, "axis": "y", "origin": [8, 11.15, 8]},
			"faces": {
				"north": {"uv": [0.1, 2.1, 0.1, 2.1], "texture": "#3"},
				"east": {"uv": [0.1, 2.1, 0.1, 2.1], "texture": "#3"},
				"south": {"uv": [0.1, 2.1, 0.1, 2.1], "texture": "#3"},
				"west": {"uv": [0.1, 2.1, 0.1, 2.1], "texture": "#3"},
				"up": {"uv": [0.1, 2.1, 0.1, 2.1], "texture": "#3"},
				"down": {"uv": [0.1, 2.1, 0.1, 2.1], "texture": "#3"}
			}
		},
		{
			"from": [7.688, 11, 7.9376],
			"to": [8.312, 14, 8.0624],
			"rotation": {"angle": -45, "axis": "y", "origin": [8, 11.15, 8]},
			"faces": {
				"north": {"uv": [0.1, 2.1, 0.1, 2.1], "texture": "#3"},
				"east": {"uv": [0.1, 2.1, 0.1, 2.1], "texture": "#3"},
				"south": {"uv": [0.1, 2.1, 0.1, 2.1], "texture": "#3"},
				"west": {"uv": [0.1, 2.1, 0.1, 2.1], "texture": "#3"},
				"up": {"uv": [0.1, 2.1, 0.1, 2.1], "texture": "#3"},
				"down": {"uv": [0.1, 2.1, 0.1, 2.1], "texture": "#3"}
			}
		},
		{
			"from": [7.9376, 11, 7.688],
			"to": [8.0624, 14, 8.312],
			"rotation": {"angle": 22.5, "axis": "y", "origin": [8, 11.15, 8]},
			"faces": {
				"north": {"uv": [0.1, 2.1, 0.1, 2.1], "texture": "#3"},
				"east": {"uv": [0.1, 2.1, 0.1, 2.1], "texture": "#3"},
				"south": {"uv": [0.1, 2.1, 0.1, 2.1], "texture": "#3"},
				"west": {"uv": [0.1, 2.1, 0.1, 2.1], "texture": "#3"},
				"up": {"uv": [0.1, 2.1, 0.1, 2.1], "texture": "#3"},
				"down": {"uv": [0.1, 2.1, 0.1, 2.1], "texture": "#3"}
			}
		},
		{
			"from": [7.9376, 11, 7.688],
			"to": [8.0624, 14, 8.312],
			"rotation": {"angle": 0, "axis": "y", "origin": [8, 11.15, 8]},
			"faces": {
				"north": {"uv": [0.1, 2.1, 0.1, 2.1], "texture": "#3"},
				"east": {"uv": [0.1, 2.1, 0.1, 2.1], "texture": "#3"},
				"south": {"uv": [0.1, 2.1, 0.1, 2.1], "texture": "#3"},
				"west": {"uv": [0.1, 2.1, 0.1, 2.1], "texture": "#3"},
				"up": {"uv": [0.1, 2.1, 0.1, 2.1], "texture": "#3"},
				"down": {"uv": [0.1, 2.1, 0.1, 2.1], "texture": "#3"}
			}
		},
		{
			"from": [7.9376, 11, 7.688],
			"to": [8.0624, 14, 8.312],
			"rotation": {"angle": -22.5, "axis": "y", "origin": [8, 11.15, 8]},
			"faces": {
				"north": {"uv": [0.1, 2.1, 0.1, 2.1], "texture": "#3"},
				"east": {"uv": [0.1, 2.1, 0.1, 2.1], "texture": "#3"},
				"south": {"uv": [0.1, 2.1, 0.1, 2.1], "texture": "#3"},
				"west": {"uv": [0.1, 2.1, 0.1, 2.1], "texture": "#3"},
				"up": {"uv": [0.1, 2.1, 0.1, 2.1], "texture": "#3"},
				"down": {"uv": [0.1, 2.1, 0.1, 2.1], "texture": "#3"}
			}
		},
		{
			"from": [7.9376, 11, 7.688],
			"to": [8.0624, 14, 8.312],
			"rotation": {"angle": -45, "axis": "y", "origin": [8, 11.15, 8]},
			"faces": {
				"north": {"uv": [0.1, 2.1, 0.1, 2.1], "texture": "#3"},
				"east": {"uv": [0.1, 2.1, 0.1, 2.1], "texture": "#3"},
				"south": {"uv": [0.1, 2.1, 0.1, 2.1], "texture": "#3"},
				"west": {"uv": [0.1, 2.1, 0.1, 2.1], "texture": "#3"},
				"up": {"uv": [0.1, 2.1, 0.1, 2.1], "texture": "#3"},
				"down": {"uv": [0.1, 2.1, 0.1, 2.1], "texture": "#3"}
			}
		},
		{
			"from": [7.688, 11, 7.9376],
			"to": [8.312, 14, 8.0624],
			"rotation": {"angle": 22.5, "axis": "y", "origin": [8, 11.15, 8]},
			"faces": {
				"north": {"uv": [0.1, 2.1, 0.1, 2.1], "texture": "#3"},
				"east": {"uv": [0.1, 2.1, 0.1, 2.1], "texture": "#3"},
				"south": {"uv": [0.1, 2.1, 0.1, 2.1], "texture": "#3"},
				"west": {"uv": [0.1, 2.1, 0.1, 2.1], "texture": "#3"},
				"up": {"uv": [0.1, 2.1, 0.1, 2.1], "texture": "#3"},
				"down": {"uv": [0.1, 2.1, 0.1, 2.1], "texture": "#3"}
			}
		},
		{
			"from": [7.63496, 11.3, 7.92699],
			"to": [8.36504, 11.4, 8.07301],
			"rotation": {"angle": 0, "axis": "y", "origin": [8, 11.45, 8]},
			"faces": {
				"north": {"uv": [2.1, 2.1, 2.1, 2.1], "texture": "#4"},
				"east": {"uv": [2.1, 2.1, 2.1, 2.1], "texture": "#4"},
				"south": {"uv": [2.1, 2.1, 2.1, 2.1], "texture": "#4"},
				"west": {"uv": [2.1, 2.1, 2.1, 2.1], "texture": "#4"},
				"up": {"uv": [2.1, 2.1, 2.1, 2.1], "texture": "#4"},
				"down": {"uv": [2.1, 2.1, 2.1, 2.1], "texture": "#4"}
			}
		},
		{
			"from": [7.63496, 11.3, 7.92699],
			"to": [8.36504, 11.4, 8.07301],
			"rotation": {"angle": -22.5, "axis": "y", "origin": [8, 11.45, 8]},
			"faces": {
				"north": {"uv": [2.1, 2.1, 2.1, 2.1], "texture": "#4"},
				"east": {"uv": [2.1, 2.1, 2.1, 2.1], "texture": "#4"},
				"south": {"uv": [2.1, 2.1, 2.1, 2.1], "texture": "#4"},
				"west": {"uv": [2.1, 2.1, 2.1, 2.1], "texture": "#4"},
				"up": {"uv": [2.1, 2.1, 2.1, 2.1], "texture": "#4"},
				"down": {"uv": [2.1, 2.1, 2.1, 2.1], "texture": "#4"}
			}
		},
		{
			"from": [7.63496, 11.3, 7.92699],
			"to": [8.36504, 11.4, 8.07301],
			"rotation": {"angle": -45, "axis": "y", "origin": [8, 11.45, 8]},
			"faces": {
				"north": {"uv": [2.1, 2.1, 2.1, 2.1], "texture": "#4"},
				"east": {"uv": [2.1, 2.1, 2.1, 2.1], "texture": "#4"},
				"south": {"uv": [2.1, 2.1, 2.1, 2.1], "texture": "#4"},
				"west": {"uv": [2.1, 2.1, 2.1, 2.1], "texture": "#4"},
				"up": {"uv": [2.1, 2.1, 2.1, 2.1], "texture": "#4"},
				"down": {"uv": [2.1, 2.1, 2.1, 2.1], "texture": "#4"}
			}
		},
		{
			"from": [7.92699, 11.3, 7.63496],
			"to": [8.07301, 11.4, 8.36504],
			"rotation": {"angle": 22.5, "axis": "y", "origin": [8, 11.45, 8]},
			"faces": {
				"north": {"uv": [2.1, 2.1, 2.1, 2.1], "texture": "#4"},
				"east": {"uv": [2.1, 2.1, 2.1, 2.1], "texture": "#4"},
				"south": {"uv": [2.1, 2.1, 2.1, 2.1], "texture": "#4"},
				"west": {"uv": [2.1, 2.1, 2.1, 2.1], "texture": "#4"},
				"up": {"uv": [2.1, 2.1, 2.1, 2.1], "texture": "#4"},
				"down": {"uv": [2.1, 2.1, 2.1, 2.1], "texture": "#4"}
			}
		},
		{
			"from": [7.92699, 11.3, 7.63496],
			"to": [8.07301, 11.4, 8.36504],
			"rotation": {"angle": 0, "axis": "y", "origin": [8, 11.45, 8]},
			"faces": {
				"north": {"uv": [2.1, 2.1, 2.1, 2.1], "texture": "#4"},
				"east": {"uv": [2.1, 2.1, 2.1, 2.1], "texture": "#4"},
				"south": {"uv": [2.1, 2.1, 2.1, 2.1], "texture": "#4"},
				"west": {"uv": [2.1, 2.1, 2.1, 2.1], "texture": "#4"},
				"up": {"uv": [2.1, 2.1, 2.1, 2.1], "texture": "#4"},
				"down": {"uv": [2.1, 2.1, 2.1, 2.1], "texture": "#4"}
			}
		},
		{
			"from": [7.92699, 11.3, 7.63496],
			"to": [8.07301, 11.4, 8.36504],
			"rotation": {"angle": -22.5, "axis": "y", "origin": [8, 11.45, 8]},
			"faces": {
				"north": {"uv": [2.1, 2.1, 2.1, 2.1], "texture": "#4"},
				"east": {"uv": [2.1, 2.1, 2.1, 2.1], "texture": "#4"},
				"south": {"uv": [2.1, 2.1, 2.1, 2.1], "texture": "#4"},
				"west": {"uv": [2.1, 2.1, 2.1, 2.1], "texture": "#4"},
				"up": {"uv": [2.1, 2.1, 2.1, 2.1], "texture": "#4"},
				"down": {"uv": [2.1, 2.1, 2.1, 2.1], "texture": "#4"}
			}
		},
		{
			"from": [7.92699, 11.3, 7.63496],
			"to": [8.07301, 11.4, 8.36504],
			"rotation": {"angle": -45, "axis": "y", "origin": [8, 11.45, 8]},
			"faces": {
				"north": {"uv": [2.1, 2.1, 2.1, 2.1], "texture": "#4"},
				"east": {"uv": [2.1, 2.1, 2.1, 2.1], "texture": "#4"},
				"south": {"uv": [2.1, 2.1, 2.1, 2.1], "texture": "#4"},
				"west": {"uv": [2.1, 2.1, 2.1, 2.1], "texture": "#4"},
				"up": {"uv": [2.1, 2.1, 2.1, 2.1], "texture": "#4"},
				"down": {"uv": [2.1, 2.1, 2.1, 2.1], "texture": "#4"}
			}
		},
		{
			"from": [7.63496, 11.3, 7.92699],
			"to": [8.36504, 11.4, 8.07301],
			"rotation": {"angle": 22.5, "axis": "y", "origin": [8, 11.45, 8]},
			"faces": {
				"north": {"uv": [2.1, 2.1, 2.1, 2.1], "texture": "#4"},
				"east": {"uv": [2.1, 2.1, 2.1, 2.1], "texture": "#4"},
				"south": {"uv": [2.1, 2.1, 2.1, 2.1], "texture": "#4"},
				"west": {"uv": [2.1, 2.1, 2.1, 2.1], "texture": "#4"},
				"up": {"uv": [2.1, 2.1, 2.1, 2.1], "texture": "#4"},
				"down": {"uv": [2.1, 2.1, 2.1, 2.1], "texture": "#4"}
			}
		},
		{
			"from": [7.63496, 11.55, 7.92699],
			"to": [8.36504, 11.65, 8.07301],
			"rotation": {"angle": 0, "axis": "y", "origin": [8, 11.7, 8]},
			"faces": {
				"north": {"uv": [2.1, 2.1, 2.1, 2.1], "texture": "#4"},
				"east": {"uv": [2.1, 2.1, 2.1, 2.1], "texture": "#4"},
				"south": {"uv": [2.1, 2.1, 2.1, 2.1], "texture": "#4"},
				"west": {"uv": [2.1, 2.1, 2.1, 2.1], "texture": "#4"},
				"up": {"uv": [2.1, 2.1, 2.1, 2.1], "texture": "#4"},
				"down": {"uv": [2.1, 2.1, 2.1, 2.1], "texture": "#4"}
			}
		},
		{
			"from": [7.63496, 11.55, 7.92699],
			"to": [8.36504, 11.65, 8.07301],
			"rotation": {"angle": -22.5, "axis": "y", "origin": [8, 11.7, 8]},
			"faces": {
				"north": {"uv": [2.1, 2.1, 2.1, 2.1], "texture": "#4"},
				"east": {"uv": [2.1, 2.1, 2.1, 2.1], "texture": "#4"},
				"south": {"uv": [2.1, 2.1, 2.1, 2.1], "texture": "#4"},
				"west": {"uv": [2.1, 2.1, 2.1, 2.1], "texture": "#4"},
				"up": {"uv": [2.1, 2.1, 2.1, 2.1], "texture": "#4"},
				"down": {"uv": [2.1, 2.1, 2.1, 2.1], "texture": "#4"}
			}
		},
		{
			"from": [7.63496, 11.55, 7.92699],
			"to": [8.36504, 11.65, 8.07301],
			"rotation": {"angle": -45, "axis": "y", "origin": [8, 11.7, 8]},
			"faces": {
				"north": {"uv": [2.1, 2.1, 2.1, 2.1], "texture": "#4"},
				"east": {"uv": [2.1, 2.1, 2.1, 2.1], "texture": "#4"},
				"south": {"uv": [2.1, 2.1, 2.1, 2.1], "texture": "#4"},
				"west": {"uv": [2.1, 2.1, 2.1, 2.1], "texture": "#4"},
				"up": {"uv": [2.1, 2.1, 2.1, 2.1], "texture": "#4"},
				"down": {"uv": [2.1, 2.1, 2.1, 2.1], "texture": "#4"}
			}
		},
		{
			"from": [7.92699, 11.55, 7.63496],
			"to": [8.07301, 11.65, 8.36504],
			"rotation": {"angle": 22.5, "axis": "y", "origin": [8, 11.7, 8]},
			"faces": {
				"north": {"uv": [2.1, 2.1, 2.1, 2.1], "texture": "#4"},
				"east": {"uv": [2.1, 2.1, 2.1, 2.1], "texture": "#4"},
				"south": {"uv": [2.1, 2.1, 2.1, 2.1], "texture": "#4"},
				"west": {"uv": [2.1, 2.1, 2.1, 2.1], "texture": "#4"},
				"up": {"uv": [2.1, 2.1, 2.1, 2.1], "texture": "#4"},
				"down": {"uv": [2.1, 2.1, 2.1, 2.1], "texture": "#4"}
			}
		},
		{
			"from": [7.92699, 11.55, 7.63496],
			"to": [8.07301, 11.65, 8.36504],
			"rotation": {"angle": 0, "axis": "y", "origin": [8, 11.7, 8]},
			"faces": {
				"north": {"uv": [2.1, 2.1, 2.1, 2.1], "texture": "#4"},
				"east": {"uv": [2.1, 2.1, 2.1, 2.1], "texture": "#4"},
				"south": {"uv": [2.1, 2.1, 2.1, 2.1], "texture": "#4"},
				"west": {"uv": [2.1, 2.1, 2.1, 2.1], "texture": "#4"},
				"up": {"uv": [2.1, 2.1, 2.1, 2.1], "texture": "#4"},
				"down": {"uv": [2.1, 2.1, 2.1, 2.1], "texture": "#4"}
			}
		},
		{
			"from": [7.92699, 11.55, 7.63496],
			"to": [8.07301, 11.65, 8.36504],
			"rotation": {"angle": -22.5, "axis": "y", "origin": [8, 11.7, 8]},
			"faces": {
				"north": {"uv": [2.1, 2.1, 2.1, 2.1], "texture": "#4"},
				"east": {"uv": [2.1, 2.1, 2.1, 2.1], "texture": "#4"},
				"south": {"uv": [2.1, 2.1, 2.1, 2.1], "texture": "#4"},
				"west": {"uv": [2.1, 2.1, 2.1, 2.1], "texture": "#4"},
				"up": {"uv": [2.1, 2.1, 2.1, 2.1], "texture": "#4"},
				"down": {"uv": [2.1, 2.1, 2.1, 2.1], "texture": "#4"}
			}
		},
		{
			"from": [7.92699, 11.55, 7.63496],
			"to": [8.07301, 11.65, 8.36504],
			"rotation": {"angle": -45, "axis": "y", "origin": [8, 11.7, 8]},
			"faces": {
				"north": {"uv": [2.1, 2.1, 2.1, 2.1], "texture": "#4"},
				"east": {"uv": [2.1, 2.1, 2.1, 2.1], "texture": "#4"},
				"south": {"uv": [2.1, 2.1, 2.1, 2.1], "texture": "#4"},
				"west": {"uv": [2.1, 2.1, 2.1, 2.1], "texture": "#4"},
				"up": {"uv": [2.1, 2.1, 2.1, 2.1], "texture": "#4"},
				"down": {"uv": [2.1, 2.1, 2.1, 2.1], "texture": "#4"}
			}
		},
		{
			"from": [7.63496, 11.55, 7.92699],
			"to": [8.36504, 11.65, 8.07301],
			"rotation": {"angle": 22.5, "axis": "y", "origin": [8, 11.7, 8]},
			"faces": {
				"north": {"uv": [2.1, 2.1, 2.1, 2.1], "texture": "#4"},
				"east": {"uv": [2.1, 2.1, 2.1, 2.1], "texture": "#4"},
				"south": {"uv": [2.1, 2.1, 2.1, 2.1], "texture": "#4"},
				"west": {"uv": [2.1, 2.1, 2.1, 2.1], "texture": "#4"},
				"up": {"uv": [2.1, 2.1, 2.1, 2.1], "texture": "#4"},
				"down": {"uv": [2.1, 2.1, 2.1, 2.1], "texture": "#4"}
			}
		},
		{
			"from": [6.128, 14, 7.6256],
			"to": [9.872, 14.25, 8.3744],
			"rotation": {"angle": 0, "axis": "y", "origin": [8, 11.15, 8]},
			"faces": {
				"north": {"uv": [0.1, 2.1, 0.1, 2.1], "texture": "#3"},
				"east": {"uv": [0.1, 2.1, 0.1, 2.1], "texture": "#3"},
				"south": {"uv": [0.1, 2.1, 0.1, 2.1], "texture": "#3"},
				"west": {"uv": [0.1, 2.1, 0.1, 2.1], "texture": "#3"},
				"up": {"uv": [0.1, 2.1, 0.1, 2.1], "texture": "#3"},
				"down": {"uv": [0.1, 2.1, 0.1, 2.1], "texture": "#3"}
			}
		},
		{
			"from": [6.128, 14, 7.6256],
			"to": [9.872, 14.25, 8.3744],
			"rotation": {"angle": -22.5, "axis": "y", "origin": [8, 11.15, 8]},
			"faces": {
				"north": {"uv": [0.1, 2.1, 0.1, 2.1], "texture": "#3"},
				"east": {"uv": [0.1, 2.1, 0.1, 2.1], "texture": "#3"},
				"south": {"uv": [0.1, 2.1, 0.1, 2.1], "texture": "#3"},
				"west": {"uv": [0.1, 2.1, 0.1, 2.1], "texture": "#3"},
				"up": {"uv": [0.1, 2.1, 0.1, 2.1], "texture": "#3"},
				"down": {"uv": [0.1, 2.1, 0.1, 2.1], "texture": "#3"}
			}
		},
		{
			"from": [6.128, 14, 7.6256],
			"to": [9.872, 14.25, 8.3744],
			"rotation": {"angle": -45, "axis": "y", "origin": [8, 11.15, 8]},
			"faces": {
				"north": {"uv": [0.1, 2.1, 0.1, 2.1], "texture": "#3"},
				"east": {"uv": [0.1, 2.1, 0.1, 2.1], "texture": "#3"},
				"south": {"uv": [0.1, 2.1, 0.1, 2.1], "texture": "#3"},
				"west": {"uv": [0.1, 2.1, 0.1, 2.1], "texture": "#3"},
				"up": {"uv": [0.1, 2.1, 0.1, 2.1], "texture": "#3"},
				"down": {"uv": [0.1, 2.1, 0.1, 2.1], "texture": "#3"}
			}
		},
		{
			"from": [7.6256, 14, 6.128],
			"to": [8.3744, 14.25, 9.872],
			"rotation": {"angle": 22.5, "axis": "y", "origin": [8, 11.15, 8]},
			"faces": {
				"north": {"uv": [0.1, 2.1, 0.1, 2.1], "texture": "#3"},
				"east": {"uv": [0.1, 2.1, 0.1, 2.1], "texture": "#3"},
				"south": {"uv": [0.1, 2.1, 0.1, 2.1], "texture": "#3"},
				"west": {"uv": [0.1, 2.1, 0.1, 2.1], "texture": "#3"},
				"up": {"uv": [0.1, 2.1, 0.1, 2.1], "texture": "#3"},
				"down": {"uv": [0.1, 2.1, 0.1, 2.1], "texture": "#3"}
			}
		},
		{
			"from": [7.6256, 14, 6.128],
			"to": [8.3744, 14.25, 9.872],
			"rotation": {"angle": 0, "axis": "y", "origin": [8, 11.15, 8]},
			"faces": {
				"north": {"uv": [0.1, 2.1, 0.1, 2.1], "texture": "#3"},
				"east": {"uv": [0.1, 2.1, 0.1, 2.1], "texture": "#3"},
				"south": {"uv": [0.1, 2.1, 0.1, 2.1], "texture": "#3"},
				"west": {"uv": [0.1, 2.1, 0.1, 2.1], "texture": "#3"},
				"up": {"uv": [0.1, 2.1, 0.1, 2.1], "texture": "#3"},
				"down": {"uv": [0.1, 2.1, 0.1, 2.1], "texture": "#3"}
			}
		},
		{
			"from": [7.6256, 14, 6.128],
			"to": [8.3744, 14.25, 9.872],
			"rotation": {"angle": -22.5, "axis": "y", "origin": [8, 11.15, 8]},
			"faces": {
				"north": {"uv": [0.1, 2.1, 0.1, 2.1], "texture": "#3"},
				"east": {"uv": [0.1, 2.1, 0.1, 2.1], "texture": "#3"},
				"south": {"uv": [0.1, 2.1, 0.1, 2.1], "texture": "#3"},
				"west": {"uv": [0.1, 2.1, 0.1, 2.1], "texture": "#3"},
				"up": {"uv": [0.1, 2.1, 0.1, 2.1], "texture": "#3"},
				"down": {"uv": [0.1, 2.1, 0.1, 2.1], "texture": "#3"}
			}
		},
		{
			"from": [7.6256, 14, 6.128],
			"to": [8.3744, 14.25, 9.872],
			"rotation": {"angle": -45, "axis": "y", "origin": [8, 11.15, 8]},
			"faces": {
				"north": {"uv": [0.1, 2.1, 0.1, 2.1], "texture": "#3"},
				"east": {"uv": [0.1, 2.1, 0.1, 2.1], "texture": "#3"},
				"south": {"uv": [0.1, 2.1, 0.1, 2.1], "texture": "#3"},
				"west": {"uv": [0.1, 2.1, 0.1, 2.1], "texture": "#3"},
				"up": {"uv": [0.1, 2.1, 0.1, 2.1], "texture": "#3"},
				"down": {"uv": [0.1, 2.1, 0.1, 2.1], "texture": "#3"}
			}
		},
		{
			"from": [6.128, 14, 7.6256],
			"to": [9.872, 14.25, 8.3744],
			"rotation": {"angle": 22.5, "axis": "y", "origin": [8, 11.15, 8]},
			"faces": {
				"north": {"uv": [0.1, 2.1, 0.1, 2.1], "texture": "#3"},
				"east": {"uv": [0.1, 2.1, 0.1, 2.1], "texture": "#3"},
				"south": {"uv": [0.1, 2.1, 0.1, 2.1], "texture": "#3"},
				"west": {"uv": [0.1, 2.1, 0.1, 2.1], "texture": "#3"},
				"up": {"uv": [0.1, 2.1, 0.1, 2.1], "texture": "#3"},
				"down": {"uv": [0.1, 2.1, 0.1, 2.1], "texture": "#3"}
			}
		}
	],
	"display": {},
	"groups": [
		{
			"name": "group",
			"origin": [8, 8, 8],
			"children": [0]
		},
		{
			"name": "group",
			"origin": [8, 8, 8],
			"children": [1, 2, 3, 4, 5, 6, 7, 8]
		},
		{
			"name": "group",
			"origin": [8, 8, 8],
			"children": [9, 10, 11, 12, 13, 14, 15, 16]
		},
		{
			"name": "group",
			"origin": [8, 8, 8],
			"children": [17, 18, 19, 20, 21, 22, 23, 24]
		},
		{
			"name": "group",
			"origin": [8, 8, 8],
			"children": [25, 26, 27, 28, 29, 30, 31, 32]
		},
		{
			"name": "group",
			"origin": [8, 8, 8],
			"children": [33, 34, 35, 36, 37, 38, 39, 40]
		},
		{
			"name": "group",
			"origin": [8, 8, 8],
			"children": [41, 42, 43, 44, 45, 46, 47, 48]
		},
		{
			"name": "group",
			"origin": [8, 8, 8],
			"children": [49, 50, 51, 52, 53, 54, 55, 56]
		},
		{
			"name": "group",
			"origin": [8, 8, 8],
			"children": [57, 58, 59, 60, 61, 62, 63, 64]
		},
		{
			"name": "group",
			"origin": [8, 8, 8],
			"children": [65, 66, 67, 68, 69, 70, 71, 72]
		}
	]
}